Refinery Knowledge Layer v0.2.0

--max-pages 20: extraction limited to chunks starting on pages 1-20
Found 1 document(s) to process
  -> CDU operating manual.pdf (2.7 MB)

============================================================
Processing: CDU operating manual.pdf
============================================================
Phase 1: Parsing -- skipped (checkpoint)

Phase 2: Normalizing...
[09/09/26 22:48:16] INFO     Normalizing document: CDU        normalizer.py:127
                             operating manual                                  
                    INFO     Found 418 page-template tables   normalizer.py:136
                             (header/footer boxes)                             
                    INFO     Chapter numbers recovered for    normalizer.py:139
                             418 pages (30 chapters)                           
                    INFO     Normalized CDU operating manual: normalizer.py:271
                             kept 7174/7732 elements,                          
                             filtered 558 in 0.5s                              
                    INFO     Checkpoint: CDU operating manual  checkpoint.py:90
                             phase normalizing complete                        
  [OK] Normalized: kept 7174/7732 elements

Phase 3: Classifying tables...
                    INFO     Classifying 814 tables in  table_classifier.py:157
                             CDU operating manual                              
                    INFO     418 tables detected as     table_classifier.py:172
                             repeating page-template                           
                             boxes                                             
[09/09/26 22:48:17] INFO     Table classification for   table_classifier.py:215
                             CDU operating manual:                             
                             abbreviation_table=6,                             
                             approval_table=2,                                 
                             chemical_table=3,                                 
                             equipment_table=92,                               
                             header_table=418,                                 
                             maintenance_table=1,                              
                             material_balance_table=9,                         
                             operating_limit_table=11,                         
                             process_data_table=11,                            
                             safety_table=4,                                   
                             toc_table=3,                                      
                             unknown_table=254                                 
                    INFO     Checkpoint: CDU operating manual  checkpoint.py:90
                             phase table_classification                        
                             complete                                          
  [OK] Classified 814 tables: abbreviation_table=6, approval_table=2, 
chemical_table=3, equipment_table=92, header_table=418, maintenance_table=1, 
material_balance_table=9, operating_limit_table=11, process_data_table=11, 
safety_table=4, toc_table=3, unknown_table=254

Phase 4: Building document profile...
                    INFO     Building document profile   document_profile.py:82
                             for CDU operating manual                          
                    INFO     Profile built for CDU      document_profile.py:125
                             operating manual:                                 
                             type=operating_manual, 60                         
                             chapters, 96                                      
                             abbreviations, 1 equipment                        
                             patterns                                          
                    INFO     Checkpoint: CDU operating manual  checkpoint.py:90
                             phase document_profile complete                   
  [OK] Profile: type=operating_manual, 96 abbreviations

Phase 5: Building glossary...
                    INFO     Building glossary for CDU   glossary_builder.py:60
                             operating manual                                  
                    INFO     Glossary built for CDU     glossary_builder.py:150
                             operating manual: 172                             
                             entries (96 from tables,                          
                             76 inline)                                        
                    INFO     Checkpoint: CDU operating manual  checkpoint.py:90
                             phase glossary complete                           
  [OK] Glossary: 172 entries

Phase 6: Chunking...
                    INFO     Chunking document: CDU operating     chunker.py:91
                             manual                                            
                    INFO     Chunked CDU operating manual: 387   chunker.py:154
                             chunks, avg 716 tokens/chunk                      
                    INFO     Checkpoint: CDU operating manual  checkpoint.py:90
                             phase chunking complete                           
  [OK] Created 387 chunks (saved to disk)
[09/09/26 22:48:20] INFO     Connected to Neo4j at                 memory.py:41
                             bolt://localhost:7687                             

Phase 7: Setting up Neo4j schema...
                    INFO     Vector index created/verified        memory.py:109
                    INFO     Neo4j schema setup complete          memory.py:113
[09/09/26 22:48:22] INFO     Checkpoint: CDU operating manual  checkpoint.py:90
                             phase neo4j_setup complete                        
  [OK] Neo4j schema ready, document and glossary inserted

Phase 7b: Embedding 387 chunks (all-MiniLM-L6-v2, cpu)...
[09/09/26 22:48:41] INFO     HTTP Request: HEAD                 _client.py:1025
                             https://huggingface.co/sentence-tr                
                             ansformers/all-MiniLM-L6-v2/resolv                
                             e/main/modules.json "HTTP/1.1 307                 
                             Temporary Redirect"                               
                    WARNING  Warning: You are sending              _http.py:965
                             unauthenticated requests to the HF                
                             Hub. Please set a HF_TOKEN to enable              
                             higher rate limits and faster                     
                             downloads.                                        
                    INFO     HTTP Request: HEAD                 _client.py:1025
                             https://huggingface.co/api/resolve                
                             -cache/models/sentence-transformer                
                             s/all-MiniLM-L6-v2/1110a243fdf4706                
                             b3f48f1d95db1a4f5529b4d41/modules.                
                             json?%2Fsentence-transformers%2Fal                
                             l-MiniLM-L6-v2%2Fresolve%2Fmain%2F                
                             modules.json=&etag=%22952a9b81c0bf                
                             d99800fabf352f69c7ccd46c5e43%22                   
                             "HTTP/1.1 200 OK"                                 
                    INFO     HTTP Request: GET                  _client.py:1025
                             https://huggingface.co/api/resolve                
                             -cache/models/sentence-transformer                
                             s/all-MiniLM-L6-v2/1110a243fdf4706                
                             b3f48f1d95db1a4f5529b4d41/modules.                
                             json?%2Fsentence-transformers%2Fal                
                             l-MiniLM-L6-v2%2Fresolve%2Fmain%2F                
                             modules.json=&etag=%22952a9b81c0bf                
                             d99800fabf352f69c7ccd46c5e43%22                   
                             "HTTP/1.1 200 OK"                                 
[09/09/26 22:48:42] INFO     HTTP Request: HEAD                 _client.py:1025
                             https://huggingface.co/sentence-tr                
                             ansformers/all-MiniLM-L6-v2/resolv                
                             e/main/config_sentence_transformer                
                             s.json "HTTP/1.1 307 Temporary                    
                             Redirect"                                         
                    INFO     HTTP Request: HEAD                 _client.py:1025
                             https://huggingface.co/api/resolve                
                             -cache/models/sentence-transformer                
                             s/all-MiniLM-L6-v2/1110a243fdf4706                
                             b3f48f1d95db1a4f5529b4d41/config_s                
                             entence_transformers.json?%2Fsente                
                             nce-transformers%2Fall-MiniLM-L6-v                
                             2%2Fresolve%2Fmain%2Fconfig_senten                
                             ce_transformers.json=&etag=%22fd1b                
                             291129c607e5d49799f87cb219b27f98ac                
                             df%22 "HTTP/1.1 200 OK"                           
                    INFO     HTTP Request: GET                  _client.py:1025
                             https://huggingface.co/api/resolve                
                             -cache/models/sentence-transformer                
                             s/all-MiniLM-L6-v2/1110a243fdf4706                
                             b3f48f1d95db1a4f5529b4d41/config_s                
                             entence_transformers.json?%2Fsente                
                             nce-transformers%2Fall-MiniLM-L6-v                
                             2%2Fresolve%2Fmain%2Fconfig_senten                
                             ce_transformers.json=&etag=%22fd1b                
                             291129c607e5d49799f87cb219b27f98ac                
                             df%22 "HTTP/1.1 200 OK"                           
                    INFO     Loading SentenceTransformer model    model.py:1080
                             from                                              
                             sentence-transformers/all-MiniLM-L6-              
                             v2.                                               
                    INFO     HTTP Request: HEAD                 _client.py:1025
                             https://huggingface.co/sentence-tr                
                             ansformers/all-MiniLM-L6-v2/resolv                
                             e/main/config_sentence_transformer                
                             s.json "HTTP/1.1 307 Temporary                    
                             Redirect"                                         
                    INFO     HTTP Request: HEAD                 _client.py:1025
                             https://huggingface.co/api/resolve                
                             -cache/models/sentence-transformer                
                             s/all-MiniLM-L6-v2/1110a243fdf4706                
                             b3f48f1d95db1a4f5529b4d41/config_s                
                             entence_transformers.json?%2Fsente                
                             nce-transformers%2Fall-MiniLM-L6-v                
                             2%2Fresolve%2Fmain%2Fconfig_senten                
                             ce_transformers.json=&etag=%22fd1b                
                             291129c607e5d49799f87cb219b27f98ac                
                             df%22 "HTTP/1.1 200 OK"                           
                    INFO     HTTP Request: HEAD                 _client.py:1025
                             https://huggingface.co/sentence-tr                
                             ansformers/all-MiniLM-L6-v2/resolv                
                             e/main/README.md "HTTP/1.1 307                    
                             Temporary Redirect"                               
[09/09/26 22:48:43] INFO     HTTP Request: HEAD                 _client.py:1025
                             https://huggingface.co/api/resolve                
                             -cache/models/sentence-transformer                
                             s/all-MiniLM-L6-v2/1110a243fdf4706                
                             b3f48f1d95db1a4f5529b4d41/README.m                
                             d?%2Fsentence-transformers%2Fall-M                
                             iniLM-L6-v2%2Fresolve%2Fmain%2FREA                
                             DME.md=&etag=%2244af2e3b0fa3a0b623                
                             9e48422972bf755f28fde0%22                         
                             "HTTP/1.1 200 OK"                                 
                    INFO     HTTP Request: GET                  _client.py:1025
                             https://huggingface.co/api/resolve                
                             -cache/models/sentence-transformer                
                             s/all-MiniLM-L6-v2/1110a243fdf4706                
                             b3f48f1d95db1a4f5529b4d41/README.m                
                             d?%2Fsentence-transformers%2Fall-M                
                             iniLM-L6-v2%2Fresolve%2Fmain%2FREA                
                             DME.md=&etag=%2244af2e3b0fa3a0b623                
                             9e48422972bf755f28fde0%22                         
                             "HTTP/1.1 200 OK"                                 
                    INFO     HTTP Request: HEAD                 _client.py:1025
                             https://huggingface.co/sentence-tr                
                             ansformers/all-MiniLM-L6-v2/resolv                
                             e/main/modules.json "HTTP/1.1 307                 
                             Temporary Redirect"                               
                    INFO     HTTP Request: HEAD                 _client.py:1025
                             https://huggingface.co/api/resolve                
                             -cache/models/sentence-transformer                
                             s/all-MiniLM-L6-v2/1110a243fdf4706                
                             b3f48f1d95db1a4f5529b4d41/modules.                
                             json?%2Fsentence-transformers%2Fal                
                             l-MiniLM-L6-v2%2Fresolve%2Fmain%2F                
                             modules.json=&etag=%22952a9b81c0bf                
                             d99800fabf352f69c7ccd46c5e43%22                   
                             "HTTP/1.1 200 OK"                                 
                    INFO     HTTP Request: HEAD                 _client.py:1025
                             https://huggingface.co/sentence-tr                
                             ansformers/all-MiniLM-L6-v2/resolv                
                             e/main/sentence_bert_config.json                  
                             "HTTP/1.1 307 Temporary Redirect"                 
                    INFO     HTTP Request: HEAD                 _client.py:1025
                             https://huggingface.co/api/resolve                
                             -cache/models/sentence-transformer                
                             s/all-MiniLM-L6-v2/1110a243fdf4706                
                             b3f48f1d95db1a4f5529b4d41/sentence                
                             _bert_config.json?%2Fsentence-tran                
                             sformers%2Fall-MiniLM-L6-v2%2Freso                
                             lve%2Fmain%2Fsentence_bert_config.                
                             json=&etag=%2259d594003bf59880a884                
                             c574bf88ef7555bb0202%22 "HTTP/1.1                 
                             200 OK"                                           
                    INFO     HTTP Request: GET                  _client.py:1025
                             https://huggingface.co/api/resolve                
                             -cache/models/sentence-transformer                
                             s/all-MiniLM-L6-v2/1110a243fdf4706                
                             b3f48f1d95db1a4f5529b4d41/sentence                
                             _bert_config.json?%2Fsentence-tran                
                             sformers%2Fall-MiniLM-L6-v2%2Freso                
                             lve%2Fmain%2Fsentence_bert_config.                
                             json=&etag=%2259d594003bf59880a884                
                             c574bf88ef7555bb0202%22 "HTTP/1.1                 
                             200 OK"                                           
                    INFO     HTTP Request: HEAD                 _client.py:1025
                             https://huggingface.co/sentence-tr                
                             ansformers/all-MiniLM-L6-v2/resolv                
                             e/main/adapter_config.json                        
                             "HTTP/1.1 404 Not Found"                          
[09/09/26 22:48:44] INFO     HTTP Request: HEAD                 _client.py:1025
                             https://huggingface.co/sentence-tr                
                             ansformers/all-MiniLM-L6-v2/resolv                
                             e/main/config.json "HTTP/1.1 307                  
                             Temporary Redirect"                               
                    INFO     HTTP Request: HEAD                 _client.py:1025
                             https://huggingface.co/api/resolve                
                             -cache/models/sentence-transformer                
                             s/all-MiniLM-L6-v2/1110a243fdf4706                
                             b3f48f1d95db1a4f5529b4d41/config.j                
                             son?%2Fsentence-transformers%2Fall                
                             -MiniLM-L6-v2%2Fresolve%2Fmain%2Fc                
                             onfig.json=&etag=%2272b987fd805cfa                
                             2b58c4c8c952b274a11bfd5a00%22                     
                             "HTTP/1.1 200 OK"                                 
                    INFO     HTTP Request: GET                  _client.py:1025
                             https://huggingface.co/api/resolve                
                             -cache/models/sentence-transformer                
                             s/all-MiniLM-L6-v2/1110a243fdf4706                
                             b3f48f1d95db1a4f5529b4d41/config.j                
                             son?%2Fsentence-transformers%2Fall                
                             -MiniLM-L6-v2%2Fresolve%2Fmain%2Fc                
                             onfig.json=&etag=%2272b987fd805cfa                
                             2b58c4c8c952b274a11bfd5a00%22                     
                             "HTTP/1.1 200 OK"                                 
                    INFO     HTTP Request: HEAD                 _client.py:1025
                             https://huggingface.co/sentence-tr                
                             ansformers/all-MiniLM-L6-v2/resolv                
                             e/main/model.safetensors "HTTP/1.1                
                             302 Found"                                        
[09/09/26 22:48:45] INFO     HTTP Request: GET                  _client.py:1025
                             https://huggingface.co/api/models/                
                             sentence-transformers/all-MiniLM-L                
                             6-v2/xet-read-token/1110a243fdf470                
                             6b3f48f1d95db1a4f5529b4d41                        
                             "HTTP/1.1 200 OK"                                 
[09/09/26 22:48:52] INFO     HTTP Request: HEAD                 _client.py:1025
                             https://huggingface.co/sentence-tr                
                             ansformers/all-MiniLM-L6-v2/resolv                
                             e/main/processor_config.json                      
                             "HTTP/1.1 404 Not Found"                          
[09/09/26 22:48:53] INFO     HTTP Request: HEAD                 _client.py:1025
                             https://huggingface.co/sentence-tr                
                             ansformers/all-MiniLM-L6-v2/resolv                
                             e/main/preprocessor_config.json                   
                             "HTTP/1.1 404 Not Found"                          
                    INFO     HTTP Request: HEAD                 _client.py:1025
                             https://huggingface.co/sentence-tr                
                             ansformers/all-MiniLM-L6-v2/resolv                
                             e/main/video_preprocessor_config.j                
                             son "HTTP/1.1 404 Not Found"                      
                    INFO     HTTP Request: HEAD                 _client.py:1025
                             https://huggingface.co/sentence-tr                
                             ansformers/all-MiniLM-L6-v2/resolv                
                             e/main/preprocessor_config.json                   
                             "HTTP/1.1 404 Not Found"                          
                    INFO     HTTP Request: HEAD                 _client.py:1025
                             https://huggingface.co/sentence-tr                
                             ansformers/all-MiniLM-L6-v2/resolv                
                             e/main/tokenizer_config.json                      
                             "HTTP/1.1 307 Temporary Redirect"                 
                    INFO     HTTP Request: HEAD                 _client.py:1025
                             https://huggingface.co/api/resolve                
                             -cache/models/sentence-transformer                
                             s/all-MiniLM-L6-v2/1110a243fdf4706                
                             b3f48f1d95db1a4f5529b4d41/tokenize                
                             r_config.json?%2Fsentence-transfor                
                             mers%2Fall-MiniLM-L6-v2%2Fresolve%                
                             2Fmain%2Ftokenizer_config.json=&et                
                             ag=%22c79f2b6a0cea6f4b564fed193898                
                             4bace9d30ff0%22 "HTTP/1.1 200 OK"                 
                    INFO     HTTP Request: GET                  _client.py:1025
                             https://huggingface.co/api/resolve                
                             -cache/models/sentence-transformer                
                             s/all-MiniLM-L6-v2/1110a243fdf4706                
                             b3f48f1d95db1a4f5529b4d41/tokenize                
                             r_config.json?%2Fsentence-transfor                
                             mers%2Fall-MiniLM-L6-v2%2Fresolve%                
                             2Fmain%2Ftokenizer_config.json=&et                
                             ag=%22c79f2b6a0cea6f4b564fed193898                
                             4bace9d30ff0%22 "HTTP/1.1 200 OK"                 
[09/09/26 22:48:54] INFO     HTTP Request: HEAD                 _client.py:1025
                             https://huggingface.co/sentence-tr                
                             ansformers/all-MiniLM-L6-v2/resolv                
                             e/main/config.json "HTTP/1.1 307                  
                             Temporary Redirect"                               
                    INFO     HTTP Request: HEAD                 _client.py:1025
                             https://huggingface.co/api/resolve                
                             -cache/models/sentence-transformer                
                             s/all-MiniLM-L6-v2/1110a243fdf4706                
                             b3f48f1d95db1a4f5529b4d41/config.j                
                             son?%2Fsentence-transformers%2Fall                
                             -MiniLM-L6-v2%2Fresolve%2Fmain%2Fc                
                             onfig.json=&etag=%2272b987fd805cfa                
                             2b58c4c8c952b274a11bfd5a00%22                     
                             "HTTP/1.1 200 OK"                                 
                    INFO     HTTP Request: HEAD                 _client.py:1025
                             https://huggingface.co/sentence-tr                
                             ansformers/all-MiniLM-L6-v2/resolv                
                             e/main/config.json "HTTP/1.1 307                  
                             Temporary Redirect"                               
                    INFO     HTTP Request: HEAD                 _client.py:1025
                             https://huggingface.co/api/resolve                
                             -cache/models/sentence-transformer                
                             s/all-MiniLM-L6-v2/1110a243fdf4706                
                             b3f48f1d95db1a4f5529b4d41/config.j                
                             son?%2Fsentence-transformers%2Fall                
                             -MiniLM-L6-v2%2Fresolve%2Fmain%2Fc                
                             onfig.json=&etag=%2272b987fd805cfa                
                             2b58c4c8c952b274a11bfd5a00%22                     
                             "HTTP/1.1 200 OK"                                 
                    INFO     HTTP Request: HEAD                 _client.py:1025
                             https://huggingface.co/sentence-tr                
                             ansformers/all-MiniLM-L6-v2/resolv                
                             e/main/tokenizer_config.json                      
                             "HTTP/1.1 307 Temporary Redirect"                 
                    INFO     HTTP Request: HEAD                 _client.py:1025
                             https://huggingface.co/api/resolve                
                             -cache/models/sentence-transformer                
                             s/all-MiniLM-L6-v2/1110a243fdf4706                
                             b3f48f1d95db1a4f5529b4d41/tokenize                
                             r_config.json?%2Fsentence-transfor                
                             mers%2Fall-MiniLM-L6-v2%2Fresolve%                
                             2Fmain%2Ftokenizer_config.json=&et                
                             ag=%22c79f2b6a0cea6f4b564fed193898                
                             4bace9d30ff0%22 "HTTP/1.1 200 OK"                 
[09/09/26 22:48:55] INFO     HTTP Request: GET                  _client.py:1025
                             https://huggingface.co/api/models/                
                             sentence-transformers/all-MiniLM-L                
                             6-v2/tree/main/additional_chat_tem                
                             plates?recursive=false&expand=fals                
                             e "HTTP/1.1 404 Not Found"                        
                    INFO     HTTP Request: GET                  _client.py:1025
                             https://huggingface.co/api/models/                
                             sentence-transformers/all-MiniLM-L                
                             6-v2/tree/main?recursive=true&expa                
                             nd=false "HTTP/1.1 200 OK"                        
                    INFO     HTTP Request: HEAD                 _client.py:1025
                             https://huggingface.co/sentence-tr                
                             ansformers/all-MiniLM-L6-v2/resolv                
                             e/main/vocab.txt "HTTP/1.1 307                    
                             Temporary Redirect"                               
                    INFO     HTTP Request: HEAD                 _client.py:1025
                             https://huggingface.co/api/resolve                
                             -cache/models/sentence-transformer                
                             s/all-MiniLM-L6-v2/1110a243fdf4706                
                             b3f48f1d95db1a4f5529b4d41/vocab.tx                
                             t?%2Fsentence-transformers%2Fall-M                
                             iniLM-L6-v2%2Fresolve%2Fmain%2Fvoc                
                             ab.txt=&etag=%22fb140275c155a9c7c5                
                             a3b3e0e77a9e839594a938%22                         
                             "HTTP/1.1 200 OK"                                 
                    INFO     HTTP Request: GET                  _client.py:1025
                             https://huggingface.co/api/resolve                
                             -cache/models/sentence-transformer                
                             s/all-MiniLM-L6-v2/1110a243fdf4706                
                             b3f48f1d95db1a4f5529b4d41/vocab.tx                
                             t?%2Fsentence-transformers%2Fall-M                
                             iniLM-L6-v2%2Fresolve%2Fmain%2Fvoc                
                             ab.txt=&etag=%22fb140275c155a9c7c5                
                             a3b3e0e77a9e839594a938%22                         
                             "HTTP/1.1 200 OK"                                 
                    INFO     HTTP Request: HEAD                 _client.py:1025
                             https://huggingface.co/sentence-tr                
                             ansformers/all-MiniLM-L6-v2/resolv                
                             e/main/tokenizer.json "HTTP/1.1                   
                             307 Temporary Redirect"                           
                    INFO     HTTP Request: HEAD                 _client.py:1025
                             https://huggingface.co/api/resolve                
                             -cache/models/sentence-transformer                
                             s/all-MiniLM-L6-v2/1110a243fdf4706                
                             b3f48f1d95db1a4f5529b4d41/tokenize                
                             r.json?%2Fsentence-transformers%2F                
                             all-MiniLM-L6-v2%2Fresolve%2Fmain%                
                             2Ftokenizer.json=&etag=%22cb202bfe                
                             2e3c98645018a6d12f182a434c9d3e02%2                
                             2 "HTTP/1.1 200 OK"                               
                    INFO     HTTP Request: GET                  _client.py:1025
                             https://huggingface.co/api/resolve                
                             -cache/models/sentence-transformer                
                             s/all-MiniLM-L6-v2/1110a243fdf4706                
                             b3f48f1d95db1a4f5529b4d41/tokenize                
                             r.json?%2Fsentence-transformers%2F                
                             all-MiniLM-L6-v2%2Fresolve%2Fmain%                
                             2Ftokenizer.json=&etag=%22cb202bfe                
                             2e3c98645018a6d12f182a434c9d3e02%2                
                             2 "HTTP/1.1 200 OK"                               
[09/09/26 22:48:56] INFO     HTTP Request: HEAD                 _client.py:1025
                             https://huggingface.co/sentence-tr                
                             ansformers/all-MiniLM-L6-v2/resolv                
                             e/main/added_tokens.json "HTTP/1.1                
                             404 Not Found"                                    
                    INFO     HTTP Request: HEAD                 _client.py:1025
                             https://huggingface.co/sentence-tr                
                             ansformers/all-MiniLM-L6-v2/resolv                
                             e/main/special_tokens_map.json                    
                             "HTTP/1.1 307 Temporary Redirect"                 
                    INFO     HTTP Request: HEAD                 _client.py:1025
                             https://huggingface.co/api/resolve                
                             -cache/models/sentence-transformer                
                             s/all-MiniLM-L6-v2/1110a243fdf4706                
                             b3f48f1d95db1a4f5529b4d41/special_                
                             tokens_map.json?%2Fsentence-transf                
                             ormers%2Fall-MiniLM-L6-v2%2Fresolv                
                             e%2Fmain%2Fspecial_tokens_map.json                
                             =&etag=%22e7b0375001f109a6b8873d75                
                             6ad4f7bbb15fbaa5%22 "HTTP/1.1 200                 
                             OK"                                               
                    INFO     HTTP Request: GET                  _client.py:1025
                             https://huggingface.co/api/resolve                
                             -cache/models/sentence-transformer                
                             s/all-MiniLM-L6-v2/1110a243fdf4706                
                             b3f48f1d95db1a4f5529b4d41/special_                
                             tokens_map.json?%2Fsentence-transf                
                             ormers%2Fall-MiniLM-L6-v2%2Fresolv                
                             e%2Fmain%2Fspecial_tokens_map.json                
                             =&etag=%22e7b0375001f109a6b8873d75                
                             6ad4f7bbb15fbaa5%22 "HTTP/1.1 200                 
                             OK"                                               
                    INFO     HTTP Request: HEAD                 _client.py:1025
                             https://huggingface.co/sentence-tr                
                             ansformers/all-MiniLM-L6-v2/resolv                
                             e/main/chat_template.jinja                        
                             "HTTP/1.1 404 Not Found"                          
[09/09/26 22:48:57] INFO     HTTP Request: HEAD                 _client.py:1025
                             https://huggingface.co/sentence-tr                
                             ansformers/all-MiniLM-L6-v2/resolv                
                             e/main/1_Pooling/config.json                      
                             "HTTP/1.1 307 Temporary Redirect"                 
                    INFO     HTTP Request: HEAD                 _client.py:1025
                             https://huggingface.co/api/resolve                
                             -cache/models/sentence-transformer                
                             s/all-MiniLM-L6-v2/1110a243fdf4706                
                             b3f48f1d95db1a4f5529b4d41/1_Poolin                
                             g%2Fconfig.json?%2Fsentence-transf                
                             ormers%2Fall-MiniLM-L6-v2%2Fresolv                
                             e%2Fmain%2F1_Pooling%2Fconfig.json                
                             =&etag=%22d1514c3162bbe87b343f565f                
                             adc62e6c06f04f03%22 "HTTP/1.1 200                 
                             OK"                                               
                    INFO     HTTP Request: GET                  _client.py:1025
                             https://huggingface.co/api/resolve                
                             -cache/models/sentence-transformer                
                             s/all-MiniLM-L6-v2/1110a243fdf4706                
                             b3f48f1d95db1a4f5529b4d41/1_Poolin                
                             g%2Fconfig.json?%2Fsentence-transf                
                             ormers%2Fall-MiniLM-L6-v2%2Fresolv                
                             e%2Fmain%2F1_Pooling%2Fconfig.json                
                             =&etag=%22d1514c3162bbe87b343f565f                
                             adc62e6c06f04f03%22 "HTTP/1.1 200                 
                             OK"                                               
                    INFO     HTTP Request: HEAD                 _client.py:1025
                             https://huggingface.co/sentence-tr                
                             ansformers/all-MiniLM-L6-v2/resolv                
                             e/main/2_Normalize/config.json                    
                             "HTTP/1.1 404 Not Found"                          
                    INFO     HTTP Request: GET                  _client.py:1025
                             https://huggingface.co/api/models/                
                             sentence-transformers/all-MiniLM-L                
                             6-v2 "HTTP/1.1 200 OK"                            
                    INFO     Embedding model all-MiniLM-L6-v2    embedder.py:49
                             loaded on cpu in 16.6s (384 dims)                 
[09/09/26 22:49:11] INFO     Embedded 387 chunks in 13.4s        embedder.py:89
  [OK] 387 chunk embeddings ready (cached on disk)
[09/09/26 22:49:47] INFO     Checkpoint: CDU operating manual  checkpoint.py:90
                             phase embedding complete                          
  [OK] 387 Chunk nodes with embeddings stored in Neo4j

Phase 8: Extracting from 387 chunks...
[09/09/26 22:49:49] INFO     HTTP Request: GET                  _client.py:1025
                             http://localhost:11434/api/tags                   
                             "HTTP/1.1 200 OK"                                 
                    INFO     Model deepseek-r1:7b is available extractor.py:131
  --max-pages 20: extracting only 8 chunks starting on pages 1-20
⠋ Extracting... ---------------------------------------- 0/8⠙ Extracting... ---------------------------------------- 0/8⠹ Extracting... ---------------------------------------- 0/8⠼ Extracting... ---------------------------------------- 0/8⠴ Extracting... ---------------------------------------- 0/8⠧ Extracting... ---------------------------------------- 0/8⠇ Extracting... ---------------------------------------- 0/8⠏ Extracting... ---------------------------------------- 0/8⠙ Extracting... ---------------------------------------- 0/8⠹ Extracting... ---------------------------------------- 0/8⠸ Extracting... ---------------------------------------- 0/8⠴ Extracting... ---------------------------------------- 0/8⠧ Extracting... ---------------------------------------- 0/8⠇ Extracting... ---------------------------------------- 0/8⠏ Extracting... ---------------------------------------- 0/8⠙ Extracting... ---------------------------------------- 0/8⠹ Extracting... ---------------------------------------- 0/8⠸ Extracting... ---------------------------------------- 0/8⠴ Extracting... ---------------------------------------- 0/8⠦ Extracting... ---------------------------------------- 0/8⠇ Extracting... ---------------------------------------- 0/8⠏ Extracting... ---------------------------------------- 0/8⠋ Extracting... ---------------------------------------- 0/8⠹ Extracting... ---------------------------------------- 0/8⠸ Extracting... ---------------------------------------- 0/8⠴ Extracting... ---------------------------------------- 0/8⠦ Extracting... ---------------------------------------- 0/8⠧ Extracting... ---------------------------------------- 0/8⠏ Extracting... ---------------------------------------- 0/8⠋ Extracting... ---------------------------------------- 0/8⠹ Extracting... ---------------------------------------- 0/8⠸ Extracting... ---------------------------------------- 0/8⠴ Extracting... ---------------------------------------- 0/8⠦ Extracting... ---------------------------------------- 0/8⠇ Extracting... ---------------------------------------- 0/8⠏ Extracting... ---------------------------------------- 0/8⠋ Extracting... ---------------------------------------- 0/8⠹ Extracting... ---------------------------------------- 0/8⠸ Extracting... ---------------------------------------- 0/8⠴ Extracting... ---------------------------------------- 0/8⠦ Extracting... ---------------------------------------- 0/8⠧ Extracting... ---------------------------------------- 0/8⠏ Extracting... ---------------------------------------- 0/8⠋ Extracting... ---------------------------------------- 0/8⠹ Extracting... ---------------------------------------- 0/8⠸ Extracting... ---------------------------------------- 0/8⠼ Extracting... ---------------------------------------- 0/8⠦ Extracting... ---------------------------------------- 0/8⠧ Extracting... ---------------------------------------- 0/8⠏ Extracting... ---------------------------------------- 0/8⠋ Extracting... ---------------------------------------- 0/8⠹ Extracting... ---------------------------------------- 0/8⠸ Extracting... ---------------------------------------- 0/8⠴ Extracting... ---------------------------------------- 0/8⠦ Extracting... ---------------------------------------- 0/8⠧ Extracting... ---------------------------------------- 0/8⠏ Extracting... ---------------------------------------- 0/8⠋ Extracting... ---------------------------------------- 0/8⠹ Extracting... ---------------------------------------- 0/8⠸ Extracting... ---------------------------------------- 0/8⠴ Extracting... ---------------------------------------- 0/8⠧ Extracting... ---------------------------------------- 0/8⠇ Extracting... ---------------------------------------- 0/8⠋ Extracting... ---------------------------------------- 0/8⠙ Extracting... ---------------------------------------- 0/8⠹ Extracting... ---------------------------------------- 0/8⠼ Extracting... ---------------------------------------- 0/8⠴ Extracting... ---------------------------------------- 0/8⠧ Extracting... ---------------------------------------- 0/8⠇ Extracting... ---------------------------------------- 0/8⠋ Extracting... ---------------------------------------- 0/8⠹ Extracting... ---------------------------------------- 0/8⠸ Extracting... ---------------------------------------- 0/8⠇ Extracting... ---------------------------------------- 0/8⠏ Extracting... ---------------------------------------- 0/8⠙ Extracting... ---------------------------------------- 0/8⠹ Extracting... ---------------------------------------- 0/8⠴ Extracting... ---------------------------------------- 0/8⠏ Extracting... ---------------------------------------- 0/8⠙ Extracting... ---------------------------------------- 0/8⠸ Extracting... ---------------------------------------- 0/8⠴ Extracting... ---------------------------------------- 0/8⠇ Extracting... ---------------------------------------- 0/8⠋ Extracting... ---------------------------------------- 0/8⠙ Extracting... ---------------------------------------- 0/8⠸ Extracting... ---------------------------------------- 0/8⠼ Extracting... ---------------------------------------- 0/8⠴ Extracting... ---------------------------------------- 0/8⠧ Extracting... ---------------------------------------- 0/8⠇ Extracting... ---------------------------------------- 0/8⠋ Extracting... ---------------------------------------- 0/8⠙ Extracting... ---------------------------------------- 0/8⠹ Extracting... ---------------------------------------- 0/8⠼ Extracting... ---------------------------------------- 0/8⠴ Extracting... ---------------------------------------- 0/8⠦ Extracting... ---------------------------------------- 0/8⠇ Extracting... ---------------------------------------- 0/8⠏ Extracting... ---------------------------------------- 0/8⠙ Extracting... ---------------------------------------- 0/8⠹ Extracting... ---------------------------------------- 0/8⠸ Extracting... ---------------------------------------- 0/8⠴ Extracting... ---------------------------------------- 0/8⠦ Extracting... ---------------------------------------- 0/8⠧ Extracting... ---------------------------------------- 0/8⠏ Extracting... ---------------------------------------- 0/8⠋ Extracting... ---------------------------------------- 0/8⠹ Extracting... ---------------------------------------- 0/8⠸ Extracting... ---------------------------------------- 0/8⠼ Extracting... ---------------------------------------- 0/8⠦ Extracting... ---------------------------------------- 0/8⠧ Extracting... ---------------------------------------- 0/8⠏ Extracting... ---------------------------------------- 0/8⠋ Extracting... ---------------------------------------- 0/8⠹ Extracting... ---------------------------------------- 0/8⠸ Extracting... ---------------------------------------- 0/8⠼ Extracting... ---------------------------------------- 0/8⠦ Extracting... ---------------------------------------- 0/8⠧ Extracting... ---------------------------------------- 0/8⠏ Extracting... ---------------------------------------- 0/8⠋ Extracting... ---------------------------------------- 0/8⠙ Extracting... ---------------------------------------- 0/8⠸ Extracting... ---------------------------------------- 0/8⠼ Extracting... ---------------------------------------- 0/8⠦ Extracting... ---------------------------------------- 0/8⠧ Extracting... ---------------------------------------- 0/8⠇ Extracting... ---------------------------------------- 0/8⠋ Extracting... ---------------------------------------- 0/8⠙ Extracting... ---------------------------------------- 0/8⠸ Extracting... ---------------------------------------- 0/8⠼ Extracting... ---------------------------------------- 0/8⠴ Extracting... ---------------------------------------- 0/8⠧ Extracting... ---------------------------------------- 0/8⠇ Extracting... ---------------------------------------- 0/8⠋ Extracting... ---------------------------------------- 0/8⠙ Extracting... ---------------------------------------- 0/8⠹ Extracting... ---------------------------------------- 0/8⠼ Extracting... ---------------------------------------- 0/8⠴ Extracting... ---------------------------------------- 0/8⠦ Extracting... ---------------------------------------- 0/8⠇ Extracting... ---------------------------------------- 0/8⠏ Extracting... ---------------------------------------- 0/8⠙ Extracting... ---------------------------------------- 0/8⠹ Extracting... ---------------------------------------- 0/8⠸ Extracting... ---------------------------------------- 0/8⠴ Extracting... ---------------------------------------- 0/8⠦ Extracting... ---------------------------------------- 0/8⠧ Extracting... ---------------------------------------- 0/8⠏ Extracting... ---------------------------------------- 0/8⠋ Extracting... ---------------------------------------- 0/8⠹ Extracting... ---------------------------------------- 0/8⠸ Extracting... ---------------------------------------- 0/8⠼ Extracting... ---------------------------------------- 0/8⠦ Extracting... ---------------------------------------- 0/8⠧ Extracting... ---------------------------------------- 0/8⠏ Extracting... ---------------------------------------- 0/8⠋ Extracting... ---------------------------------------- 0/8⠙ Extracting... ---------------------------------------- 0/8⠸ Extracting... ---------------------------------------- 0/8⠼ Extracting... ---------------------------------------- 0/8⠦ Extracting... ---------------------------------------- 0/8⠧ Extracting... ---------------------------------------- 0/8⠇ Extracting... ---------------------------------------- 0/8⠋ Extracting... ---------------------------------------- 0/8⠙ Extracting... ---------------------------------------- 0/8⠹ Extracting... ---------------------------------------- 0/8⠼ Extracting... ---------------------------------------- 0/8⠴ Extracting... ---------------------------------------- 0/8⠧ Extracting... ---------------------------------------- 0/8⠇ Extracting... ---------------------------------------- 0/8⠏ Extracting... ---------------------------------------- 0/8⠙ Extracting... ---------------------------------------- 0/8⠹ Extracting... ---------------------------------------- 0/8⠸ Extracting... ---------------------------------------- 0/8⠴ Extracting... ---------------------------------------- 0/8⠦ Extracting... ---------------------------------------- 0/8⠇ Extracting... ---------------------------------------- 0/8⠏ Extracting... ---------------------------------------- 0/8⠋ Extracting... ---------------------------------------- 0/8⠹ Extracting... ---------------------------------------- 0/8⠸ Extracting... ---------------------------------------- 0/8⠴ Extracting... ---------------------------------------- 0/8⠦ Extracting... ---------------------------------------- 0/8⠧ Extracting... ---------------------------------------- 0/8⠏ Extracting... ---------------------------------------- 0/8⠋ Extracting... ---------------------------------------- 0/8⠹ Extracting... ---------------------------------------- 0/8⠸ Extracting... ---------------------------------------- 0/8⠼ Extracting... ---------------------------------------- 0/8⠦ Extracting... ---------------------------------------- 0/8⠧ Extracting... ---------------------------------------- 0/8⠇ Extracting... ---------------------------------------- 0/8⠋ Extracting... ---------------------------------------- 0/8⠙ Extracting... ---------------------------------------- 0/8⠸ Extracting... ---------------------------------------- 0/8⠼ Extracting... ---------------------------------------- 0/8⠴ Extracting... ---------------------------------------- 0/8⠧ Extracting... ---------------------------------------- 0/8⠇ Extracting... ---------------------------------------- 0/8⠋ Extracting... ---------------------------------------- 0/8⠙ Extracting... ---------------------------------------- 0/8⠹ Extracting... ---------------------------------------- 0/8⠼ Extracting... ---------------------------------------- 0/8⠴ Extracting... ---------------------------------------- 0/8⠦ Extracting... ---------------------------------------- 0/8⠇ Extracting... ---------------------------------------- 0/8⠏ Extracting... ---------------------------------------- 0/8⠙ Extracting... ---------------------------------------- 0/8⠹ Extracting... ---------------------------------------- 0/8⠸ Extracting... ---------------------------------------- 0/8⠴ Extracting... ---------------------------------------- 0/8⠦ Extracting... ---------------------------------------- 0/8⠇ Extracting... ---------------------------------------- 0/8⠏ Extracting... ---------------------------------------- 0/8⠋ Extracting... ---------------------------------------- 0/8⠹ Extracting... ---------------------------------------- 0/8⠸ Extracting... ---------------------------------------- 0/8⠼ Extracting... ---------------------------------------- 0/8⠦ Extracting... ---------------------------------------- 0/8⠧ Extracting... ---------------------------------------- 0/8⠏ Extracting... ---------------------------------------- 0/8⠋ Extracting... ---------------------------------------- 0/8⠙ Extracting... ---------------------------------------- 0/8⠸ Extracting... ---------------------------------------- 0/8⠼ Extracting... ---------------------------------------- 0/8⠦ Extracting... ---------------------------------------- 0/8⠧ Extracting... ---------------------------------------- 0/8⠇ Extracting... ---------------------------------------- 0/8⠋ Extracting... ---------------------------------------- 0/8⠙ Extracting... ---------------------------------------- 0/8⠹ Extracting... ---------------------------------------- 0/8⠼ Extracting... ---------------------------------------- 0/8⠴ Extracting... ---------------------------------------- 0/8⠧ Extracting... ---------------------------------------- 0/8⠇ Extracting... ---------------------------------------- 0/8⠏ Extracting... ---------------------------------------- 0/8⠙ Extracting... ---------------------------------------- 0/8⠹ Extracting... ---------------------------------------- 0/8⠼ Extracting... ---------------------------------------- 0/8⠴ Extracting... ---------------------------------------- 0/8⠦ Extracting... ---------------------------------------- 0/8⠇ Extracting... ---------------------------------------- 0/8⠏ Extracting... ---------------------------------------- 0/8⠋ Extracting... ---------------------------------------- 0/8⠹ Extracting... ---------------------------------------- 0/8⠸ Extracting... ---------------------------------------- 0/8⠴ Extracting... ---------------------------------------- 0/8⠦ Extracting... ---------------------------------------- 0/8⠧ Extracting... ---------------------------------------- 0/8⠏ Extracting... ---------------------------------------- 0/8⠋ Extracting... ---------------------------------------- 0/8⠹ Extracting... ---------------------------------------- 0/8⠸ Extracting... ---------------------------------------- 0/8⠼ Extracting... ---------------------------------------- 0/8⠦ Extracting... ---------------------------------------- 0/8⠧ Extracting... ---------------------------------------- 0/8⠏ Extracting... ---------------------------------------- 0/8⠋ Extracting... ---------------------------------------- 0/8⠙ Extracting... ---------------------------------------- 0/8⠸ Extracting... ---------------------------------------- 0/8⠼ Extracting... ---------------------------------------- 0/8⠴ Extracting... ---------------------------------------- 0/8⠧ Extracting... ---------------------------------------- 0/8⠇ Extracting... ---------------------------------------- 0/8⠋ Extracting... ---------------------------------------- 0/8⠙ Extracting... ---------------------------------------- 0/8⠹ Extracting... ---------------------------------------- 0/8⠼ Extracting... ---------------------------------------- 0/8⠴ Extracting... ---------------------------------------- 0/8⠧ Extracting... ---------------------------------------- 0/8⠇ Extracting... ---------------------------------------- 0/8⠏ Extracting... ---------------------------------------- 0/8⠙ Extracting... ---------------------------------------- 0/8⠹ Extracting... ---------------------------------------- 0/8⠸ Extracting... ---------------------------------------- 0/8⠴ Extracting... ---------------------------------------- 0/8⠦ Extracting... ---------------------------------------- 0/8⠇ Extracting... ---------------------------------------- 0/8⠏ Extracting... ---------------------------------------- 0/8⠋ Extracting... ---------------------------------------- 0/8⠹ Extracting... ---------------------------------------- 0/8⠸ Extracting... ---------------------------------------- 0/8⠴ Extracting... ---------------------------------------- 0/8⠦ Extracting... ---------------------------------------- 0/8⠧ Extracting... ---------------------------------------- 0/8⠏ Extracting... ---------------------------------------- 0/8⠋ Extracting... ---------------------------------------- 0/8⠹ Extracting... ---------------------------------------- 0/8⠸ Extracting... ---------------------------------------- 0/8⠼ Extracting... ---------------------------------------- 0/8⠦ Extracting... ---------------------------------------- 0/8⠧ Extracting... ---------------------------------------- 0/8⠏ Extracting... ---------------------------------------- 0/8⠋ Extracting... ---------------------------------------- 0/8⠙ Extracting... ---------------------------------------- 0/8⠸ Extracting... ---------------------------------------- 0/8⠼ Extracting... ---------------------------------------- 0/8⠴ Extracting... ---------------------------------------- 0/8⠧ Extracting... ---------------------------------------- 0/8⠇ Extracting... ---------------------------------------- 0/8⠋ Extracting... ---------------------------------------- 0/8⠙ Extracting... ---------------------------------------- 0/8⠹ Extracting... ---------------------------------------- 0/8⠼ Extracting... ---------------------------------------- 0/8⠴ Extracting... ---------------------------------------- 0/8⠦ Extracting... ---------------------------------------- 0/8⠇ Extracting... ---------------------------------------- 0/8⠏ Extracting... ---------------------------------------- 0/8⠙ Extracting... ---------------------------------------- 0/8⠹ Extracting... ---------------------------------------- 0/8⠸ Extracting... ---------------------------------------- 0/8⠴ Extracting... ---------------------------------------- 0/8⠦ Extracting... ---------------------------------------- 0/8⠇ Extracting... ---------------------------------------- 0/8⠏ Extracting... ---------------------------------------- 0/8⠋ Extracting... ---------------------------------------- 0/8⠹ Extracting... ---------------------------------------- 0/8⠸ Extracting... ---------------------------------------- 0/8⠼ Extracting... ---------------------------------------- 0/8⠦ Extracting... ---------------------------------------- 0/8⠧ Extracting... ---------------------------------------- 0/8⠏ Extracting... ---------------------------------------- 0/8⠋ Extracting... ---------------------------------------- 0/8⠙ Extracting... ---------------------------------------- 0/8⠸ Extracting... ---------------------------------------- 0/8⠼ Extracting... ---------------------------------------- 0/8⠦ Extracting... ---------------------------------------- 0/8⠧ Extracting... ---------------------------------------- 0/8⠇ Extracting... ---------------------------------------- 0/8⠋ Extracting... ---------------------------------------- 0/8⠙ Extracting... ---------------------------------------- 0/8⠸ Extracting... ---------------------------------------- 0/8⠼ Extracting... ---------------------------------------- 0/8⠴ Extracting... ---------------------------------------- 0/8⠧ Extracting... ---------------------------------------- 0/8⠇ Extracting... ---------------------------------------- 0/8⠏ Extracting... ---------------------------------------- 0/8⠙ Extracting... ---------------------------------------- 0/8⠹ Extracting... ---------------------------------------- 0/8⠼ Extracting... ---------------------------------------- 0/8⠴ Extracting... ---------------------------------------- 0/8⠦ Extracting... ---------------------------------------- 0/8⠇ Extracting... ---------------------------------------- 0/8⠏ Extracting... ---------------------------------------- 0/8⠙ Extracting... ---------------------------------------- 0/8⠹ Extracting... ---------------------------------------- 0/8⠸ Extracting... ---------------------------------------- 0/8⠴ Extracting... ---------------------------------------- 0/8⠦ Extracting... ---------------------------------------- 0/8⠧ Extracting... ---------------------------------------- 0/8⠏ Extracting... ---------------------------------------- 0/8⠋ Extracting... ---------------------------------------- 0/8⠹ Extracting... ---------------------------------------- 0/8⠸ Extracting... ---------------------------------------- 0/8⠼ Extracting... ---------------------------------------- 0/8⠦ Extracting... ---------------------------------------- 0/8⠧ Extracting... ---------------------------------------- 0/8⠏ Extracting... ---------------------------------------- 0/8⠋ Extracting... ---------------------------------------- 0/8⠙ Extracting... ---------------------------------------- 0/8⠸ Extracting... ---------------------------------------- 0/8⠼ Extracting... ---------------------------------------- 0/8⠴ Extracting... ---------------------------------------- 0/8⠧ Extracting... ---------------------------------------- 0/8⠇ Extracting... ---------------------------------------- 0/8⠋ Extracting... ---------------------------------------- 0/8⠙ Extracting... ---------------------------------------- 0/8⠹ Extracting... ---------------------------------------- 0/8⠼ Extracting... ---------------------------------------- 0/8⠴ Extracting... ---------------------------------------- 0/8⠧ Extracting... ---------------------------------------- 0/8⠇ Extracting... ---------------------------------------- 0/8⠏ Extracting... ---------------------------------------- 0/8⠙ Extracting... ---------------------------------------- 0/8⠹ Extracting... ---------------------------------------- 0/8⠼ Extracting... ---------------------------------------- 0/8⠴ Extracting... ---------------------------------------- 0/8⠦ Extracting... ---------------------------------------- 0/8⠇ Extracting... ---------------------------------------- 0/8⠏ Extracting... ---------------------------------------- 0/8⠙ Extracting... ---------------------------------------- 0/8⠹ Extracting... ---------------------------------------- 0/8⠸ Extracting... ---------------------------------------- 0/8⠴ Extracting... ---------------------------------------- 0/8⠦ Extracting... ---------------------------------------- 0/8⠧ Extracting... ---------------------------------------- 0/8⠏ Extracting... ---------------------------------------- 0/8⠋ Extracting... ---------------------------------------- 0/8⠹ Extracting... ---------------------------------------- 0/8⠸ Extracting... ---------------------------------------- 0/8⠼ Extracting... ---------------------------------------- 0/8⠦ Extracting... ---------------------------------------- 0/8⠧ Extracting... ---------------------------------------- 0/8⠏ Extracting... ---------------------------------------- 0/8⠋ Extracting... ---------------------------------------- 0/8⠙ Extracting... ---------------------------------------- 0/8⠸ Extracting... ---------------------------------------- 0/8⠼ Extracting... ---------------------------------------- 0/8⠦ Extracting... ---------------------------------------- 0/8⠧ Extracting... ---------------------------------------- 0/8⠇ Extracting... ---------------------------------------- 0/8⠋ Extracting... ---------------------------------------- 0/8⠙ Extracting... ---------------------------------------- 0/8⠹ Extracting... ---------------------------------------- 0/8⠼ Extracting... ---------------------------------------- 0/8⠴ Extracting... ---------------------------------------- 0/8⠧ Extracting... ---------------------------------------- 0/8⠇ Extracting... ---------------------------------------- 0/8⠏ Extracting... ---------------------------------------- 0/8⠙ Extracting... ---------------------------------------- 0/8⠹ Extracting... ---------------------------------------- 0/8⠼ Extracting... ---------------------------------------- 0/8⠴ Extracting... ---------------------------------------- 0/8⠦ Extracting... ---------------------------------------- 0/8⠇ Extracting... ---------------------------------------- 0/8⠏ Extracting... ---------------------------------------- 0/8⠙ Extracting... ---------------------------------------- 0/8⠹ Extracting... ---------------------------------------- 0/8⠸ Extracting... ---------------------------------------- 0/8⠴ Extracting... ---------------------------------------- 0/8⠦ Extracting... ---------------------------------------- 0/8⠧ Extracting... ---------------------------------------- 0/8⠏ Extracting... ---------------------------------------- 0/8⠋ Extracting... ---------------------------------------- 0/8⠹ Extracting... ---------------------------------------- 0/8⠸ Extracting... ---------------------------------------- 0/8⠼ Extracting... ---------------------------------------- 0/8⠦ Extracting... ---------------------------------------- 0/8⠧ Extracting... ---------------------------------------- 0/8⠏ Extracting... ---------------------------------------- 0/8⠋ Extracting... ---------------------------------------- 0/8⠙ Extracting... ---------------------------------------- 0/8⠸ Extracting... ---------------------------------------- 0/8⠼ Extracting... ---------------------------------------- 0/8⠦ Extracting... ---------------------------------------- 0/8⠧ Extracting... ---------------------------------------- 0/8⠇ Extracting... ---------------------------------------- 0/8⠋ Extracting... ---------------------------------------- 0/8⠙ Extracting... ---------------------------------------- 0/8⠸ Extracting... ---------------------------------------- 0/8⠼ Extracting... ---------------------------------------- 0/8⠴ Extracting... ---------------------------------------- 0/8⠧ Extracting... ---------------------------------------- 0/8⠇ Extracting... ---------------------------------------- 0/8⠏ Extracting... ---------------------------------------- 0/8⠙ Extracting... ---------------------------------------- 0/8⠹ Extracting... ---------------------------------------- 0/8⠼ Extracting... ---------------------------------------- 0/8⠴ Extracting... ---------------------------------------- 0/8⠦ Extracting... ---------------------------------------- 0/8⠇ Extracting... ---------------------------------------- 0/8⠏ Extracting... ---------------------------------------- 0/8⠋ Extracting... ---------------------------------------- 0/8⠹ Extracting... ---------------------------------------- 0/8⠸ Extracting... ---------------------------------------- 0/8⠼ Extracting... ---------------------------------------- 0/8⠦ Extracting... ---------------------------------------- 0/8⠧ Extracting... ---------------------------------------- 0/8⠇ Extracting... ---------------------------------------- 0/8⠋ Extracting... ---------------------------------------- 0/8⠙ Extracting... ---------------------------------------- 0/8⠹ Extracting... ---------------------------------------- 0/8⠼ Extracting... ---------------------------------------- 0/8⠴ Extracting... ---------------------------------------- 0/8⠧ Extracting... ---------------------------------------- 0/8⠇ Extracting... ---------------------------------------- 0/8⠏ Extracting... ---------------------------------------- 0/8⠙ Extracting... ---------------------------------------- 0/8⠹ Extracting... ---------------------------------------- 0/8⠸ Extracting... ---------------------------------------- 0/8⠴ Extracting... ---------------------------------------- 0/8⠦ Extracting... ---------------------------------------- 0/8⠧ Extracting... ---------------------------------------- 0/8⠏ Extracting... ---------------------------------------- 0/8⠋ Extracting... ---------------------------------------- 0/8⠙ Extracting... ---------------------------------------- 0/8⠸ Extracting... ---------------------------------------- 0/8⠼ Extracting... ---------------------------------------- 0/8⠦ Extracting... ---------------------------------------- 0/8⠧ Extracting... ---------------------------------------- 0/8⠇ Extracting... ---------------------------------------- 0/8⠋ Extracting... ---------------------------------------- 0/8⠙ Extracting... ---------------------------------------- 0/8⠹ Extracting... ---------------------------------------- 0/8⠼ Extracting... ---------------------------------------- 0/8⠴ Extracting... ---------------------------------------- 0/8⠧ Extracting... ---------------------------------------- 0/8⠇ Extracting... ---------------------------------------- 0/8⠏ Extracting... ---------------------------------------- 0/8⠙ Extracting... ---------------------------------------- 0/8⠹ Extracting... ---------------------------------------- 0/8⠸ Extracting... ---------------------------------------- 0/8⠴ Extracting... ---------------------------------------- 0/8⠦ Extracting... ---------------------------------------- 0/8⠧ Extracting... ---------------------------------------- 0/8⠏ Extracting... ---------------------------------------- 0/8⠋ Extracting... ---------------------------------------- 0/8⠙ Extracting... ---------------------------------------- 0/8⠸ Extracting... ---------------------------------------- 0/8⠼ Extracting... ---------------------------------------- 0/8⠴ Extracting... ---------------------------------------- 0/8⠧ Extracting... ---------------------------------------- 0/8⠇ Extracting... ---------------------------------------- 0/8⠏ Extracting... ---------------------------------------- 0/8⠙ Extracting... ---------------------------------------- 0/8⠹ Extracting... ---------------------------------------- 0/8⠸ Extracting... ---------------------------------------- 0/8⠴ Extracting... ---------------------------------------- 0/8⠧ Extracting... ---------------------------------------- 0/8⠇ Extracting... ---------------------------------------- 0/8⠋ Extracting... ---------------------------------------- 0/8⠙ Extracting... ---------------------------------------- 0/8⠹ Extracting... ---------------------------------------- 0/8⠼ Extracting... ---------------------------------------- 0/8⠴ Extracting... ---------------------------------------- 0/8⠦ Extracting... ---------------------------------------- 0/8⠇ Extracting... ---------------------------------------- 0/8⠏ Extracting... ---------------------------------------- 0/8⠙ Extracting... ---------------------------------------- 0/8⠹ Extracting... ---------------------------------------- 0/8⠸ Extracting... ---------------------------------------- 0/8⠴ Extracting... ---------------------------------------- 0/8⠦ Extracting... ---------------------------------------- 0/8⠇ Extracting... ---------------------------------------- 0/8⠏ Extracting... ---------------------------------------- 0/8⠋ Extracting... ---------------------------------------- 0/8⠹ Extracting... ---------------------------------------- 0/8⠸ Extracting... ---------------------------------------- 0/8⠼ Extracting... ---------------------------------------- 0/8⠦ Extracting... ---------------------------------------- 0/8⠧ Extracting... ---------------------------------------- 0/8⠏ Extracting... ---------------------------------------- 0/8⠋ Extracting... ---------------------------------------- 0/8⠙ Extracting... ---------------------------------------- 0/8⠸ Extracting... ---------------------------------------- 0/8⠼ Extracting... ---------------------------------------- 0/8⠦ Extracting... ---------------------------------------- 0/8⠧ Extracting... ---------------------------------------- 0/8⠇ Extracting... ---------------------------------------- 0/8⠋ Extracting... ---------------------------------------- 0/8⠙ Extracting... ---------------------------------------- 0/8⠹ Extracting... ---------------------------------------- 0/8⠼ Extracting... ---------------------------------------- 0/8⠴ Extracting... ---------------------------------------- 0/8⠧ Extracting... ---------------------------------------- 0/8⠇ Extracting... ---------------------------------------- 0/8⠏ Extracting... ---------------------------------------- 0/8⠙ Extracting... ---------------------------------------- 0/8⠹ Extracting... ---------------------------------------- 0/8⠼ Extracting... ---------------------------------------- 0/8⠴ Extracting... ---------------------------------------- 0/8⠦ Extracting... ---------------------------------------- 0/8⠇ Extracting... ---------------------------------------- 0/8⠏ Extracting... ---------------------------------------- 0/8⠙ Extracting... ---------------------------------------- 0/8⠹ Extracting... ---------------------------------------- 0/8⠸ Extracting... ---------------------------------------- 0/8⠴ Extracting... ---------------------------------------- 0/8⠦ Extracting... ---------------------------------------- 0/8⠧ Extracting... ---------------------------------------- 0/8⠏ Extracting... ---------------------------------------- 0/8⠋ Extracting... ---------------------------------------- 0/8⠹ Extracting... ---------------------------------------- 0/8⠸ Extracting... ---------------------------------------- 0/8⠼ Extracting... ---------------------------------------- 0/8⠦ Extracting... ---------------------------------------- 0/8⠧ Extracting... ---------------------------------------- 0/8⠏ Extracting... ---------------------------------------- 0/8⠋ Extracting... ---------------------------------------- 0/8⠙ Extracting... ---------------------------------------- 0/8⠸ Extracting... ---------------------------------------- 0/8⠼ Extracting... ---------------------------------------- 0/8⠴ Extracting... ---------------------------------------- 0/8⠧ Extracting... ---------------------------------------- 0/8⠇ Extracting... ---------------------------------------- 0/8⠋ Extracting... ---------------------------------------- 0/8⠙ Extracting... ---------------------------------------- 0/8⠹ Extracting... ---------------------------------------- 0/8⠼ Extracting... ---------------------------------------- 0/8⠴ Extracting... ---------------------------------------- 0/8⠧ Extracting... ---------------------------------------- 0/8⠇ Extracting... ---------------------------------------- 0/8⠏ Extracting... ---------------------------------------- 0/8⠙ Extracting... ---------------------------------------- 0/8⠹ Extracting... ---------------------------------------- 0/8⠼ Extracting... ---------------------------------------- 0/8⠴ Extracting... ---------------------------------------- 0/8⠦ Extracting... ---------------------------------------- 0/8⠇ Extracting... ---------------------------------------- 0/8⠏ Extracting... ---------------------------------------- 0/8⠋ Extracting... ---------------------------------------- 0/8⠹ Extracting... ---------------------------------------- 0/8⠸ Extracting... ---------------------------------------- 0/8⠴ Extracting... ---------------------------------------- 0/8⠦ Extracting... ---------------------------------------- 0/8⠧ Extracting... ---------------------------------------- 0/8⠏ Extracting... ---------------------------------------- 0/8⠋ Extracting... ---------------------------------------- 0/8⠹ Extracting... ---------------------------------------- 0/8⠸ Extracting... ---------------------------------------- 0/8⠼ Extracting... ---------------------------------------- 0/8⠦ Extracting... ---------------------------------------- 0/8⠧ Extracting... ---------------------------------------- 0/8⠏ Extracting... ---------------------------------------- 0/8⠋ Extracting... ---------------------------------------- 0/8⠙ Extracting... ---------------------------------------- 0/8⠸ Extracting... ---------------------------------------- 0/8⠼ Extracting... ---------------------------------------- 0/8⠴ Extracting... ---------------------------------------- 0/8⠧ Extracting... ---------------------------------------- 0/8⠇ Extracting... ---------------------------------------- 0/8⠋ Extracting... ---------------------------------------- 0/8⠙ Extracting... ---------------------------------------- 0/8⠹ Extracting... ---------------------------------------- 0/8⠼ Extracting... ---------------------------------------- 0/8⠴ Extracting... ---------------------------------------- 0/8⠧ Extracting... ---------------------------------------- 0/8⠇ Extracting... ---------------------------------------- 0/8⠏ Extracting... ---------------------------------------- 0/8⠙ Extracting... ---------------------------------------- 0/8⠹ Extracting... ---------------------------------------- 0/8⠼ Extracting... ---------------------------------------- 0/8⠴ Extracting... ---------------------------------------- 0/8⠦ Extracting... ---------------------------------------- 0/8⠇ Extracting... ---------------------------------------- 0/8⠏ Extracting... ---------------------------------------- 0/8⠙ Extracting... ---------------------------------------- 0/8⠹ Extracting... ---------------------------------------- 0/8⠸ Extracting... ---------------------------------------- 0/8⠴ Extracting... ---------------------------------------- 0/8⠦ Extracting... ---------------------------------------- 0/8⠧ Extracting... ---------------------------------------- 0/8⠏ Extracting... ---------------------------------------- 0/8⠋ Extracting... ---------------------------------------- 0/8⠹ Extracting... ---------------------------------------- 0/8⠸ Extracting... ---------------------------------------- 0/8⠴ Extracting... ---------------------------------------- 0/8⠦ Extracting... ---------------------------------------- 0/8⠧ Extracting... ---------------------------------------- 0/8⠏ Extracting... ---------------------------------------- 0/8⠋ Extracting... ---------------------------------------- 0/8⠙ Extracting... ---------------------------------------- 0/8⠸ Extracting... ---------------------------------------- 0/8⠼ Extracting... ---------------------------------------- 0/8⠦ Extracting... ---------------------------------------- 0/8⠧ Extracting... ---------------------------------------- 0/8⠇ Extracting... ---------------------------------------- 0/8⠋ Extracting... ---------------------------------------- 0/8⠙ Extracting... ---------------------------------------- 0/8⠸ Extracting... ---------------------------------------- 0/8⠼ Extracting... ---------------------------------------- 0/8⠴ Extracting... ---------------------------------------- 0/8⠧ Extracting... ---------------------------------------- 0/8⠇ Extracting... ---------------------------------------- 0/8⠏ Extracting... ---------------------------------------- 0/8⠙ Extracting... ---------------------------------------- 0/8⠹ Extracting... ---------------------------------------- 0/8⠼ Extracting... ---------------------------------------- 0/8⠴ Extracting... ---------------------------------------- 0/8⠦ Extracting... ---------------------------------------- 0/8⠇ Extracting... ---------------------------------------- 0/8⠏ Extracting... ---------------------------------------- 0/8⠙ Extracting... ---------------------------------------- 0/8⠹ Extracting... ---------------------------------------- 0/8⠸ Extracting... ---------------------------------------- 0/8⠴ Extracting... ---------------------------------------- 0/8⠦ Extracting... ---------------------------------------- 0/8⠧ Extracting... ---------------------------------------- 0/8⠏ Extracting... ---------------------------------------- 0/8⠋ Extracting... ---------------------------------------- 0/8⠹ Extracting... ---------------------------------------- 0/8⠸ Extracting... ---------------------------------------- 0/8⠼ Extracting... ---------------------------------------- 0/8⠦ Extracting... ---------------------------------------- 0/8⠧ Extracting... ---------------------------------------- 0/8⠏ Extracting... ---------------------------------------- 0/8⠋ Extracting... ---------------------------------------- 0/8⠙ Extracting... ---------------------------------------- 0/8⠸ Extracting... ---------------------------------------- 0/8⠼ Extracting... ---------------------------------------- 0/8⠦ Extracting... ---------------------------------------- 0/8⠧ Extracting... ---------------------------------------- 0/8⠇ Extracting... ---------------------------------------- 0/8⠋ Extracting... ---------------------------------------- 0/8⠙ Extracting... ---------------------------------------- 0/8⠹ Extracting... ---------------------------------------- 0/8⠼ Extracting... ---------------------------------------- 0/8⠴ Extracting... ---------------------------------------- 0/8⠧ Extracting... ---------------------------------------- 0/8⠇ Extracting... ---------------------------------------- 0/8⠏ Extracting... ---------------------------------------- 0/8⠙ Extracting... ---------------------------------------- 0/8⠹ Extracting... ---------------------------------------- 0/8⠼ Extracting... ---------------------------------------- 0/8⠴ Extracting... ---------------------------------------- 0/8⠦ Extracting... ---------------------------------------- 0/8⠇ Extracting... ---------------------------------------- 0/8⠏ Extracting... ---------------------------------------- 0/8⠋ Extracting... ---------------------------------------- 0/8⠹ Extracting... ---------------------------------------- 0/8⠸ Extracting... ---------------------------------------- 0/8⠴ Extracting... ---------------------------------------- 0/8⠦ Extracting... ---------------------------------------- 0/8⠧ Extracting... ---------------------------------------- 0/8⠏ Extracting... ---------------------------------------- 0/8⠋ Extracting... ---------------------------------------- 0/8⠙ Extracting... ---------------------------------------- 0/8⠸ Extracting... ---------------------------------------- 0/8⠼ Extracting... ---------------------------------------- 0/8⠦ Extracting... ---------------------------------------- 0/8⠧ Extracting... ---------------------------------------- 0/8⠇ Extracting... ---------------------------------------- 0/8⠋ Extracting... ---------------------------------------- 0/8⠙ Extracting... ---------------------------------------- 0/8⠹ Extracting... ---------------------------------------- 0/8⠼ Extracting... ---------------------------------------- 0/8⠴ Extracting... ---------------------------------------- 0/8⠧ Extracting... ---------------------------------------- 0/8⠇ Extracting... ---------------------------------------- 0/8⠏ Extracting... ---------------------------------------- 0/8⠙ Extracting... ---------------------------------------- 0/8⠹ Extracting... ---------------------------------------- 0/8⠼ Extracting... ---------------------------------------- 0/8⠴ Extracting... ---------------------------------------- 0/8⠦ Extracting... ---------------------------------------- 0/8⠇ Extracting... ---------------------------------------- 0/8⠏ Extracting... ---------------------------------------- 0/8⠋ Extracting... ---------------------------------------- 0/8⠹ Extracting... ---------------------------------------- 0/8⠸ Extracting... ---------------------------------------- 0/8⠴ Extracting... ---------------------------------------- 0/8⠦ Extracting... ---------------------------------------- 0/8⠧ Extracting... ---------------------------------------- 0/8⠏ Extracting... ---------------------------------------- 0/8⠋ Extracting... ---------------------------------------- 0/8⠙ Extracting... ---------------------------------------- 0/8⠸ Extracting... ---------------------------------------- 0/8⠼ Extracting... ---------------------------------------- 0/8⠦ Extracting... ---------------------------------------- 0/8⠧ Extracting... ---------------------------------------- 0/8⠇ Extracting... ---------------------------------------- 0/8⠋ Extracting... ---------------------------------------- 0/8⠙ Extracting... ---------------------------------------- 0/8⠸ Extracting... ---------------------------------------- 0/8⠼ Extracting... ---------------------------------------- 0/8⠴ Extracting... ---------------------------------------- 0/8⠧ Extracting... ---------------------------------------- 0/8⠇ Extracting... ---------------------------------------- 0/8⠏ Extracting... ---------------------------------------- 0/8⠙ Extracting... ---------------------------------------- 0/8⠹ Extracting... ---------------------------------------- 0/8⠼ Extracting... ---------------------------------------- 0/8⠴ Extracting... ---------------------------------------- 0/8⠦ Extracting... ---------------------------------------- 0/8⠇ Extracting... ---------------------------------------- 0/8⠏ Extracting... ---------------------------------------- 0/8⠙ Extracting... ---------------------------------------- 0/8⠹ Extracting... ---------------------------------------- 0/8⠸ Extracting... ---------------------------------------- 0/8⠴ Extracting... ---------------------------------------- 0/8⠦ Extracting... ---------------------------------------- 0/8⠧ Extracting... ---------------------------------------- 0/8⠏ Extracting... ---------------------------------------- 0/8⠋ Extracting... ---------------------------------------- 0/8⠹ Extracting... ---------------------------------------- 0/8⠸ Extracting... ---------------------------------------- 0/8⠼ Extracting... ---------------------------------------- 0/8⠦ Extracting... ---------------------------------------- 0/8⠧ Extracting... ---------------------------------------- 0/8⠏ Extracting... ---------------------------------------- 0/8⠋ Extracting... ---------------------------------------- 0/8⠙ Extracting... ---------------------------------------- 0/8⠸ Extracting... ---------------------------------------- 0/8⠼ Extracting... ---------------------------------------- 0/8⠦ Extracting... ---------------------------------------- 0/8⠧ Extracting... ---------------------------------------- 0/8⠇ Extracting... ---------------------------------------- 0/8⠋ Extracting... ---------------------------------------- 0/8⠙ Extracting... ---------------------------------------- 0/8⠹ Extracting... ---------------------------------------- 0/8⠼ Extracting... ---------------------------------------- 0/8⠴ Extracting... ---------------------------------------- 0/8⠧ Extracting... ---------------------------------------- 0/8⠇ Extracting... ---------------------------------------- 0/8⠏ Extracting... ---------------------------------------- 0/8⠙ Extracting... ---------------------------------------- 0/8⠹ Extracting... ---------------------------------------- 0/8⠸ Extracting... ---------------------------------------- 0/8⠴ Extracting... ---------------------------------------- 0/8⠦ Extracting... ---------------------------------------- 0/8⠇ Extracting... ---------------------------------------- 0/8⠏ Extracting... ---------------------------------------- 0/8⠋ Extracting... ---------------------------------------- 0/8⠹ Extracting... ---------------------------------------- 0/8⠸ Extracting... ---------------------------------------- 0/8⠴ Extracting... ---------------------------------------- 0/8⠦ Extracting... ---------------------------------------- 0/8⠧ Extracting... ---------------------------------------- 0/8⠏ Extracting... ---------------------------------------- 0/8⠋ Extracting... ---------------------------------------- 0/8⠙ Extracting... ---------------------------------------- 0/8⠸ Extracting... ---------------------------------------- 0/8⠼ Extracting... ---------------------------------------- 0/8⠦ Extracting... ---------------------------------------- 0/8⠧ Extracting... ---------------------------------------- 0/8⠇ Extracting... ---------------------------------------- 0/8⠋ Extracting... ---------------------------------------- 0/8⠙ Extracting... ---------------------------------------- 0/8⠸ Extracting... ---------------------------------------- 0/8⠼ Extracting... ---------------------------------------- 0/8⠴ Extracting... ---------------------------------------- 0/8⠧ Extracting... ---------------------------------------- 0/8⠇ Extracting... ---------------------------------------- 0/8⠋ Extracting... ---------------------------------------- 0/8⠙ Extracting... ---------------------------------------- 0/8⠹ Extracting... ---------------------------------------- 0/8⠼ Extracting... ---------------------------------------- 0/8⠴ Extracting... ---------------------------------------- 0/8⠧ Extracting... ---------------------------------------- 0/8⠇ Extracting... ---------------------------------------- 0/8⠏ Extracting... ---------------------------------------- 0/8⠙ Extracting... ---------------------------------------- 0/8⠹ Extracting... ---------------------------------------- 0/8⠸ Extracting... ---------------------------------------- 0/8⠴ Extracting... ---------------------------------------- 0/8⠦ Extracting... ---------------------------------------- 0/8⠇ Extracting... ---------------------------------------- 0/8⠏ Extracting... ---------------------------------------- 0/8⠋ Extracting... ---------------------------------------- 0/8⠹ Extracting... ---------------------------------------- 0/8⠸ Extracting... ---------------------------------------- 0/8⠴ Extracting... ---------------------------------------- 0/8⠦ Extracting... ---------------------------------------- 0/8⠧ Extracting... ---------------------------------------- 0/8⠏ Extracting... ---------------------------------------- 0/8⠋ Extracting... ---------------------------------------- 0/8⠹ Extracting... ---------------------------------------- 0/8⠸ Extracting... ---------------------------------------- 0/8⠼ Extracting... ---------------------------------------- 0/8⠦ Extracting... ---------------------------------------- 0/8⠧ Extracting... ---------------------------------------- 0/8⠏ Extracting... ---------------------------------------- 0/8⠋ Extracting... ---------------------------------------- 0/8⠙ Extracting... ---------------------------------------- 0/8⠸ Extracting... ---------------------------------------- 0/8⠼ Extracting... ---------------------------------------- 0/8⠴ Extracting... ---------------------------------------- 0/8⠧ Extracting... ---------------------------------------- 0/8⠇ Extracting... ---------------------------------------- 0/8⠋ Extracting... ---------------------------------------- 0/8⠙ Extracting... ---------------------------------------- 0/8⠹ Extracting... ---------------------------------------- 0/8⠼ Extracting... ---------------------------------------- 0/8⠴ Extracting... ---------------------------------------- 0/8⠦ Extracting... ---------------------------------------- 0/8⠇ Extracting... ---------------------------------------- 0/8⠏ Extracting... ---------------------------------------- 0/8⠙ Extracting... ---------------------------------------- 0/8⠹ Extracting... ---------------------------------------- 0/8⠸ Extracting... ---------------------------------------- 0/8⠴ Extracting... ---------------------------------------- 0/8⠦ Extracting... ---------------------------------------- 0/8⠧ Extracting... ---------------------------------------- 0/8⠏ Extracting... ---------------------------------------- 0/8⠋ Extracting... ---------------------------------------- 0/8⠹ Extracting... ---------------------------------------- 0/8⠸ Extracting... ---------------------------------------- 0/8⠼ Extracting... ---------------------------------------- 0/8⠦ Extracting... ---------------------------------------- 0/8⠧ Extracting... ---------------------------------------- 0/8⠏ Extracting... ---------------------------------------- 0/8⠋ Extracting... ---------------------------------------- 0/8⠙ Extracting... ---------------------------------------- 0/8⠸ Extracting... ---------------------------------------- 0/8⠼ Extracting... ---------------------------------------- 0/8⠦ Extracting... ---------------------------------------- 0/8⠧ Extracting... ---------------------------------------- 0/8⠇ Extracting... ---------------------------------------- 0/8⠋ Extracting... ---------------------------------------- 0/8⠙ Extracting... ---------------------------------------- 0/8⠹ Extracting... ---------------------------------------- 0/8⠼ Extracting... ---------------------------------------- 0/8⠴ Extracting... ---------------------------------------- 0/8⠧ Extracting... ---------------------------------------- 0/8⠇ Extracting... ---------------------------------------- 0/8⠏ Extracting... ---------------------------------------- 0/8⠙ Extracting... ---------------------------------------- 0/8⠹ Extracting... ---------------------------------------- 0/8⠼ Extracting... ---------------------------------------- 0/8⠴ Extracting... ---------------------------------------- 0/8⠦ Extracting... ---------------------------------------- 0/8⠇ Extracting... ---------------------------------------- 0/8⠏ Extracting... ---------------------------------------- 0/8⠙ Extracting... ---------------------------------------- 0/8⠹ Extracting... ---------------------------------------- 0/8⠸ Extracting... ---------------------------------------- 0/8⠴ Extracting... ---------------------------------------- 0/8⠦ Extracting... ---------------------------------------- 0/8⠧ Extracting... ---------------------------------------- 0/8⠏ Extracting... ---------------------------------------- 0/8⠋ Extracting... ---------------------------------------- 0/8⠹ Extracting... ---------------------------------------- 0/8⠸ Extracting... ---------------------------------------- 0/8⠼ Extracting... ---------------------------------------- 0/8⠦ Extracting... ---------------------------------------- 0/8⠧ Extracting... ---------------------------------------- 0/8⠏ Extracting... ---------------------------------------- 0/8⠋ Extracting... ---------------------------------------- 0/8⠙ Extracting... ---------------------------------------- 0/8⠸ Extracting... ---------------------------------------- 0/8⠼ Extracting... ---------------------------------------- 0/8⠴ Extracting... ---------------------------------------- 0/8⠧ Extracting... ---------------------------------------- 0/8⠇ Extracting... ---------------------------------------- 0/8⠋ Extracting... ---------------------------------------- 0/8⠙ Extracting... ---------------------------------------- 0/8⠹ Extracting... ---------------------------------------- 0/8⠼ Extracting... ---------------------------------------- 0/8⠴ Extracting... ---------------------------------------- 0/8⠧ Extracting... ---------------------------------------- 0/8⠇ Extracting... ---------------------------------------- 0/8⠏ Extracting... ---------------------------------------- 0/8⠙ Extracting... ---------------------------------------- 0/8⠹ Extracting... ---------------------------------------- 0/8⠸ Extracting... ---------------------------------------- 0/8⠴ Extracting... ---------------------------------------- 0/8⠦ Extracting... ---------------------------------------- 0/8⠇ Extracting... ---------------------------------------- 0/8⠏ Extracting... ---------------------------------------- 0/8⠋ Extracting... ---------------------------------------- 0/8⠹ Extracting... ---------------------------------------- 0/8⠸ Extracting... ---------------------------------------- 0/8⠴ Extracting... ---------------------------------------- 0/8⠦ Extracting... ---------------------------------------- 0/8⠧ Extracting... ---------------------------------------- 0/8⠏ Extracting... ---------------------------------------- 0/8⠋ Extracting... ---------------------------------------- 0/8⠹ Extracting... ---------------------------------------- 0/8⠸ Extracting... ---------------------------------------- 0/8⠼ Extracting... ---------------------------------------- 0/8⠦ Extracting... ---------------------------------------- 0/8⠧ Extracting... ---------------------------------------- 0/8⠏ Extracting... ---------------------------------------- 0/8⠋ Extracting... ---------------------------------------- 0/8⠙ Extracting... ---------------------------------------- 0/8⠸ Extracting... ---------------------------------------- 0/8⠼ Extracting... ---------------------------------------- 0/8⠦ Extracting... ---------------------------------------- 0/8⠧ Extracting... ---------------------------------------- 0/8⠇ Extracting... ---------------------------------------- 0/8⠋ Extracting... ---------------------------------------- 0/8⠙ Extracting... ---------------------------------------- 0/8⠹ Extracting... ---------------------------------------- 0/8⠼ Extracting... ---------------------------------------- 0/8⠴ Extracting... ---------------------------------------- 0/8⠧ Extracting... ---------------------------------------- 0/8⠇ Extracting... ---------------------------------------- 0/8⠋ Extracting... ---------------------------------------- 0/8⠙ Extracting... ---------------------------------------- 0/8⠹ Extracting... ---------------------------------------- 0/8⠼ Extracting... ---------------------------------------- 0/8⠴ Extracting... ---------------------------------------- 0/8⠦ Extracting... ---------------------------------------- 0/8⠇ Extracting... ---------------------------------------- 0/8⠏ Extracting... ---------------------------------------- 0/8⠙ Extracting... ---------------------------------------- 0/8⠹ Extracting... ---------------------------------------- 0/8⠸ Extracting... ---------------------------------------- 0/8⠴ Extracting... ---------------------------------------- 0/8⠦ Extracting... ---------------------------------------- 0/8⠇ Extracting... ---------------------------------------- 0/8⠏ Extracting... ---------------------------------------- 0/8⠋ Extracting... ---------------------------------------- 0/8⠹ Extracting... ---------------------------------------- 0/8⠸ Extracting... ---------------------------------------- 0/8⠴ Extracting... ---------------------------------------- 0/8⠦ Extracting... ---------------------------------------- 0/8⠧ Extracting... ---------------------------------------- 0/8⠏ Extracting... ---------------------------------------- 0/8⠋ Extracting... ---------------------------------------- 0/8⠙ Extracting... ---------------------------------------- 0/8⠸ Extracting... ---------------------------------------- 0/8⠼ Extracting... ---------------------------------------- 0/8⠦ Extracting... ---------------------------------------- 0/8⠧ Extracting... ---------------------------------------- 0/8⠇ Extracting... ---------------------------------------- 0/8⠋ Extracting... ---------------------------------------- 0/8⠙ Extracting... ---------------------------------------- 0/8⠸ Extracting... ---------------------------------------- 0/8⠼ Extracting... ---------------------------------------- 0/8⠴ Extracting... ---------------------------------------- 0/8⠧ Extracting... ---------------------------------------- 0/8⠇ Extracting... ---------------------------------------- 0/8⠋ Extracting... ---------------------------------------- 0/8⠙ Extracting... ---------------------------------------- 0/8⠹ Extracting... ---------------------------------------- 0/8⠼ Extracting... ---------------------------------------- 0/8⠴ Extracting... ---------------------------------------- 0/8⠧ Extracting... ---------------------------------------- 0/8⠇ Extracting... ---------------------------------------- 0/8⠏ Extracting... ---------------------------------------- 0/8⠙ Extracting... ---------------------------------------- 0/8⠹ Extracting... ---------------------------------------- 0/8⠸ Extracting... ---------------------------------------- 0/8⠴ Extracting... ---------------------------------------- 0/8⠦ Extracting... ---------------------------------------- 0/8⠇ Extracting... ---------------------------------------- 0/8⠏ Extracting... ---------------------------------------- 0/8⠋ Extracting... ---------------------------------------- 0/8⠹ Extracting... ---------------------------------------- 0/8⠸ Extracting... ---------------------------------------- 0/8⠴ Extracting... ---------------------------------------- 0/8⠦ Extracting... ---------------------------------------- 0/8⠧ Extracting... ---------------------------------------- 0/8⠏ Extracting... ---------------------------------------- 0/8⠋ Extracting... ---------------------------------------- 0/8⠙ Extracting... ---------------------------------------- 0/8⠸ Extracting... ---------------------------------------- 0/8⠼ Extracting... ---------------------------------------- 0/8⠦ Extracting... ---------------------------------------- 0/8⠧ Extracting... ---------------------------------------- 0/8⠇ Extracting... ---------------------------------------- 0/8⠋ Extracting... ---------------------------------------- 0/8⠙ Extracting... ---------------------------------------- 0/8⠸ Extracting... ---------------------------------------- 0/8⠼ Extracting... ---------------------------------------- 0/8⠴ Extracting... ---------------------------------------- 0/8⠧ Extracting... ---------------------------------------- 0/8⠇ Extracting... ---------------------------------------- 0/8⠋ Extracting... ---------------------------------------- 0/8⠙ Extracting... ---------------------------------------- 0/8⠹ Extracting... ---------------------------------------- 0/8⠼ Extracting... ---------------------------------------- 0/8⠴ Extracting... ---------------------------------------- 0/8⠦ Extracting... ---------------------------------------- 0/8⠇ Extracting... ---------------------------------------- 0/8⠏ Extracting... ---------------------------------------- 0/8⠙ Extracting... ---------------------------------------- 0/8⠹ Extracting... ---------------------------------------- 0/8⠸ Extracting... ---------------------------------------- 0/8⠴ Extracting... ---------------------------------------- 0/8⠦ Extracting... ---------------------------------------- 0/8⠇ Extracting... ---------------------------------------- 0/8⠏ Extracting... ---------------------------------------- 0/8⠋ Extracting... ---------------------------------------- 0/8⠹ Extracting... ---------------------------------------- 0/8⠸ Extracting... ---------------------------------------- 0/8⠼ Extracting... ---------------------------------------- 0/8⠦ Extracting... ---------------------------------------- 0/8⠧ Extracting... ---------------------------------------- 0/8⠏ Extracting... ---------------------------------------- 0/8⠋ Extracting... ---------------------------------------- 0/8⠙ Extracting... ---------------------------------------- 0/8⠸ Extracting... ---------------------------------------- 0/8⠼ Extracting... ---------------------------------------- 0/8⠦ Extracting... ---------------------------------------- 0/8⠧ Extracting... ---------------------------------------- 0/8⠇ Extracting... ---------------------------------------- 0/8⠋ Extracting... ---------------------------------------- 0/8⠙ Extracting... ---------------------------------------- 0/8⠹ Extracting... ---------------------------------------- 0/8⠼ Extracting... ---------------------------------------- 0/8⠴ Extracting... ---------------------------------------- 0/8⠧ Extracting... ---------------------------------------- 0/8⠇ Extracting... ---------------------------------------- 0/8⠏ Extracting... ---------------------------------------- 0/8⠙ Extracting... ---------------------------------------- 0/8⠹ Extracting... ---------------------------------------- 0/8⠼ Extracting... ---------------------------------------- 0/8⠴ Extracting... ---------------------------------------- 0/8⠦ Extracting... ---------------------------------------- 0/8⠇ Extracting... ---------------------------------------- 0/8⠏ Extracting... ---------------------------------------- 0/8⠙ Extracting... ---------------------------------------- 0/8⠹ Extracting... ---------------------------------------- 0/8⠸ Extracting... ---------------------------------------- 0/8⠴ Extracting... ---------------------------------------- 0/8⠦ Extracting... ---------------------------------------- 0/8⠧ Extracting... ---------------------------------------- 0/8⠏ Extracting... ---------------------------------------- 0/8⠋ Extracting... ---------------------------------------- 0/8⠹ Extracting... ---------------------------------------- 0/8⠸ Extracting... ---------------------------------------- 0/8⠼ Extracting... ---------------------------------------- 0/8⠦ Extracting... ---------------------------------------- 0/8⠧ Extracting... ---------------------------------------- 0/8⠏ Extracting... ---------------------------------------- 0/8⠋ Extracting... ---------------------------------------- 0/8⠙ Extracting... ---------------------------------------- 0/8⠸ Extracting... ---------------------------------------- 0/8⠼ Extracting... ---------------------------------------- 0/8⠦ Extracting... ---------------------------------------- 0/8⠧ Extracting... ---------------------------------------- 0/8⠇ Extracting... ---------------------------------------- 0/8⠋ Extracting... ---------------------------------------- 0/8⠙ Extracting... ---------------------------------------- 0/8⠸ Extracting... ---------------------------------------- 0/8⠼ Extracting... ---------------------------------------- 0/8⠴ Extracting... ---------------------------------------- 0/8⠧ Extracting... ---------------------------------------- 0/8⠇ Extracting... ---------------------------------------- 0/8⠏ Extracting... ---------------------------------------- 0/8⠙ Extracting... ---------------------------------------- 0/8⠹ Extracting... ---------------------------------------- 0/8⠼ Extracting... ---------------------------------------- 0/8⠴ Extracting... ---------------------------------------- 0/8⠦ Extracting... ---------------------------------------- 0/8⠇ Extracting... ---------------------------------------- 0/8⠏ Extracting... ---------------------------------------- 0/8⠙ Extracting... ---------------------------------------- 0/8⠹ Extracting... ---------------------------------------- 0/8⠸ Extracting... ---------------------------------------- 0/8⠴ Extracting... ---------------------------------------- 0/8⠦ Extracting... ---------------------------------------- 0/8⠧ Extracting... ---------------------------------------- 0/8⠏ Extracting... ---------------------------------------- 0/8⠋ Extracting... ---------------------------------------- 0/8⠹ Extracting... ---------------------------------------- 0/8⠸ Extracting... ---------------------------------------- 0/8⠼ Extracting... ---------------------------------------- 0/8⠦ Extracting... ---------------------------------------- 0/8⠧ Extracting... ---------------------------------------- 0/8⠏ Extracting... ---------------------------------------- 0/8⠋ Extracting... ---------------------------------------- 0/8⠙ Extracting... ---------------------------------------- 0/8⠸ Extracting... ---------------------------------------- 0/8⠼ Extracting... ---------------------------------------- 0/8⠴ Extracting... ---------------------------------------- 0/8⠧ Extracting... ---------------------------------------- 0/8⠇ Extracting... ---------------------------------------- 0/8⠋ Extracting... ---------------------------------------- 0/8⠙ Extracting... ---------------------------------------- 0/8⠹ Extracting... ---------------------------------------- 0/8⠼ Extracting... ---------------------------------------- 0/8⠴ Extracting... ---------------------------------------- 0/8⠧ Extracting... ---------------------------------------- 0/8⠇ Extracting... ---------------------------------------- 0/8⠏ Extracting... ---------------------------------------- 0/8⠙ Extracting... ---------------------------------------- 0/8⠹ Extracting... ---------------------------------------- 0/8⠸ Extracting... ---------------------------------------- 0/8⠴ Extracting... ---------------------------------------- 0/8⠦ Extracting... ---------------------------------------- 0/8⠇ Extracting... ---------------------------------------- 0/8⠏ Extracting... ---------------------------------------- 0/8⠋ Extracting... ---------------------------------------- 0/8⠹ Extracting... ---------------------------------------- 0/8⠸ Extracting... ---------------------------------------- 0/8⠴ Extracting... ---------------------------------------- 0/8⠦ Extracting... ---------------------------------------- 0/8⠧ Extracting... ---------------------------------------- 0/8⠏ Extracting... ---------------------------------------- 0/8⠋ Extracting... ---------------------------------------- 0/8⠹ Extracting... ---------------------------------------- 0/8⠸ Extracting... ---------------------------------------- 0/8⠼ Extracting... ---------------------------------------- 0/8⠦ Extracting... ---------------------------------------- 0/8⠧ Extracting... ---------------------------------------- 0/8⠇ Extracting... ---------------------------------------- 0/8⠋ Extracting... ---------------------------------------- 0/8⠙ Extracting... ---------------------------------------- 0/8⠸ Extracting... ---------------------------------------- 0/8⠼ Extracting... ---------------------------------------- 0/8⠴ Extracting... ---------------------------------------- 0/8⠧ Extracting... ---------------------------------------- 0/8⠇ Extracting... ---------------------------------------- 0/8⠏ Extracting... ---------------------------------------- 0/8⠙ Extracting... ---------------------------------------- 0/8⠹ Extracting... ---------------------------------------- 0/8⠼ Extracting... ---------------------------------------- 0/8⠴ Extracting... ---------------------------------------- 0/8⠦ Extracting... ---------------------------------------- 0/8⠇ Extracting... ---------------------------------------- 0/8⠏ Extracting... ---------------------------------------- 0/8⠙ Extracting... ---------------------------------------- 0/8⠹ Extracting... ---------------------------------------- 0/8⠸ Extracting... ---------------------------------------- 0/8⠴ Extracting... ---------------------------------------- 0/8⠦ Extracting... ---------------------------------------- 0/8⠇ Extracting... ---------------------------------------- 0/8⠏ Extracting... ---------------------------------------- 0/8⠋ Extracting... ---------------------------------------- 0/8⠹ Extracting... ---------------------------------------- 0/8⠸ Extracting... ---------------------------------------- 0/8⠼ Extracting... ---------------------------------------- 0/8⠦ Extracting... ---------------------------------------- 0/8⠧ Extracting... ---------------------------------------- 0/8⠏ Extracting... ---------------------------------------- 0/8⠋ Extracting... ---------------------------------------- 0/8⠙ Extracting... ---------------------------------------- 0/8⠸ Extracting... ---------------------------------------- 0/8⠼ Extracting... ---------------------------------------- 0/8⠦ Extracting... ---------------------------------------- 0/8⠧ Extracting... ---------------------------------------- 0/8⠇ Extracting... ---------------------------------------- 0/8⠋ Extracting... ---------------------------------------- 0/8⠙ Extracting... ---------------------------------------- 0/8⠹ Extracting... ---------------------------------------- 0/8⠼ Extracting... ---------------------------------------- 0/8⠴ Extracting... ---------------------------------------- 0/8⠧ Extracting... ---------------------------------------- 0/8⠇ Extracting... ---------------------------------------- 0/8⠏ Extracting... ---------------------------------------- 0/8⠙ Extracting... ---------------------------------------- 0/8⠹ Extracting... ---------------------------------------- 0/8⠸ Extracting... ---------------------------------------- 0/8⠴ Extracting... ---------------------------------------- 0/8⠦ Extracting... ---------------------------------------- 0/8⠇ Extracting... ---------------------------------------- 0/8⠏ Extracting... ---------------------------------------- 0/8⠋ Extracting... ---------------------------------------- 0/8⠹ Extracting... ---------------------------------------- 0/8⠸ Extracting... ---------------------------------------- 0/8⠴ Extracting... ---------------------------------------- 0/8⠦ Extracting... ---------------------------------------- 0/8⠧ Extracting... ---------------------------------------- 0/8⠏ Extracting... ---------------------------------------- 0/8⠋ Extracting... ---------------------------------------- 0/8⠙ Extracting... ---------------------------------------- 0/8⠸ Extracting... ---------------------------------------- 0/8⠼ Extracting... ---------------------------------------- 0/8⠦ Extracting... ---------------------------------------- 0/8⠧ Extracting... ---------------------------------------- 0/8⠇ Extracting... ---------------------------------------- 0/8⠋ Extracting... ---------------------------------------- 0/8⠙ Extracting... ---------------------------------------- 0/8⠸ Extracting... ---------------------------------------- 0/8⠼ Extracting... ---------------------------------------- 0/8⠴ Extracting... ---------------------------------------- 0/8⠧ Extracting... ---------------------------------------- 0/8⠇ Extracting... ---------------------------------------- 0/8⠋ Extracting... ---------------------------------------- 0/8⠙ Extracting... ---------------------------------------- 0/8⠹ Extracting... ---------------------------------------- 0/8⠼ Extracting... ---------------------------------------- 0/8⠴ Extracting... ---------------------------------------- 0/8⠦ Extracting... ---------------------------------------- 0/8⠇ Extracting... ---------------------------------------- 0/8⠏ Extracting... ---------------------------------------- 0/8⠙ Extracting... ---------------------------------------- 0/8⠹ Extracting... ---------------------------------------- 0/8⠸ Extracting... ---------------------------------------- 0/8⠴ Extracting... ---------------------------------------- 0/8⠦ Extracting... ---------------------------------------- 0/8⠇ Extracting... ---------------------------------------- 0/8⠏ Extracting... ---------------------------------------- 0/8⠋ Extracting... ---------------------------------------- 0/8⠹ Extracting... ---------------------------------------- 0/8⠸ Extracting... ---------------------------------------- 0/8⠼ Extracting... ---------------------------------------- 0/8⠦ Extracting... ---------------------------------------- 0/8⠧ Extracting... ---------------------------------------- 0/8⠏ Extracting... ---------------------------------------- 0/8⠋ Extracting... ---------------------------------------- 0/8⠙ Extracting... ---------------------------------------- 0/8⠸ Extracting... ---------------------------------------- 0/8⠼ Extracting... ---------------------------------------- 0/8⠦ Extracting... ---------------------------------------- 0/8⠧ Extracting... ---------------------------------------- 0/8⠇ Extracting... ---------------------------------------- 0/8⠋ Extracting... ---------------------------------------- 0/8⠙ Extracting... ---------------------------------------- 0/8⠹ Extracting... ---------------------------------------- 0/8⠼ Extracting... ---------------------------------------- 0/8⠴ Extracting... ---------------------------------------- 0/8⠧ Extracting... ---------------------------------------- 0/8⠇ Extracting... ---------------------------------------- 0/8⠏ Extracting... ---------------------------------------- 0/8⠙ Extracting... ---------------------------------------- 0/8⠹ Extracting... ---------------------------------------- 0/8⠼ Extracting... ---------------------------------------- 0/8⠴ Extracting... ---------------------------------------- 0/8⠦ Extracting... ---------------------------------------- 0/8⠇ Extracting... ---------------------------------------- 0/8⠏ Extracting... ---------------------------------------- 0/8⠙ Extracting... ---------------------------------------- 0/8⠹ Extracting... ---------------------------------------- 0/8⠸ Extracting... ---------------------------------------- 0/8⠴ Extracting... ---------------------------------------- 0/8⠦ Extracting... ---------------------------------------- 0/8⠇ Extracting... ---------------------------------------- 0/8⠏ Extracting... ---------------------------------------- 0/8⠋ Extracting... ---------------------------------------- 0/8⠹ Extracting... ---------------------------------------- 0/8⠸ Extracting... ---------------------------------------- 0/8⠼ Extracting... ---------------------------------------- 0/8⠦ Extracting... ---------------------------------------- 0/8⠧ Extracting... ---------------------------------------- 0/8⠏ Extracting... ---------------------------------------- 0/8⠋ Extracting... ---------------------------------------- 0/8⠙ Extracting... ---------------------------------------- 0/8⠸ Extracting... ---------------------------------------- 0/8⠼ Extracting... ---------------------------------------- 0/8⠦ Extracting... ---------------------------------------- 0/8⠧ Extracting... ---------------------------------------- 0/8⠇ Extracting... ---------------------------------------- 0/8⠋ Extracting... ---------------------------------------- 0/8⠙ Extracting... ---------------------------------------- 0/8⠹ Extracting... ---------------------------------------- 0/8⠼ Extracting... ---------------------------------------- 0/8⠴ Extracting... ---------------------------------------- 0/8⠧ Extracting... ---------------------------------------- 0/8⠇ Extracting... ---------------------------------------- 0/8⠏ Extracting... ---------------------------------------- 0/8⠙ Extracting... ---------------------------------------- 0/8⠹ Extracting... ---------------------------------------- 0/8⠼ Extracting... ---------------------------------------- 0/8⠴ Extracting... ---------------------------------------- 0/8⠦ Extracting... ---------------------------------------- 0/8⠇ Extracting... ---------------------------------------- 0/8⠏ Extracting... ---------------------------------------- 0/8⠙ Extracting... ---------------------------------------- 0/8⠹ Extracting... ---------------------------------------- 0/8⠸ Extracting... ---------------------------------------- 0/8⠴ Extracting... ---------------------------------------- 0/8⠦ Extracting... ---------------------------------------- 0/8⠧ Extracting... ---------------------------------------- 0/8⠏ Extracting... ---------------------------------------- 0/8⠋ Extracting... ---------------------------------------- 0/8⠹ Extracting... ---------------------------------------- 0/8⠸ Extracting... ---------------------------------------- 0/8[09/09/26 22:52:20] INFO     HTTP Request: POST                 _client.py:1025
                             http://localhost:11434/api/generat                
                             e "HTTP/1.1 200 OK"                               
⠸ Extracting... ---------------------------------------- 0/8                    WARNING  Validation failed for CDU         validator.py:290
                             operating manual_chunk_0000: 4                    
                             errors, 0 warnings                                
⠸ Extracting... ---------------------------------------- 0/8⠼ Extracting... ---------------------------------------- 0/8                    INFO     Inserted from CDU operating           graph.py:176
                             manual_chunk_0000: 0 entities, 0                  
                             claims, 0 relationships                           
⠼ Extracting... ---------------------------------------- 0/8⠼ Extracting... ----- ---------------------------------- 1/8⠴ Extracting... ----- ---------------------------------- 1/8⠦ Extracting... ----- ---------------------------------- 1/8⠇ Extracting... ----- ---------------------------------- 1/8⠏ Extracting... ----- ---------------------------------- 1/8⠙ Extracting... ----- ---------------------------------- 1/8⠹ Extracting... ----- ---------------------------------- 1/8⠸ Extracting... ----- ---------------------------------- 1/8⠴ Extracting... ----- ---------------------------------- 1/8⠦ Extracting... ----- ---------------------------------- 1/8⠇ Extracting... ----- ---------------------------------- 1/8⠏ Extracting... ----- ---------------------------------- 1/8⠋ Extracting... ----- ---------------------------------- 1/8⠹ Extracting... ----- ---------------------------------- 1/8⠸ Extracting... ----- ---------------------------------- 1/8⠼ Extracting... ----- ---------------------------------- 1/8⠦ Extracting... ----- ---------------------------------- 1/8⠧ Extracting... ----- ---------------------------------- 1/8⠏ Extracting... ----- ---------------------------------- 1/8⠋ Extracting... ----- ---------------------------------- 1/8⠙ Extracting... ----- ---------------------------------- 1/8⠸ Extracting... ----- ---------------------------------- 1/8⠼ Extracting... ----- ---------------------------------- 1/8⠦ Extracting... ----- ---------------------------------- 1/8⠧ Extracting... ----- ---------------------------------- 1/8⠇ Extracting... ----- ---------------------------------- 1/8⠋ Extracting... ----- ---------------------------------- 1/8⠙ Extracting... ----- ---------------------------------- 1/8⠸ Extracting... ----- ---------------------------------- 1/8⠼ Extracting... ----- ---------------------------------- 1/8⠴ Extracting... ----- ---------------------------------- 1/8⠧ Extracting... ----- ---------------------------------- 1/8⠇ Extracting... ----- ---------------------------------- 1/8⠏ Extracting... ----- ---------------------------------- 1/8⠙ Extracting... ----- ---------------------------------- 1/8⠹ Extracting... ----- ---------------------------------- 1/8⠼ Extracting... ----- ---------------------------------- 1/8⠴ Extracting... ----- ---------------------------------- 1/8⠦ Extracting... ----- ---------------------------------- 1/8⠇ Extracting... ----- ---------------------------------- 1/8⠏ Extracting... ----- ---------------------------------- 1/8⠙ Extracting... ----- ---------------------------------- 1/8⠹ Extracting... ----- ---------------------------------- 1/8⠸ Extracting... ----- ---------------------------------- 1/8⠴ Extracting... ----- ---------------------------------- 1/8⠦ Extracting... ----- ---------------------------------- 1/8⠇ Extracting... ----- ---------------------------------- 1/8⠏ Extracting... ----- ---------------------------------- 1/8⠋ Extracting... ----- ---------------------------------- 1/8⠹ Extracting... ----- ---------------------------------- 1/8⠸ Extracting... ----- ---------------------------------- 1/8⠼ Extracting... ----- ---------------------------------- 1/8⠦ Extracting... ----- ---------------------------------- 1/8⠧ Extracting... ----- ---------------------------------- 1/8⠏ Extracting... ----- ---------------------------------- 1/8⠋ Extracting... ----- ---------------------------------- 1/8⠙ Extracting... ----- ---------------------------------- 1/8⠸ Extracting... ----- ---------------------------------- 1/8⠼ Extracting... ----- ---------------------------------- 1/8⠦ Extracting... ----- ---------------------------------- 1/8⠧ Extracting... ----- ---------------------------------- 1/8⠇ Extracting... ----- ---------------------------------- 1/8⠋ Extracting... ----- ---------------------------------- 1/8⠙ Extracting... ----- ---------------------------------- 1/8⠹ Extracting... ----- ---------------------------------- 1/8⠼ Extracting... ----- ---------------------------------- 1/8⠴ Extracting... ----- ---------------------------------- 1/8⠧ Extracting... ----- ---------------------------------- 1/8⠇ Extracting... ----- ---------------------------------- 1/8⠏ Extracting... ----- ---------------------------------- 1/8⠙ Extracting... ----- ---------------------------------- 1/8⠹ Extracting... ----- ---------------------------------- 1/8⠼ Extracting... ----- ---------------------------------- 1/8⠴ Extracting... ----- ---------------------------------- 1/8⠦ Extracting... ----- ---------------------------------- 1/8⠇ Extracting... ----- ---------------------------------- 1/8⠏ Extracting... ----- ---------------------------------- 1/8⠙ Extracting... ----- ---------------------------------- 1/8⠹ Extracting... ----- ---------------------------------- 1/8⠸ Extracting... ----- ---------------------------------- 1/8⠴ Extracting... ----- ---------------------------------- 1/8⠦ Extracting... ----- ---------------------------------- 1/8⠇ Extracting... ----- ---------------------------------- 1/8⠏ Extracting... ----- ---------------------------------- 1/8⠋ Extracting... ----- ---------------------------------- 1/8⠹ Extracting... ----- ---------------------------------- 1/8⠸ Extracting... ----- ---------------------------------- 1/8⠼ Extracting... ----- ---------------------------------- 1/8⠦ Extracting... ----- ---------------------------------- 1/8⠧ Extracting... ----- ---------------------------------- 1/8⠏ Extracting... ----- ---------------------------------- 1/8⠋ Extracting... ----- ---------------------------------- 1/8⠙ Extracting... ----- ---------------------------------- 1/8⠸ Extracting... ----- ---------------------------------- 1/8⠼ Extracting... ----- ---------------------------------- 1/8⠴ Extracting... ----- ---------------------------------- 1/8⠧ Extracting... ----- ---------------------------------- 1/8⠇ Extracting... ----- ---------------------------------- 1/8⠋ Extracting... ----- ---------------------------------- 1/8⠙ Extracting... ----- ---------------------------------- 1/8⠹ Extracting... ----- ---------------------------------- 1/8⠼ Extracting... ----- ---------------------------------- 1/8⠴ Extracting... ----- ---------------------------------- 1/8⠧ Extracting... ----- ---------------------------------- 1/8⠇ Extracting... ----- ---------------------------------- 1/8⠏ Extracting... ----- ---------------------------------- 1/8⠙ Extracting... ----- ---------------------------------- 1/8⠹ Extracting... ----- ---------------------------------- 1/8⠸ Extracting... ----- ---------------------------------- 1/8⠴ Extracting... ----- ---------------------------------- 1/8⠦ Extracting... ----- ---------------------------------- 1/8⠇ Extracting... ----- ---------------------------------- 1/8⠏ Extracting... ----- ---------------------------------- 1/8⠋ Extracting... ----- ---------------------------------- 1/8⠹ Extracting... ----- ---------------------------------- 1/8⠸ Extracting... ----- ---------------------------------- 1/8⠴ Extracting... ----- ---------------------------------- 1/8⠦ Extracting... ----- ---------------------------------- 1/8⠧ Extracting... ----- ---------------------------------- 1/8⠏ Extracting... ----- ---------------------------------- 1/8⠋ Extracting... ----- ---------------------------------- 1/8⠙ Extracting... ----- ---------------------------------- 1/8⠸ Extracting... ----- ---------------------------------- 1/8⠼ Extracting... ----- ---------------------------------- 1/8⠦ Extracting... ----- ---------------------------------- 1/8⠧ Extracting... ----- ---------------------------------- 1/8⠇ Extracting... ----- ---------------------------------- 1/8⠋ Extracting... ----- ---------------------------------- 1/8⠙ Extracting... ----- ---------------------------------- 1/8⠸ Extracting... ----- ---------------------------------- 1/8⠼ Extracting... ----- ---------------------------------- 1/8⠴ Extracting... ----- ---------------------------------- 1/8⠧ Extracting... ----- ---------------------------------- 1/8⠇ Extracting... ----- ---------------------------------- 1/8⠏ Extracting... ----- ---------------------------------- 1/8⠙ Extracting... ----- ---------------------------------- 1/8⠹ Extracting... ----- ---------------------------------- 1/8⠼ Extracting... ----- ---------------------------------- 1/8⠴ Extracting... ----- ---------------------------------- 1/8⠦ Extracting... ----- ---------------------------------- 1/8⠇ Extracting... ----- ---------------------------------- 1/8⠏ Extracting... ----- ---------------------------------- 1/8⠙ Extracting... ----- ---------------------------------- 1/8⠹ Extracting... ----- ---------------------------------- 1/8⠸ Extracting... ----- ---------------------------------- 1/8⠴ Extracting... ----- ---------------------------------- 1/8⠦ Extracting... ----- ---------------------------------- 1/8⠧ Extracting... ----- ---------------------------------- 1/8⠏ Extracting... ----- ---------------------------------- 1/8⠋ Extracting... ----- ---------------------------------- 1/8⠹ Extracting... ----- ---------------------------------- 1/8⠸ Extracting... ----- ---------------------------------- 1/8⠼ Extracting... ----- ---------------------------------- 1/8⠦ Extracting... ----- ---------------------------------- 1/8⠧ Extracting... ----- ---------------------------------- 1/8⠏ Extracting... ----- ---------------------------------- 1/8⠋ Extracting... ----- ---------------------------------- 1/8⠙ Extracting... ----- ---------------------------------- 1/8⠸ Extracting... ----- ---------------------------------- 1/8⠼ Extracting... ----- ---------------------------------- 1/8⠦ Extracting... ----- ---------------------------------- 1/8⠧ Extracting... ----- ---------------------------------- 1/8⠇ Extracting... ----- ---------------------------------- 1/8⠋ Extracting... ----- ---------------------------------- 1/8⠙ Extracting... ----- ---------------------------------- 1/8⠹ Extracting... ----- ---------------------------------- 1/8⠼ Extracting... ----- ---------------------------------- 1/8⠴ Extracting... ----- ---------------------------------- 1/8⠧ Extracting... ----- ---------------------------------- 1/8⠇ Extracting... ----- ---------------------------------- 1/8⠏ Extracting... ----- ---------------------------------- 1/8⠙ Extracting... ----- ---------------------------------- 1/8⠹ Extracting... ----- ---------------------------------- 1/8⠼ Extracting... ----- ---------------------------------- 1/8⠴ Extracting... ----- ---------------------------------- 1/8⠦ Extracting... ----- ---------------------------------- 1/8⠇ Extracting... ----- ---------------------------------- 1/8⠏ Extracting... ----- ---------------------------------- 1/8⠙ Extracting... ----- ---------------------------------- 1/8⠹ Extracting... ----- ---------------------------------- 1/8⠸ Extracting... ----- ---------------------------------- 1/8⠴ Extracting... ----- ---------------------------------- 1/8⠦ Extracting... ----- ---------------------------------- 1/8⠧ Extracting... ----- ---------------------------------- 1/8⠏ Extracting... ----- ---------------------------------- 1/8⠋ Extracting... ----- ---------------------------------- 1/8⠹ Extracting... ----- ---------------------------------- 1/8⠸ Extracting... ----- ---------------------------------- 1/8⠼ Extracting... ----- ---------------------------------- 1/8⠦ Extracting... ----- ---------------------------------- 1/8⠧ Extracting... ----- ---------------------------------- 1/8⠇ Extracting... ----- ---------------------------------- 1/8⠋ Extracting... ----- ---------------------------------- 1/8⠙ Extracting... ----- ---------------------------------- 1/8⠸ Extracting... ----- ---------------------------------- 1/8⠼ Extracting... ----- ---------------------------------- 1/8⠴ Extracting... ----- ---------------------------------- 1/8⠧ Extracting... ----- ---------------------------------- 1/8⠇ Extracting... ----- ---------------------------------- 1/8⠋ Extracting... ----- ---------------------------------- 1/8⠙ Extracting... ----- ---------------------------------- 1/8⠹ Extracting... ----- ---------------------------------- 1/8⠼ Extracting... ----- ---------------------------------- 1/8⠴ Extracting... ----- ---------------------------------- 1/8⠧ Extracting... ----- ---------------------------------- 1/8⠇ Extracting... ----- ---------------------------------- 1/8⠏ Extracting... ----- ---------------------------------- 1/8⠙ Extracting... ----- ---------------------------------- 1/8⠹ Extracting... ----- ---------------------------------- 1/8⠸ Extracting... ----- ---------------------------------- 1/8⠴ Extracting... ----- ---------------------------------- 1/8⠦ Extracting... ----- ---------------------------------- 1/8⠇ Extracting... ----- ---------------------------------- 1/8⠏ Extracting... ----- ---------------------------------- 1/8⠋ Extracting... ----- ---------------------------------- 1/8⠹ Extracting... ----- ---------------------------------- 1/8⠸ Extracting... ----- ---------------------------------- 1/8⠴ Extracting... ----- ---------------------------------- 1/8⠦ Extracting... ----- ---------------------------------- 1/8⠧ Extracting... ----- ---------------------------------- 1/8⠏ Extracting... ----- ---------------------------------- 1/8⠋ Extracting... ----- ---------------------------------- 1/8⠹ Extracting... ----- ---------------------------------- 1/8⠸ Extracting... ----- ---------------------------------- 1/8⠼ Extracting... ----- ---------------------------------- 1/8⠦ Extracting... ----- ---------------------------------- 1/8⠧ Extracting... ----- ---------------------------------- 1/8⠇ Extracting... ----- ---------------------------------- 1/8⠋ Extracting... ----- ---------------------------------- 1/8⠙ Extracting... ----- ---------------------------------- 1/8⠸ Extracting... ----- ---------------------------------- 1/8⠼ Extracting... ----- ---------------------------------- 1/8⠴ Extracting... ----- ---------------------------------- 1/8⠧ Extracting... ----- ---------------------------------- 1/8⠇ Extracting... ----- ---------------------------------- 1/8⠋ Extracting... ----- ---------------------------------- 1/8⠙ Extracting... ----- ---------------------------------- 1/8⠹ Extracting... ----- ---------------------------------- 1/8⠼ Extracting... ----- ---------------------------------- 1/8⠴ Extracting... ----- ---------------------------------- 1/8⠦ Extracting... ----- ---------------------------------- 1/8⠇ Extracting... ----- ---------------------------------- 1/8⠏ Extracting... ----- ---------------------------------- 1/8⠙ Extracting... ----- ---------------------------------- 1/8⠹ Extracting... ----- ---------------------------------- 1/8⠸ Extracting... ----- ---------------------------------- 1/8⠴ Extracting... ----- ---------------------------------- 1/8⠦ Extracting... ----- ---------------------------------- 1/8⠇ Extracting... ----- ---------------------------------- 1/8⠏ Extracting... ----- ---------------------------------- 1/8⠙ Extracting... ----- ---------------------------------- 1/8⠹ Extracting... ----- ---------------------------------- 1/8⠸ Extracting... ----- ---------------------------------- 1/8⠴ Extracting... ----- ---------------------------------- 1/8⠦ Extracting... ----- ---------------------------------- 1/8⠇ Extracting... ----- ---------------------------------- 1/8⠏ Extracting... ----- ---------------------------------- 1/8⠋ Extracting... ----- ---------------------------------- 1/8⠹ Extracting... ----- ---------------------------------- 1/8⠸ Extracting... ----- ---------------------------------- 1/8⠴ Extracting... ----- ---------------------------------- 1/8⠦ Extracting... ----- ---------------------------------- 1/8⠧ Extracting... ----- ---------------------------------- 1/8⠏ Extracting... ----- ---------------------------------- 1/8⠋ Extracting... ----- ---------------------------------- 1/8⠙ Extracting... ----- ---------------------------------- 1/8⠸ Extracting... ----- ---------------------------------- 1/8⠼ Extracting... ----- ---------------------------------- 1/8⠦ Extracting... ----- ---------------------------------- 1/8⠧ Extracting... ----- ---------------------------------- 1/8⠏ Extracting... ----- ---------------------------------- 1/8⠋ Extracting... ----- ---------------------------------- 1/8⠙ Extracting... ----- ---------------------------------- 1/8⠸ Extracting... ----- ---------------------------------- 1/8⠼ Extracting... ----- ---------------------------------- 1/8⠴ Extracting... ----- ---------------------------------- 1/8⠧ Extracting... ----- ---------------------------------- 1/8⠇ Extracting... ----- ---------------------------------- 1/8⠋ Extracting... ----- ---------------------------------- 1/8⠙ Extracting... ----- ---------------------------------- 1/8⠹ Extracting... ----- ---------------------------------- 1/8⠼ Extracting... ----- ---------------------------------- 1/8⠴ Extracting... ----- ---------------------------------- 1/8⠧ Extracting... ----- ---------------------------------- 1/8⠇ Extracting... ----- ---------------------------------- 1/8⠏ Extracting... ----- ---------------------------------- 1/8⠙ Extracting... ----- ---------------------------------- 1/8⠹ Extracting... ----- ---------------------------------- 1/8⠼ Extracting... ----- ---------------------------------- 1/8⠴ Extracting... ----- ---------------------------------- 1/8⠦ Extracting... ----- ---------------------------------- 1/8⠇ Extracting... ----- ---------------------------------- 1/8⠏ Extracting... ----- ---------------------------------- 1/8⠙ Extracting... ----- ---------------------------------- 1/8⠹ Extracting... ----- ---------------------------------- 1/8⠸ Extracting... ----- ---------------------------------- 1/8⠴ Extracting... ----- ---------------------------------- 1/8⠦ Extracting... ----- ---------------------------------- 1/8⠧ Extracting... ----- ---------------------------------- 1/8⠏ Extracting... ----- ---------------------------------- 1/8⠋ Extracting... ----- ---------------------------------- 1/8⠹ Extracting... ----- ---------------------------------- 1/8⠸ Extracting... ----- ---------------------------------- 1/8⠼ Extracting... ----- ---------------------------------- 1/8⠦ Extracting... ----- ---------------------------------- 1/8⠧ Extracting... ----- ---------------------------------- 1/8⠏ Extracting... ----- ---------------------------------- 1/8⠋ Extracting... ----- ---------------------------------- 1/8⠙ Extracting... ----- ---------------------------------- 1/8⠸ Extracting... ----- ---------------------------------- 1/8⠼ Extracting... ----- ---------------------------------- 1/8⠦ Extracting... ----- ---------------------------------- 1/8⠧ Extracting... ----- ---------------------------------- 1/8⠇ Extracting... ----- ---------------------------------- 1/8⠋ Extracting... ----- ---------------------------------- 1/8⠙ Extracting... ----- ---------------------------------- 1/8⠸ Extracting... ----- ---------------------------------- 1/8⠼ Extracting... ----- ---------------------------------- 1/8⠴ Extracting... ----- ---------------------------------- 1/8⠧ Extracting... ----- ---------------------------------- 1/8⠇ Extracting... ----- ---------------------------------- 1/8⠏ Extracting... ----- ---------------------------------- 1/8⠙ Extracting... ----- ---------------------------------- 1/8⠹ Extracting... ----- ---------------------------------- 1/8⠼ Extracting... ----- ---------------------------------- 1/8⠴ Extracting... ----- ---------------------------------- 1/8⠧ Extracting... ----- ---------------------------------- 1/8⠇ Extracting... ----- ---------------------------------- 1/8⠏ Extracting... ----- ---------------------------------- 1/8⠙ Extracting... ----- ---------------------------------- 1/8⠹ Extracting... ----- ---------------------------------- 1/8⠼ Extracting... ----- ---------------------------------- 1/8⠴ Extracting... ----- ---------------------------------- 1/8⠦ Extracting... ----- ---------------------------------- 1/8⠇ Extracting... ----- ---------------------------------- 1/8⠏ Extracting... ----- ---------------------------------- 1/8⠙ Extracting... ----- ---------------------------------- 1/8⠹ Extracting... ----- ---------------------------------- 1/8⠸ Extracting... ----- ---------------------------------- 1/8⠴ Extracting... ----- ---------------------------------- 1/8⠦ Extracting... ----- ---------------------------------- 1/8⠧ Extracting... ----- ---------------------------------- 1/8⠏ Extracting... ----- ---------------------------------- 1/8⠋ Extracting... ----- ---------------------------------- 1/8⠹ Extracting... ----- ---------------------------------- 1/8⠸ Extracting... ----- ---------------------------------- 1/8⠼ Extracting... ----- ---------------------------------- 1/8⠦ Extracting... ----- ---------------------------------- 1/8⠧ Extracting... ----- ---------------------------------- 1/8⠏ Extracting... ----- ---------------------------------- 1/8⠋ Extracting... ----- ---------------------------------- 1/8⠙ Extracting... ----- ---------------------------------- 1/8⠸ Extracting... ----- ---------------------------------- 1/8⠼ Extracting... ----- ---------------------------------- 1/8⠴ Extracting... ----- ---------------------------------- 1/8⠧ Extracting... ----- ---------------------------------- 1/8⠇ Extracting... ----- ---------------------------------- 1/8⠋ Extracting... ----- ---------------------------------- 1/8⠙ Extracting... ----- ---------------------------------- 1/8⠹ Extracting... ----- ---------------------------------- 1/8⠼ Extracting... ----- ---------------------------------- 1/8⠴ Extracting... ----- ---------------------------------- 1/8⠧ Extracting... ----- ---------------------------------- 1/8⠇ Extracting... ----- ---------------------------------- 1/8⠏ Extracting... ----- ---------------------------------- 1/8⠙ Extracting... ----- ---------------------------------- 1/8⠹ Extracting... ----- ---------------------------------- 1/8⠸ Extracting... ----- ---------------------------------- 1/8⠴ Extracting... ----- ---------------------------------- 1/8⠦ Extracting... ----- ---------------------------------- 1/8⠇ Extracting... ----- ---------------------------------- 1/8⠏ Extracting... ----- ---------------------------------- 1/8⠋ Extracting... ----- ---------------------------------- 1/8⠹ Extracting... ----- ---------------------------------- 1/8⠸ Extracting... ----- ---------------------------------- 1/8⠴ Extracting... ----- ---------------------------------- 1/8⠦ Extracting... ----- ---------------------------------- 1/8⠧ Extracting... ----- ---------------------------------- 1/8⠏ Extracting... ----- ---------------------------------- 1/8⠋ Extracting... ----- ---------------------------------- 1/8⠙ Extracting... ----- ---------------------------------- 1/8⠸ Extracting... ----- ---------------------------------- 1/8⠼ Extracting... ----- ---------------------------------- 1/8⠦ Extracting... ----- ---------------------------------- 1/8⠧ Extracting... ----- ---------------------------------- 1/8⠇ Extracting... ----- ---------------------------------- 1/8⠋ Extracting... ----- ---------------------------------- 1/8⠙ Extracting... ----- ---------------------------------- 1/8⠸ Extracting... ----- ---------------------------------- 1/8⠼ Extracting... ----- ---------------------------------- 1/8⠴ Extracting... ----- ---------------------------------- 1/8⠧ Extracting... ----- ---------------------------------- 1/8⠇ Extracting... ----- ---------------------------------- 1/8⠋ Extracting... ----- ---------------------------------- 1/8⠙ Extracting... ----- ---------------------------------- 1/8⠹ Extracting... ----- ---------------------------------- 1/8⠼ Extracting... ----- ---------------------------------- 1/8⠴ Extracting... ----- ---------------------------------- 1/8⠧ Extracting... ----- ---------------------------------- 1/8⠇ Extracting... ----- ---------------------------------- 1/8⠏ Extracting... ----- ---------------------------------- 1/8⠙ Extracting... ----- ---------------------------------- 1/8⠹ Extracting... ----- ---------------------------------- 1/8⠸ Extracting... ----- ---------------------------------- 1/8⠴ Extracting... ----- ---------------------------------- 1/8⠦ Extracting... ----- ---------------------------------- 1/8⠇ Extracting... ----- ---------------------------------- 1/8⠏ Extracting... ----- ---------------------------------- 1/8⠋ Extracting... ----- ---------------------------------- 1/8⠹ Extracting... ----- ---------------------------------- 1/8⠸ Extracting... ----- ---------------------------------- 1/8⠴ Extracting... ----- ---------------------------------- 1/8⠦ Extracting... ----- ---------------------------------- 1/8⠧ Extracting... ----- ---------------------------------- 1/8⠏ Extracting... ----- ---------------------------------- 1/8⠋ Extracting... ----- ---------------------------------- 1/8⠙ Extracting... ----- ---------------------------------- 1/8⠸ Extracting... ----- ---------------------------------- 1/8⠼ Extracting... ----- ---------------------------------- 1/8⠦ Extracting... ----- ---------------------------------- 1/8⠧ Extracting... ----- ---------------------------------- 1/8⠇ Extracting... ----- ---------------------------------- 1/8⠋ Extracting... ----- ---------------------------------- 1/8⠙ Extracting... ----- ---------------------------------- 1/8⠸ Extracting... ----- ---------------------------------- 1/8⠼ Extracting... ----- ---------------------------------- 1/8⠴ Extracting... ----- ---------------------------------- 1/8⠧ Extracting... ----- ---------------------------------- 1/8⠇ Extracting... ----- ---------------------------------- 1/8⠏ Extracting... ----- ---------------------------------- 1/8⠙ Extracting... ----- ---------------------------------- 1/8⠹ Extracting... ----- ---------------------------------- 1/8⠼ Extracting... ----- ---------------------------------- 1/8⠴ Extracting... ----- ---------------------------------- 1/8⠦ Extracting... ----- ---------------------------------- 1/8⠇ Extracting... ----- ---------------------------------- 1/8⠏ Extracting... ----- ---------------------------------- 1/8⠙ Extracting... ----- ---------------------------------- 1/8⠹ Extracting... ----- ---------------------------------- 1/8⠸ Extracting... ----- ---------------------------------- 1/8⠴ Extracting... ----- ---------------------------------- 1/8⠦ Extracting... ----- ---------------------------------- 1/8⠧ Extracting... ----- ---------------------------------- 1/8⠏ Extracting... ----- ---------------------------------- 1/8⠙ Extracting... ----- ---------------------------------- 1/8⠹ Extracting... ----- ---------------------------------- 1/8⠸ Extracting... ----- ---------------------------------- 1/8⠴ Extracting... ----- ---------------------------------- 1/8⠦ Extracting... ----- ---------------------------------- 1/8⠇ Extracting... ----- ---------------------------------- 1/8⠏ Extracting... ----- ---------------------------------- 1/8⠋ Extracting... ----- ---------------------------------- 1/8⠹ Extracting... ----- ---------------------------------- 1/8⠸ Extracting... ----- ---------------------------------- 1/8⠴ Extracting... ----- ---------------------------------- 1/8⠦ Extracting... ----- ---------------------------------- 1/8⠧ Extracting... ----- ---------------------------------- 1/8⠏ Extracting... ----- ---------------------------------- 1/8⠋ Extracting... ----- ---------------------------------- 1/8⠹ Extracting... ----- ---------------------------------- 1/8⠸ Extracting... ----- ---------------------------------- 1/8⠼ Extracting... ----- ---------------------------------- 1/8⠦ Extracting... ----- ---------------------------------- 1/8⠧ Extracting... ----- ---------------------------------- 1/8⠇ Extracting... ----- ---------------------------------- 1/8⠋ Extracting... ----- ---------------------------------- 1/8⠙ Extracting... ----- ---------------------------------- 1/8⠸ Extracting... ----- ---------------------------------- 1/8⠼ Extracting... ----- ---------------------------------- 1/8⠴ Extracting... ----- ---------------------------------- 1/8⠧ Extracting... ----- ---------------------------------- 1/8⠇ Extracting... ----- ---------------------------------- 1/8⠋ Extracting... ----- ---------------------------------- 1/8⠙ Extracting... ----- ---------------------------------- 1/8⠹ Extracting... ----- ---------------------------------- 1/8⠼ Extracting... ----- ---------------------------------- 1/8⠴ Extracting... ----- ---------------------------------- 1/8⠧ Extracting... ----- ---------------------------------- 1/8⠇ Extracting... ----- ---------------------------------- 1/8⠏ Extracting... ----- ---------------------------------- 1/8⠙ Extracting... ----- ---------------------------------- 1/8⠹ Extracting... ----- ---------------------------------- 1/8⠸ Extracting... ----- ---------------------------------- 1/8⠴ Extracting... ----- ---------------------------------- 1/8⠦ Extracting... ----- ---------------------------------- 1/8⠇ Extracting... ----- ---------------------------------- 1/8⠏ Extracting... ----- ---------------------------------- 1/8⠋ Extracting... ----- ---------------------------------- 1/8⠹ Extracting... ----- ---------------------------------- 1/8⠸ Extracting... ----- ---------------------------------- 1/8⠴ Extracting... ----- ---------------------------------- 1/8⠦ Extracting... ----- ---------------------------------- 1/8⠧ Extracting... ----- ---------------------------------- 1/8⠏ Extracting... ----- ---------------------------------- 1/8⠋ Extracting... ----- ---------------------------------- 1/8⠙ Extracting... ----- ---------------------------------- 1/8⠸ Extracting... ----- ---------------------------------- 1/8⠼ Extracting... ----- ---------------------------------- 1/8⠦ Extracting... ----- ---------------------------------- 1/8⠧ Extracting... ----- ---------------------------------- 1/8⠇ Extracting... ----- ---------------------------------- 1/8⠋ Extracting... ----- ---------------------------------- 1/8⠙ Extracting... ----- ---------------------------------- 1/8⠸ Extracting... ----- ---------------------------------- 1/8⠼ Extracting... ----- ---------------------------------- 1/8⠴ Extracting... ----- ---------------------------------- 1/8⠧ Extracting... ----- ---------------------------------- 1/8⠇ Extracting... ----- ---------------------------------- 1/8⠏ Extracting... ----- ---------------------------------- 1/8⠙ Extracting... ----- ---------------------------------- 1/8⠹ Extracting... ----- ---------------------------------- 1/8⠼ Extracting... ----- ---------------------------------- 1/8⠴ Extracting... ----- ---------------------------------- 1/8⠦ Extracting... ----- ---------------------------------- 1/8⠇ Extracting... ----- ---------------------------------- 1/8⠏ Extracting... ----- ---------------------------------- 1/8⠙ Extracting... ----- ---------------------------------- 1/8⠹ Extracting... ----- ---------------------------------- 1/8⠸ Extracting... ----- ---------------------------------- 1/8⠴ Extracting... ----- ---------------------------------- 1/8⠦ Extracting... ----- ---------------------------------- 1/8⠇ Extracting... ----- ---------------------------------- 1/8⠏ Extracting... ----- ---------------------------------- 1/8⠋ Extracting... ----- ---------------------------------- 1/8⠹ Extracting... ----- ---------------------------------- 1/8⠸ Extracting... ----- ---------------------------------- 1/8⠼ Extracting... ----- ---------------------------------- 1/8⠦ Extracting... ----- ---------------------------------- 1/8⠧ Extracting... ----- ---------------------------------- 1/8⠏ Extracting... ----- ---------------------------------- 1/8⠋ Extracting... ----- ---------------------------------- 1/8⠙ Extracting... ----- ---------------------------------- 1/8⠸ Extracting... ----- ---------------------------------- 1/8⠼ Extracting... ----- ---------------------------------- 1/8⠦ Extracting... ----- ---------------------------------- 1/8⠧ Extracting... ----- ---------------------------------- 1/8⠇ Extracting... ----- ---------------------------------- 1/8⠋ Extracting... ----- ---------------------------------- 1/8⠙ Extracting... ----- ---------------------------------- 1/8⠸ Extracting... ----- ---------------------------------- 1/8⠼ Extracting... ----- ---------------------------------- 1/8⠴ Extracting... ----- ---------------------------------- 1/8⠧ Extracting... ----- ---------------------------------- 1/8⠇ Extracting... ----- ---------------------------------- 1/8⠏ Extracting... ----- ---------------------------------- 1/8⠙ Extracting... ----- ---------------------------------- 1/8⠹ Extracting... ----- ---------------------------------- 1/8⠼ Extracting... ----- ---------------------------------- 1/8⠴ Extracting... ----- ---------------------------------- 1/8⠦ Extracting... ----- ---------------------------------- 1/8⠇ Extracting... ----- ---------------------------------- 1/8⠏ Extracting... ----- ---------------------------------- 1/8⠙ Extracting... ----- ---------------------------------- 1/8⠹ Extracting... ----- ---------------------------------- 1/8⠸ Extracting... ----- ---------------------------------- 1/8⠴ Extracting... ----- ---------------------------------- 1/8⠦ Extracting... ----- ---------------------------------- 1/8⠧ Extracting... ----- ---------------------------------- 1/8⠏ Extracting... ----- ---------------------------------- 1/8⠋ Extracting... ----- ---------------------------------- 1/8⠹ Extracting... ----- ---------------------------------- 1/8⠸ Extracting... ----- ---------------------------------- 1/8⠼ Extracting... ----- ---------------------------------- 1/8⠦ Extracting... ----- ---------------------------------- 1/8⠧ Extracting... ----- ---------------------------------- 1/8⠏ Extracting... ----- ---------------------------------- 1/8⠋ Extracting... ----- ---------------------------------- 1/8⠙ Extracting... ----- ---------------------------------- 1/8⠸ Extracting... ----- ---------------------------------- 1/8⠼ Extracting... ----- ---------------------------------- 1/8⠦ Extracting... ----- ---------------------------------- 1/8⠧ Extracting... ----- ---------------------------------- 1/8⠇ Extracting... ----- ---------------------------------- 1/8⠋ Extracting... ----- ---------------------------------- 1/8⠙ Extracting... ----- ---------------------------------- 1/8⠸ Extracting... ----- ---------------------------------- 1/8⠼ Extracting... ----- ---------------------------------- 1/8⠴ Extracting... ----- ---------------------------------- 1/8⠧ Extracting... ----- ---------------------------------- 1/8⠇ Extracting... ----- ---------------------------------- 1/8⠏ Extracting... ----- ---------------------------------- 1/8⠙ Extracting... ----- ---------------------------------- 1/8⠹ Extracting... ----- ---------------------------------- 1/8⠼ Extracting... ----- ---------------------------------- 1/8⠴ Extracting... ----- ---------------------------------- 1/8⠦ Extracting... ----- ---------------------------------- 1/8⠇ Extracting... ----- ---------------------------------- 1/8⠏ Extracting... ----- ---------------------------------- 1/8⠙ Extracting... ----- ---------------------------------- 1/8⠹ Extracting... ----- ---------------------------------- 1/8⠸ Extracting... ----- ---------------------------------- 1/8⠴ Extracting... ----- ---------------------------------- 1/8⠦ Extracting... ----- ---------------------------------- 1/8⠇ Extracting... ----- ---------------------------------- 1/8⠏ Extracting... ----- ---------------------------------- 1/8⠙ Extracting... ----- ---------------------------------- 1/8⠹ Extracting... ----- ---------------------------------- 1/8⠸ Extracting... ----- ---------------------------------- 1/8⠴ Extracting... ----- ---------------------------------- 1/8⠦ Extracting... ----- ---------------------------------- 1/8⠧ Extracting... ----- ---------------------------------- 1/8⠏ Extracting... ----- ---------------------------------- 1/8⠋ Extracting... ----- ---------------------------------- 1/8⠹ Extracting... ----- ---------------------------------- 1/8⠸ Extracting... ----- ---------------------------------- 1/8⠼ Extracting... ----- ---------------------------------- 1/8⠦ Extracting... ----- ---------------------------------- 1/8⠧ Extracting... ----- ---------------------------------- 1/8⠏ Extracting... ----- ---------------------------------- 1/8⠋ Extracting... ----- ---------------------------------- 1/8⠙ Extracting... ----- ---------------------------------- 1/8⠸ Extracting... ----- ---------------------------------- 1/8⠼ Extracting... ----- ---------------------------------- 1/8⠴ Extracting... ----- ---------------------------------- 1/8⠧ Extracting... ----- ---------------------------------- 1/8⠇ Extracting... ----- ---------------------------------- 1/8⠋ Extracting... ----- ---------------------------------- 1/8⠙ Extracting... ----- ---------------------------------- 1/8⠹ Extracting... ----- ---------------------------------- 1/8⠼ Extracting... ----- ---------------------------------- 1/8⠴ Extracting... ----- ---------------------------------- 1/8⠧ Extracting... ----- ---------------------------------- 1/8⠇ Extracting... ----- ---------------------------------- 1/8⠏ Extracting... ----- ---------------------------------- 1/8⠙ Extracting... ----- ---------------------------------- 1/8⠹ Extracting... ----- ---------------------------------- 1/8⠼ Extracting... ----- ---------------------------------- 1/8⠴ Extracting... ----- ---------------------------------- 1/8⠦ Extracting... ----- ---------------------------------- 1/8⠇ Extracting... ----- ---------------------------------- 1/8⠏ Extracting... ----- ---------------------------------- 1/8⠋ Extracting... ----- ---------------------------------- 1/8⠹ Extracting... ----- ---------------------------------- 1/8⠸ Extracting... ----- ---------------------------------- 1/8⠴ Extracting... ----- ---------------------------------- 1/8⠦ Extracting... ----- ---------------------------------- 1/8⠧ Extracting... ----- ---------------------------------- 1/8⠏ Extracting... ----- ---------------------------------- 1/8⠋ Extracting... ----- ---------------------------------- 1/8⠹ Extracting... ----- ---------------------------------- 1/8⠸ Extracting... ----- ---------------------------------- 1/8⠼ Extracting... ----- ---------------------------------- 1/8⠦ Extracting... ----- ---------------------------------- 1/8⠧ Extracting... ----- ---------------------------------- 1/8⠏ Extracting... ----- ---------------------------------- 1/8⠋ Extracting... ----- ---------------------------------- 1/8⠙ Extracting... ----- ---------------------------------- 1/8⠸ Extracting... ----- ---------------------------------- 1/8⠼ Extracting... ----- ---------------------------------- 1/8⠦ Extracting... ----- ---------------------------------- 1/8⠧ Extracting... ----- ---------------------------------- 1/8⠇ Extracting... ----- ---------------------------------- 1/8⠋ Extracting... ----- ---------------------------------- 1/8⠙ Extracting... ----- ---------------------------------- 1/8⠸ Extracting... ----- ---------------------------------- 1/8⠼ Extracting... ----- ---------------------------------- 1/8⠴ Extracting... ----- ---------------------------------- 1/8⠧ Extracting... ----- ---------------------------------- 1/8⠇ Extracting... ----- ---------------------------------- 1/8⠏ Extracting... ----- ---------------------------------- 1/8⠙ Extracting... ----- ---------------------------------- 1/8⠹ Extracting... ----- ---------------------------------- 1/8⠼ Extracting... ----- ---------------------------------- 1/8⠴ Extracting... ----- ---------------------------------- 1/8⠦ Extracting... ----- ---------------------------------- 1/8⠇ Extracting... ----- ---------------------------------- 1/8⠏ Extracting... ----- ---------------------------------- 1/8⠙ Extracting... ----- ---------------------------------- 1/8⠹ Extracting... ----- ---------------------------------- 1/8⠸ Extracting... ----- ---------------------------------- 1/8⠴ Extracting... ----- ---------------------------------- 1/8⠦ Extracting... ----- ---------------------------------- 1/8⠇ Extracting... ----- ---------------------------------- 1/8⠏ Extracting... ----- ---------------------------------- 1/8⠋ Extracting... ----- ---------------------------------- 1/8⠹ Extracting... ----- ---------------------------------- 1/8⠸ Extracting... ----- ---------------------------------- 1/8⠼ Extracting... ----- ---------------------------------- 1/8⠦ Extracting... ----- ---------------------------------- 1/8⠧ Extracting... ----- ---------------------------------- 1/8⠏ Extracting... ----- ---------------------------------- 1/8⠋ Extracting... ----- ---------------------------------- 1/8⠙ Extracting... ----- ---------------------------------- 1/8⠸ Extracting... ----- ---------------------------------- 1/8⠼ Extracting... ----- ---------------------------------- 1/8⠦ Extracting... ----- ---------------------------------- 1/8⠧ Extracting... ----- ---------------------------------- 1/8⠇ Extracting... ----- ---------------------------------- 1/8⠋ Extracting... ----- ---------------------------------- 1/8⠙ Extracting... ----- ---------------------------------- 1/8⠸ Extracting... ----- ---------------------------------- 1/8⠼ Extracting... ----- ---------------------------------- 1/8⠴ Extracting... ----- ---------------------------------- 1/8⠧ Extracting... ----- ---------------------------------- 1/8⠇ Extracting... ----- ---------------------------------- 1/8⠋ Extracting... ----- ---------------------------------- 1/8⠙ Extracting... ----- ---------------------------------- 1/8⠹ Extracting... ----- ---------------------------------- 1/8⠼ Extracting... ----- ---------------------------------- 1/8⠴ Extracting... ----- ---------------------------------- 1/8⠦ Extracting... ----- ---------------------------------- 1/8⠇ Extracting... ----- ---------------------------------- 1/8⠏ Extracting... ----- ---------------------------------- 1/8⠙ Extracting... ----- ---------------------------------- 1/8⠹ Extracting... ----- ---------------------------------- 1/8⠸ Extracting... ----- ---------------------------------- 1/8⠴ Extracting... ----- ---------------------------------- 1/8⠦ Extracting... ----- ---------------------------------- 1/8⠇ Extracting... ----- ---------------------------------- 1/8⠏ Extracting... ----- ---------------------------------- 1/8⠋ Extracting... ----- ---------------------------------- 1/8⠹ Extracting... ----- ---------------------------------- 1/8⠸ Extracting... ----- ---------------------------------- 1/8⠴ Extracting... ----- ---------------------------------- 1/8⠦ Extracting... ----- ---------------------------------- 1/8⠧ Extracting... ----- ---------------------------------- 1/8⠏ Extracting... ----- ---------------------------------- 1/8⠋ Extracting... ----- ---------------------------------- 1/8⠙ Extracting... ----- ---------------------------------- 1/8⠸ Extracting... ----- ---------------------------------- 1/8⠼ Extracting... ----- ---------------------------------- 1/8⠦ Extracting... ----- ---------------------------------- 1/8⠧ Extracting... ----- ---------------------------------- 1/8⠇ Extracting... ----- ---------------------------------- 1/8⠋ Extracting... ----- ---------------------------------- 1/8⠙ Extracting... ----- ---------------------------------- 1/8⠸ Extracting... ----- ---------------------------------- 1/8⠼ Extracting... ----- ---------------------------------- 1/8⠴ Extracting... ----- ---------------------------------- 1/8⠧ Extracting... ----- ---------------------------------- 1/8⠇ Extracting... ----- ---------------------------------- 1/8⠏ Extracting... ----- ---------------------------------- 1/8⠙ Extracting... ----- ---------------------------------- 1/8⠹ Extracting... ----- ---------------------------------- 1/8⠼ Extracting... ----- ---------------------------------- 1/8⠴ Extracting... ----- ---------------------------------- 1/8⠧ Extracting... ----- ---------------------------------- 1/8⠇ Extracting... ----- ---------------------------------- 1/8⠏ Extracting... ----- ---------------------------------- 1/8⠙ Extracting... ----- ---------------------------------- 1/8⠹ Extracting... ----- ---------------------------------- 1/8⠼ Extracting... ----- ---------------------------------- 1/8⠴ Extracting... ----- ---------------------------------- 1/8⠧ Extracting... ----- ---------------------------------- 1/8⠇ Extracting... ----- ---------------------------------- 1/8⠏ Extracting... ----- ---------------------------------- 1/8⠙ Extracting... ----- ---------------------------------- 1/8⠹ Extracting... ----- ---------------------------------- 1/8⠼ Extracting... ----- ---------------------------------- 1/8⠴ Extracting... ----- ---------------------------------- 1/8⠦ Extracting... ----- ---------------------------------- 1/8⠇ Extracting... ----- ---------------------------------- 1/8⠏ Extracting... ----- ---------------------------------- 1/8⠋ Extracting... ----- ---------------------------------- 1/8⠹ Extracting... ----- ---------------------------------- 1/8⠸ Extracting... ----- ---------------------------------- 1/8⠴ Extracting... ----- ---------------------------------- 1/8⠦ Extracting... ----- ---------------------------------- 1/8⠧ Extracting... ----- ---------------------------------- 1/8⠏ Extracting... ----- ---------------------------------- 1/8⠋ Extracting... ----- ---------------------------------- 1/8⠹ Extracting... ----- ---------------------------------- 1/8⠸ Extracting... ----- ---------------------------------- 1/8⠼ Extracting... ----- ---------------------------------- 1/8⠦ Extracting... ----- ---------------------------------- 1/8⠧ Extracting... ----- ---------------------------------- 1/8⠏ Extracting... ----- ---------------------------------- 1/8⠋ Extracting... ----- ---------------------------------- 1/8⠙ Extracting... ----- ---------------------------------- 1/8⠸ Extracting... ----- ---------------------------------- 1/8⠼ Extracting... ----- ---------------------------------- 1/8⠴ Extracting... ----- ---------------------------------- 1/8⠧ Extracting... ----- ---------------------------------- 1/8⠇ Extracting... ----- ---------------------------------- 1/8⠋ Extracting... ----- ---------------------------------- 1/8⠙ Extracting... ----- ---------------------------------- 1/8⠹ Extracting... ----- ---------------------------------- 1/8⠼ Extracting... ----- ---------------------------------- 1/8⠴ Extracting... ----- ---------------------------------- 1/8⠧ Extracting... ----- ---------------------------------- 1/8⠇ Extracting... ----- ---------------------------------- 1/8⠏ Extracting... ----- ---------------------------------- 1/8⠙ Extracting... ----- ---------------------------------- 1/8⠹ Extracting... ----- ---------------------------------- 1/8⠸ Extracting... ----- ---------------------------------- 1/8⠴ Extracting... ----- ---------------------------------- 1/8⠦ Extracting... ----- ---------------------------------- 1/8⠇ Extracting... ----- ---------------------------------- 1/8⠏ Extracting... ----- ---------------------------------- 1/8⠋ Extracting... ----- ---------------------------------- 1/8⠹ Extracting... ----- ---------------------------------- 1/8⠸ Extracting... ----- ---------------------------------- 1/8⠴ Extracting... ----- ---------------------------------- 1/8⠦ Extracting... ----- ---------------------------------- 1/8⠧ Extracting... ----- ---------------------------------- 1/8⠏ Extracting... ----- ---------------------------------- 1/8⠋ Extracting... ----- ---------------------------------- 1/8⠙ Extracting... ----- ---------------------------------- 1/8⠸ Extracting... ----- ---------------------------------- 1/8⠼ Extracting... ----- ---------------------------------- 1/8⠦ Extracting... ----- ---------------------------------- 1/8⠧ Extracting... ----- ---------------------------------- 1/8⠇ Extracting... ----- ---------------------------------- 1/8⠋ Extracting... ----- ---------------------------------- 1/8⠙ Extracting... ----- ---------------------------------- 1/8⠸ Extracting... ----- ---------------------------------- 1/8⠼ Extracting... ----- ---------------------------------- 1/8⠴ Extracting... ----- ---------------------------------- 1/8⠧ Extracting... ----- ---------------------------------- 1/8⠇ Extracting... ----- ---------------------------------- 1/8⠏ Extracting... ----- ---------------------------------- 1/8⠙ Extracting... ----- ---------------------------------- 1/8⠹ Extracting... ----- ---------------------------------- 1/8⠼ Extracting... ----- ---------------------------------- 1/8⠴ Extracting... ----- ---------------------------------- 1/8⠦ Extracting... ----- ---------------------------------- 1/8⠇ Extracting... ----- ---------------------------------- 1/8⠏ Extracting... ----- ---------------------------------- 1/8⠙ Extracting... ----- ---------------------------------- 1/8⠹ Extracting... ----- ---------------------------------- 1/8⠸ Extracting... ----- ---------------------------------- 1/8⠴ Extracting... ----- ---------------------------------- 1/8⠦ Extracting... ----- ---------------------------------- 1/8⠇ Extracting... ----- ---------------------------------- 1/8⠏ Extracting... ----- ---------------------------------- 1/8⠋ Extracting... ----- ---------------------------------- 1/8⠹ Extracting... ----- ---------------------------------- 1/8⠸ Extracting... ----- ---------------------------------- 1/8⠼ Extracting... ----- ---------------------------------- 1/8⠦ Extracting... ----- ---------------------------------- 1/8⠧ Extracting... ----- ---------------------------------- 1/8⠏ Extracting... ----- ---------------------------------- 1/8⠋ Extracting... ----- ---------------------------------- 1/8⠙ Extracting... ----- ---------------------------------- 1/8⠸ Extracting... ----- ---------------------------------- 1/8⠼ Extracting... ----- ---------------------------------- 1/8⠦ Extracting... ----- ---------------------------------- 1/8⠧ Extracting... ----- ---------------------------------- 1/8⠇ Extracting... ----- ---------------------------------- 1/8⠋ Extracting... ----- ---------------------------------- 1/8⠙ Extracting... ----- ---------------------------------- 1/8⠹ Extracting... ----- ---------------------------------- 1/8⠼ Extracting... ----- ---------------------------------- 1/8⠴ Extracting... ----- ---------------------------------- 1/8⠧ Extracting... ----- ---------------------------------- 1/8⠇ Extracting... ----- ---------------------------------- 1/8⠏ Extracting... ----- ---------------------------------- 1/8⠙ Extracting... ----- ---------------------------------- 1/8⠹ Extracting... ----- ---------------------------------- 1/8⠸ Extracting... ----- ---------------------------------- 1/8⠴ Extracting... ----- ---------------------------------- 1/8⠦ Extracting... ----- ---------------------------------- 1/8⠇ Extracting... ----- ---------------------------------- 1/8⠏ Extracting... ----- ---------------------------------- 1/8⠋ Extracting... ----- ---------------------------------- 1/8⠹ Extracting... ----- ---------------------------------- 1/8⠸ Extracting... ----- ---------------------------------- 1/8⠴ Extracting... ----- ---------------------------------- 1/8⠦ Extracting... ----- ---------------------------------- 1/8⠧ Extracting... ----- ---------------------------------- 1/8⠏ Extracting... ----- ---------------------------------- 1/8⠋ Extracting... ----- ---------------------------------- 1/8⠹ Extracting... ----- ---------------------------------- 1/8⠸ Extracting... ----- ---------------------------------- 1/8⠼ Extracting... ----- ---------------------------------- 1/8⠦ Extracting... ----- ---------------------------------- 1/8⠧ Extracting... ----- ---------------------------------- 1/8⠇ Extracting... ----- ---------------------------------- 1/8⠋ Extracting... ----- ---------------------------------- 1/8⠙ Extracting... ----- ---------------------------------- 1/8⠸ Extracting... ----- ---------------------------------- 1/8⠼ Extracting... ----- ---------------------------------- 1/8[09/09/26 22:53:58] INFO     HTTP Request: POST                 _client.py:1025
                             http://localhost:11434/api/generat                
                             e "HTTP/1.1 200 OK"                               
⠼ Extracting... ----- ---------------------------------- 1/8                    WARNING  Validation failed for CDU         validator.py:290
                             operating manual_chunk_0001: 3                    
                             errors, 0 warnings                                
⠼ Extracting... ----- ---------------------------------- 1/8⠴ Extracting... ----- ---------------------------------- 1/8                    INFO     Inserted from CDU operating           graph.py:176
                             manual_chunk_0001: 0 entities, 0                  
                             claims, 0 relationships                           
⠴ Extracting... ----- ---------------------------------- 1/8⠏ Extracting... ---------- ----------------------------- 2/8⠙ Extracting... ---------- ----------------------------- 2/8⠹ Extracting... ---------- ----------------------------- 2/8⠸ Extracting... ---------- ----------------------------- 2/8⠴ Extracting... ---------- ----------------------------- 2/8⠦ Extracting... ---------- ----------------------------- 2/8⠧ Extracting... ---------- ----------------------------- 2/8⠏ Extracting... ---------- ----------------------------- 2/8⠋ Extracting... ---------- ----------------------------- 2/8⠹ Extracting... ---------- ----------------------------- 2/8⠸ Extracting... ---------- ----------------------------- 2/8⠼ Extracting... ---------- ----------------------------- 2/8⠦ Extracting... ---------- ----------------------------- 2/8⠧ Extracting... ---------- ----------------------------- 2/8⠏ Extracting... ---------- ----------------------------- 2/8⠋ Extracting... ---------- ----------------------------- 2/8⠹ Extracting... ---------- ----------------------------- 2/8⠸ Extracting... ---------- ----------------------------- 2/8⠼ Extracting... ---------- ----------------------------- 2/8⠦ Extracting... ---------- ----------------------------- 2/8⠧ Extracting... ---------- ----------------------------- 2/8⠇ Extracting... ---------- ----------------------------- 2/8⠋ Extracting... ---------- ----------------------------- 2/8⠙ Extracting... ---------- ----------------------------- 2/8⠸ Extracting... ---------- ----------------------------- 2/8⠼ Extracting... ---------- ----------------------------- 2/8⠴ Extracting... ---------- ----------------------------- 2/8⠧ Extracting... ---------- ----------------------------- 2/8⠇ Extracting... ---------- ----------------------------- 2/8⠋ Extracting... ---------- ----------------------------- 2/8⠙ Extracting... ---------- ----------------------------- 2/8⠹ Extracting... ---------- ----------------------------- 2/8⠼ Extracting... ---------- ----------------------------- 2/8⠴ Extracting... ---------- ----------------------------- 2/8⠧ Extracting... ---------- ----------------------------- 2/8⠇ Extracting... ---------- ----------------------------- 2/8⠏ Extracting... ---------- ----------------------------- 2/8⠙ Extracting... ---------- ----------------------------- 2/8⠹ Extracting... ---------- ----------------------------- 2/8⠼ Extracting... ---------- ----------------------------- 2/8⠴ Extracting... ---------- ----------------------------- 2/8⠦ Extracting... ---------- ----------------------------- 2/8⠇ Extracting... ---------- ----------------------------- 2/8⠏ Extracting... ---------- ----------------------------- 2/8⠙ Extracting... ---------- ----------------------------- 2/8⠹ Extracting... ---------- ----------------------------- 2/8⠸ Extracting... ---------- ----------------------------- 2/8⠴ Extracting... ---------- ----------------------------- 2/8⠦ Extracting... ---------- ----------------------------- 2/8⠧ Extracting... ---------- ----------------------------- 2/8⠏ Extracting... ---------- ----------------------------- 2/8⠋ Extracting... ---------- ----------------------------- 2/8⠹ Extracting... ---------- ----------------------------- 2/8⠸ Extracting... ---------- ----------------------------- 2/8⠼ Extracting... ---------- ----------------------------- 2/8⠦ Extracting... ---------- ----------------------------- 2/8⠧ Extracting... ---------- ----------------------------- 2/8⠏ Extracting... ---------- ----------------------------- 2/8⠋ Extracting... ---------- ----------------------------- 2/8⠙ Extracting... ---------- ----------------------------- 2/8⠸ Extracting... ---------- ----------------------------- 2/8⠼ Extracting... ---------- ----------------------------- 2/8⠦ Extracting... ---------- ----------------------------- 2/8⠧ Extracting... ---------- ----------------------------- 2/8⠇ Extracting... ---------- ----------------------------- 2/8⠋ Extracting... ---------- ----------------------------- 2/8⠙ Extracting... ---------- ----------------------------- 2/8⠸ Extracting... ---------- ----------------------------- 2/8⠼ Extracting... ---------- ----------------------------- 2/8⠦ Extracting... ---------- ----------------------------- 2/8⠧ Extracting... ---------- ----------------------------- 2/8⠇ Extracting... ---------- ----------------------------- 2/8⠋ Extracting... ---------- ----------------------------- 2/8⠙ Extracting... ---------- ----------------------------- 2/8⠹ Extracting... ---------- ----------------------------- 2/8⠼ Extracting... ---------- ----------------------------- 2/8⠴ Extracting... ---------- ----------------------------- 2/8⠧ Extracting... ---------- ----------------------------- 2/8⠇ Extracting... ---------- ----------------------------- 2/8⠋ Extracting... ---------- ----------------------------- 2/8⠙ Extracting... ---------- ----------------------------- 2/8⠹ Extracting... ---------- ----------------------------- 2/8⠼ Extracting... ---------- ----------------------------- 2/8⠴ Extracting... ---------- ----------------------------- 2/8⠧ Extracting... ---------- ----------------------------- 2/8⠇ Extracting... ---------- ----------------------------- 2/8⠏ Extracting... ---------- ----------------------------- 2/8⠙ Extracting... ---------- ----------------------------- 2/8⠹ Extracting... ---------- ----------------------------- 2/8⠼ Extracting... ---------- ----------------------------- 2/8⠴ Extracting... ---------- ----------------------------- 2/8⠦ Extracting... ---------- ----------------------------- 2/8⠇ Extracting... ---------- ----------------------------- 2/8⠏ Extracting... ---------- ----------------------------- 2/8⠙ Extracting... ---------- ----------------------------- 2/8⠹ Extracting... ---------- ----------------------------- 2/8⠸ Extracting... ---------- ----------------------------- 2/8⠴ Extracting... ---------- ----------------------------- 2/8⠦ Extracting... ---------- ----------------------------- 2/8⠇ Extracting... ---------- ----------------------------- 2/8⠏ Extracting... ---------- ----------------------------- 2/8⠋ Extracting... ---------- ----------------------------- 2/8⠹ Extracting... ---------- ----------------------------- 2/8⠸ Extracting... ---------- ----------------------------- 2/8⠴ Extracting... ---------- ----------------------------- 2/8⠦ Extracting... ---------- ----------------------------- 2/8⠧ Extracting... ---------- ----------------------------- 2/8⠏ Extracting... ---------- ----------------------------- 2/8⠋ Extracting... ---------- ----------------------------- 2/8⠹ Extracting... ---------- ----------------------------- 2/8⠸ Extracting... ---------- ----------------------------- 2/8⠼ Extracting... ---------- ----------------------------- 2/8⠦ Extracting... ---------- ----------------------------- 2/8⠧ Extracting... ---------- ----------------------------- 2/8⠇ Extracting... ---------- ----------------------------- 2/8⠋ Extracting... ---------- ----------------------------- 2/8⠙ Extracting... ---------- ----------------------------- 2/8⠸ Extracting... ---------- ----------------------------- 2/8⠼ Extracting... ---------- ----------------------------- 2/8⠴ Extracting... ---------- ----------------------------- 2/8⠧ Extracting... ---------- ----------------------------- 2/8⠇ Extracting... ---------- ----------------------------- 2/8⠋ Extracting... ---------- ----------------------------- 2/8⠙ Extracting... ---------- ----------------------------- 2/8⠹ Extracting... ---------- ----------------------------- 2/8⠼ Extracting... ---------- ----------------------------- 2/8⠴ Extracting... ---------- ----------------------------- 2/8⠧ Extracting... ---------- ----------------------------- 2/8⠇ Extracting... ---------- ----------------------------- 2/8⠏ Extracting... ---------- ----------------------------- 2/8⠙ Extracting... ---------- ----------------------------- 2/8⠹ Extracting... ---------- ----------------------------- 2/8⠼ Extracting... ---------- ----------------------------- 2/8⠴ Extracting... ---------- ----------------------------- 2/8⠦ Extracting... ---------- ----------------------------- 2/8⠇ Extracting... ---------- ----------------------------- 2/8⠏ Extracting... ---------- ----------------------------- 2/8⠙ Extracting... ---------- ----------------------------- 2/8⠹ Extracting... ---------- ----------------------------- 2/8⠸ Extracting... ---------- ----------------------------- 2/8⠴ Extracting... ---------- ----------------------------- 2/8⠦ Extracting... ---------- ----------------------------- 2/8⠧ Extracting... ---------- ----------------------------- 2/8⠏ Extracting... ---------- ----------------------------- 2/8⠋ Extracting... ---------- ----------------------------- 2/8⠹ Extracting... ---------- ----------------------------- 2/8⠸ Extracting... ---------- ----------------------------- 2/8⠼ Extracting... ---------- ----------------------------- 2/8⠦ Extracting... ---------- ----------------------------- 2/8⠧ Extracting... ---------- ----------------------------- 2/8⠏ Extracting... ---------- ----------------------------- 2/8⠋ Extracting... ---------- ----------------------------- 2/8⠙ Extracting... ---------- ----------------------------- 2/8⠸ Extracting... ---------- ----------------------------- 2/8⠼ Extracting... ---------- ----------------------------- 2/8⠦ Extracting... ---------- ----------------------------- 2/8⠧ Extracting... ---------- ----------------------------- 2/8⠇ Extracting... ---------- ----------------------------- 2/8⠋ Extracting... ---------- ----------------------------- 2/8⠙ Extracting... ---------- ----------------------------- 2/8⠹ Extracting... ---------- ----------------------------- 2/8⠼ Extracting... ---------- ----------------------------- 2/8⠴ Extracting... ---------- ----------------------------- 2/8⠧ Extracting... ---------- ----------------------------- 2/8⠇ Extracting... ---------- ----------------------------- 2/8⠏ Extracting... ---------- ----------------------------- 2/8⠙ Extracting... ---------- ----------------------------- 2/8⠹ Extracting... ---------- ----------------------------- 2/8⠼ Extracting... ---------- ----------------------------- 2/8⠴ Extracting... ---------- ----------------------------- 2/8⠦ Extracting... ---------- ----------------------------- 2/8⠇ Extracting... ---------- ----------------------------- 2/8⠏ Extracting... ---------- ----------------------------- 2/8⠙ Extracting... ---------- ----------------------------- 2/8⠹ Extracting... ---------- ----------------------------- 2/8⠸ Extracting... ---------- ----------------------------- 2/8⠴ Extracting... ---------- ----------------------------- 2/8⠦ Extracting... ---------- ----------------------------- 2/8⠧ Extracting... ---------- ----------------------------- 2/8⠏ Extracting... ---------- ----------------------------- 2/8⠋ Extracting... ---------- ----------------------------- 2/8⠹ Extracting... ---------- ----------------------------- 2/8⠸ Extracting... ---------- ----------------------------- 2/8⠼ Extracting... ---------- ----------------------------- 2/8⠦ Extracting... ---------- ----------------------------- 2/8⠧ Extracting... ---------- ----------------------------- 2/8⠏ Extracting... ---------- ----------------------------- 2/8⠋ Extracting... ---------- ----------------------------- 2/8⠙ Extracting... ---------- ----------------------------- 2/8⠸ Extracting... ---------- ----------------------------- 2/8⠼ Extracting... ---------- ----------------------------- 2/8⠦ Extracting... ---------- ----------------------------- 2/8⠧ Extracting... ---------- ----------------------------- 2/8⠇ Extracting... ---------- ----------------------------- 2/8⠋ Extracting... ---------- ----------------------------- 2/8⠙ Extracting... ---------- ----------------------------- 2/8⠹ Extracting... ---------- ----------------------------- 2/8⠼ Extracting... ---------- ----------------------------- 2/8⠴ Extracting... ---------- ----------------------------- 2/8⠧ Extracting... ---------- ----------------------------- 2/8⠇ Extracting... ---------- ----------------------------- 2/8⠋ Extracting... ---------- ----------------------------- 2/8⠙ Extracting... ---------- ----------------------------- 2/8⠹ Extracting... ---------- ----------------------------- 2/8⠼ Extracting... ---------- ----------------------------- 2/8⠴ Extracting... ---------- ----------------------------- 2/8⠦ Extracting... ---------- ----------------------------- 2/8⠇ Extracting... ---------- ----------------------------- 2/8⠏ Extracting... ---------- ----------------------------- 2/8⠙ Extracting... ---------- ----------------------------- 2/8⠹ Extracting... ---------- ----------------------------- 2/8⠸ Extracting... ---------- ----------------------------- 2/8⠴ Extracting... ---------- ----------------------------- 2/8⠦ Extracting... ---------- ----------------------------- 2/8⠇ Extracting... ---------- ----------------------------- 2/8⠏ Extracting... ---------- ----------------------------- 2/8⠋ Extracting... ---------- ----------------------------- 2/8⠹ Extracting... ---------- ----------------------------- 2/8⠸ Extracting... ---------- ----------------------------- 2/8⠴ Extracting... ---------- ----------------------------- 2/8⠦ Extracting... ---------- ----------------------------- 2/8⠧ Extracting... ---------- ----------------------------- 2/8⠏ Extracting... ---------- ----------------------------- 2/8⠋ Extracting... ---------- ----------------------------- 2/8⠹ Extracting... ---------- ----------------------------- 2/8⠸ Extracting... ---------- ----------------------------- 2/8⠼ Extracting... ---------- ----------------------------- 2/8⠦ Extracting... ---------- ----------------------------- 2/8⠧ Extracting... ---------- ----------------------------- 2/8⠇ Extracting... ---------- ----------------------------- 2/8⠋ Extracting... ---------- ----------------------------- 2/8⠙ Extracting... ---------- ----------------------------- 2/8⠸ Extracting... ---------- ----------------------------- 2/8⠼ Extracting... ---------- ----------------------------- 2/8⠴ Extracting... ---------- ----------------------------- 2/8⠧ Extracting... ---------- ----------------------------- 2/8⠇ Extracting... ---------- ----------------------------- 2/8⠋ Extracting... ---------- ----------------------------- 2/8⠙ Extracting... ---------- ----------------------------- 2/8⠹ Extracting... ---------- ----------------------------- 2/8⠼ Extracting... ---------- ----------------------------- 2/8⠴ Extracting... ---------- ----------------------------- 2/8⠧ Extracting... ---------- ----------------------------- 2/8⠇ Extracting... ---------- ----------------------------- 2/8⠏ Extracting... ---------- ----------------------------- 2/8⠙ Extracting... ---------- ----------------------------- 2/8⠹ Extracting... ---------- ----------------------------- 2/8⠼ Extracting... ---------- ----------------------------- 2/8⠴ Extracting... ---------- ----------------------------- 2/8⠦ Extracting... ---------- ----------------------------- 2/8⠇ Extracting... ---------- ----------------------------- 2/8⠏ Extracting... ---------- ----------------------------- 2/8⠋ Extracting... ---------- ----------------------------- 2/8⠹ Extracting... ---------- ----------------------------- 2/8⠸ Extracting... ---------- ----------------------------- 2/8⠴ Extracting... ---------- ----------------------------- 2/8⠦ Extracting... ---------- ----------------------------- 2/8⠧ Extracting... ---------- ----------------------------- 2/8⠏ Extracting... ---------- ----------------------------- 2/8⠋ Extracting... ---------- ----------------------------- 2/8⠹ Extracting... ---------- ----------------------------- 2/8⠸ Extracting... ---------- ----------------------------- 2/8⠼ Extracting... ---------- ----------------------------- 2/8⠦ Extracting... ---------- ----------------------------- 2/8⠧ Extracting... ---------- ----------------------------- 2/8⠏ Extracting... ---------- ----------------------------- 2/8⠋ Extracting... ---------- ----------------------------- 2/8⠙ Extracting... ---------- ----------------------------- 2/8⠸ Extracting... ---------- ----------------------------- 2/8⠼ Extracting... ---------- ----------------------------- 2/8⠦ Extracting... ---------- ----------------------------- 2/8⠧ Extracting... ---------- ----------------------------- 2/8⠇ Extracting... ---------- ----------------------------- 2/8⠋ Extracting... ---------- ----------------------------- 2/8⠙ Extracting... ---------- ----------------------------- 2/8⠹ Extracting... ---------- ----------------------------- 2/8⠼ Extracting... ---------- ----------------------------- 2/8⠴ Extracting... ---------- ----------------------------- 2/8⠧ Extracting... ---------- ----------------------------- 2/8⠇ Extracting... ---------- ----------------------------- 2/8[09/09/26 22:54:29] INFO     HTTP Request: POST                 _client.py:1025
                             http://localhost:11434/api/generat                
                             e "HTTP/1.1 200 OK"                               
⠇ Extracting... ---------- ----------------------------- 2/8                    INFO     Inserted from CDU operating           graph.py:176
                             manual_chunk_0002: 0 entities, 0                  
                             claims, 0 relationships                           
⠇ Extracting... ---------- ----------------------------- 2/8⠸ Extracting... --------------- ------------------------ 3/8⠼ Extracting... --------------- ------------------------ 3/8⠴ Extracting... --------------- ------------------------ 3/8⠧ Extracting... --------------- ------------------------ 3/8⠇ Extracting... --------------- ------------------------ 3/8⠋ Extracting... --------------- ------------------------ 3/8⠙ Extracting... --------------- ------------------------ 3/8⠹ Extracting... --------------- ------------------------ 3/8⠼ Extracting... --------------- ------------------------ 3/8⠴ Extracting... --------------- ------------------------ 3/8⠧ Extracting... --------------- ------------------------ 3/8⠇ Extracting... --------------- ------------------------ 3/8⠏ Extracting... --------------- ------------------------ 3/8⠙ Extracting... --------------- ------------------------ 3/8⠹ Extracting... --------------- ------------------------ 3/8⠼ Extracting... --------------- ------------------------ 3/8⠴ Extracting... --------------- ------------------------ 3/8⠦ Extracting... --------------- ------------------------ 3/8⠇ Extracting... --------------- ------------------------ 3/8⠏ Extracting... --------------- ------------------------ 3/8⠙ Extracting... --------------- ------------------------ 3/8⠹ Extracting... --------------- ------------------------ 3/8⠸ Extracting... --------------- ------------------------ 3/8⠴ Extracting... --------------- ------------------------ 3/8⠦ Extracting... --------------- ------------------------ 3/8⠧ Extracting... --------------- ------------------------ 3/8⠏ Extracting... --------------- ------------------------ 3/8⠋ Extracting... --------------- ------------------------ 3/8⠹ Extracting... --------------- ------------------------ 3/8⠸ Extracting... --------------- ------------------------ 3/8⠼ Extracting... --------------- ------------------------ 3/8⠦ Extracting... --------------- ------------------------ 3/8⠧ Extracting... --------------- ------------------------ 3/8⠏ Extracting... --------------- ------------------------ 3/8⠋ Extracting... --------------- ------------------------ 3/8⠙ Extracting... --------------- ------------------------ 3/8⠸ Extracting... --------------- ------------------------ 3/8⠼ Extracting... --------------- ------------------------ 3/8⠦ Extracting... --------------- ------------------------ 3/8⠧ Extracting... --------------- ------------------------ 3/8⠇ Extracting... --------------- ------------------------ 3/8⠋ Extracting... --------------- ------------------------ 3/8⠙ Extracting... --------------- ------------------------ 3/8⠸ Extracting... --------------- ------------------------ 3/8⠼ Extracting... --------------- ------------------------ 3/8⠴ Extracting... --------------- ------------------------ 3/8⠧ Extracting... --------------- ------------------------ 3/8⠇ Extracting... --------------- ------------------------ 3/8⠋ Extracting... --------------- ------------------------ 3/8⠙ Extracting... --------------- ------------------------ 3/8⠹ Extracting... --------------- ------------------------ 3/8⠼ Extracting... --------------- ------------------------ 3/8⠴ Extracting... --------------- ------------------------ 3/8⠧ Extracting... --------------- ------------------------ 3/8⠇ Extracting... --------------- ------------------------ 3/8⠏ Extracting... --------------- ------------------------ 3/8⠙ Extracting... --------------- ------------------------ 3/8⠹ Extracting... --------------- ------------------------ 3/8⠸ Extracting... --------------- ------------------------ 3/8⠴ Extracting... --------------- ------------------------ 3/8⠦ Extracting... --------------- ------------------------ 3/8⠇ Extracting... --------------- ------------------------ 3/8⠏ Extracting... --------------- ------------------------ 3/8⠋ Extracting... --------------- ------------------------ 3/8⠹ Extracting... --------------- ------------------------ 3/8⠸ Extracting... --------------- ------------------------ 3/8⠴ Extracting... --------------- ------------------------ 3/8⠦ Extracting... --------------- ------------------------ 3/8⠧ Extracting... --------------- ------------------------ 3/8⠏ Extracting... --------------- ------------------------ 3/8⠋ Extracting... --------------- ------------------------ 3/8⠹ Extracting... --------------- ------------------------ 3/8⠸ Extracting... --------------- ------------------------ 3/8⠼ Extracting... --------------- ------------------------ 3/8⠦ Extracting... --------------- ------------------------ 3/8⠧ Extracting... --------------- ------------------------ 3/8⠇ Extracting... --------------- ------------------------ 3/8⠋ Extracting... --------------- ------------------------ 3/8⠙ Extracting... --------------- ------------------------ 3/8⠸ Extracting... --------------- ------------------------ 3/8⠼ Extracting... --------------- ------------------------ 3/8⠴ Extracting... --------------- ------------------------ 3/8⠧ Extracting... --------------- ------------------------ 3/8⠇ Extracting... --------------- ------------------------ 3/8⠋ Extracting... --------------- ------------------------ 3/8⠙ Extracting... --------------- ------------------------ 3/8⠹ Extracting... --------------- ------------------------ 3/8⠼ Extracting... --------------- ------------------------ 3/8⠴ Extracting... --------------- ------------------------ 3/8⠧ Extracting... --------------- ------------------------ 3/8⠇ Extracting... --------------- ------------------------ 3/8⠏ Extracting... --------------- ------------------------ 3/8⠙ Extracting... --------------- ------------------------ 3/8⠹ Extracting... --------------- ------------------------ 3/8⠼ Extracting... --------------- ------------------------ 3/8⠴ Extracting... --------------- ------------------------ 3/8⠦ Extracting... --------------- ------------------------ 3/8⠇ Extracting... --------------- ------------------------ 3/8⠏ Extracting... --------------- ------------------------ 3/8⠋ Extracting... --------------- ------------------------ 3/8⠹ Extracting... --------------- ------------------------ 3/8⠸ Extracting... --------------- ------------------------ 3/8⠴ Extracting... --------------- ------------------------ 3/8⠦ Extracting... --------------- ------------------------ 3/8⠧ Extracting... --------------- ------------------------ 3/8⠏ Extracting... --------------- ------------------------ 3/8⠋ Extracting... --------------- ------------------------ 3/8⠹ Extracting... --------------- ------------------------ 3/8⠸ Extracting... --------------- ------------------------ 3/8⠼ Extracting... --------------- ------------------------ 3/8⠦ Extracting... --------------- ------------------------ 3/8⠧ Extracting... --------------- ------------------------ 3/8⠇ Extracting... --------------- ------------------------ 3/8⠋ Extracting... --------------- ------------------------ 3/8⠙ Extracting... --------------- ------------------------ 3/8⠸ Extracting... --------------- ------------------------ 3/8⠼ Extracting... --------------- ------------------------ 3/8⠴ Extracting... --------------- ------------------------ 3/8⠧ Extracting... --------------- ------------------------ 3/8⠇ Extracting... --------------- ------------------------ 3/8⠋ Extracting... --------------- ------------------------ 3/8⠙ Extracting... --------------- ------------------------ 3/8⠹ Extracting... --------------- ------------------------ 3/8⠼ Extracting... --------------- ------------------------ 3/8⠴ Extracting... --------------- ------------------------ 3/8⠧ Extracting... --------------- ------------------------ 3/8⠇ Extracting... --------------- ------------------------ 3/8⠏ Extracting... --------------- ------------------------ 3/8⠙ Extracting... --------------- ------------------------ 3/8⠹ Extracting... --------------- ------------------------ 3/8⠸ Extracting... --------------- ------------------------ 3/8⠴ Extracting... --------------- ------------------------ 3/8⠦ Extracting... --------------- ------------------------ 3/8⠇ Extracting... --------------- ------------------------ 3/8⠏ Extracting... --------------- ------------------------ 3/8⠋ Extracting... --------------- ------------------------ 3/8⠹ Extracting... --------------- ------------------------ 3/8⠸ Extracting... --------------- ------------------------ 3/8⠴ Extracting... --------------- ------------------------ 3/8⠦ Extracting... --------------- ------------------------ 3/8⠧ Extracting... --------------- ------------------------ 3/8⠏ Extracting... --------------- ------------------------ 3/8⠋ Extracting... --------------- ------------------------ 3/8⠹ Extracting... --------------- ------------------------ 3/8⠸ Extracting... --------------- ------------------------ 3/8⠼ Extracting... --------------- ------------------------ 3/8⠦ Extracting... --------------- ------------------------ 3/8⠧ Extracting... --------------- ------------------------ 3/8⠏ Extracting... --------------- ------------------------ 3/8⠋ Extracting... --------------- ------------------------ 3/8⠙ Extracting... --------------- ------------------------ 3/8⠸ Extracting... --------------- ------------------------ 3/8⠼ Extracting... --------------- ------------------------ 3/8⠴ Extracting... --------------- ------------------------ 3/8⠧ Extracting... --------------- ------------------------ 3/8⠇ Extracting... --------------- ------------------------ 3/8⠋ Extracting... --------------- ------------------------ 3/8⠙ Extracting... --------------- ------------------------ 3/8⠹ Extracting... --------------- ------------------------ 3/8⠼ Extracting... --------------- ------------------------ 3/8⠴ Extracting... --------------- ------------------------ 3/8⠦ Extracting... --------------- ------------------------ 3/8⠇ Extracting... --------------- ------------------------ 3/8⠏ Extracting... --------------- ------------------------ 3/8⠙ Extracting... --------------- ------------------------ 3/8⠹ Extracting... --------------- ------------------------ 3/8⠸ Extracting... --------------- ------------------------ 3/8⠴ Extracting... --------------- ------------------------ 3/8⠦ Extracting... --------------- ------------------------ 3/8⠇ Extracting... --------------- ------------------------ 3/8⠏ Extracting... --------------- ------------------------ 3/8⠋ Extracting... --------------- ------------------------ 3/8⠹ Extracting... --------------- ------------------------ 3/8⠸ Extracting... --------------- ------------------------ 3/8⠼ Extracting... --------------- ------------------------ 3/8⠦ Extracting... --------------- ------------------------ 3/8⠧ Extracting... --------------- ------------------------ 3/8⠏ Extracting... --------------- ------------------------ 3/8⠋ Extracting... --------------- ------------------------ 3/8⠙ Extracting... --------------- ------------------------ 3/8⠸ Extracting... --------------- ------------------------ 3/8⠼ Extracting... --------------- ------------------------ 3/8⠦ Extracting... --------------- ------------------------ 3/8⠧ Extracting... --------------- ------------------------ 3/8⠇ Extracting... --------------- ------------------------ 3/8⠋ Extracting... --------------- ------------------------ 3/8⠙ Extracting... --------------- ------------------------ 3/8⠸ Extracting... --------------- ------------------------ 3/8⠼ Extracting... --------------- ------------------------ 3/8⠴ Extracting... --------------- ------------------------ 3/8⠧ Extracting... --------------- ------------------------ 3/8⠇ Extracting... --------------- ------------------------ 3/8⠋ Extracting... --------------- ------------------------ 3/8⠙ Extracting... --------------- ------------------------ 3/8⠹ Extracting... --------------- ------------------------ 3/8⠼ Extracting... --------------- ------------------------ 3/8⠴ Extracting... --------------- ------------------------ 3/8⠧ Extracting... --------------- ------------------------ 3/8⠇ Extracting... --------------- ------------------------ 3/8⠏ Extracting... --------------- ------------------------ 3/8⠙ Extracting... --------------- ------------------------ 3/8⠹ Extracting... --------------- ------------------------ 3/8⠼ Extracting... --------------- ------------------------ 3/8⠴ Extracting... --------------- ------------------------ 3/8⠦ Extracting... --------------- ------------------------ 3/8⠇ Extracting... --------------- ------------------------ 3/8⠏ Extracting... --------------- ------------------------ 3/8⠙ Extracting... --------------- ------------------------ 3/8⠹ Extracting... --------------- ------------------------ 3/8⠸ Extracting... --------------- ------------------------ 3/8⠴ Extracting... --------------- ------------------------ 3/8⠦ Extracting... --------------- ------------------------ 3/8⠧ Extracting... --------------- ------------------------ 3/8⠏ Extracting... --------------- ------------------------ 3/8⠋ Extracting... --------------- ------------------------ 3/8⠹ Extracting... --------------- ------------------------ 3/8⠸ Extracting... --------------- ------------------------ 3/8⠼ Extracting... --------------- ------------------------ 3/8⠦ Extracting... --------------- ------------------------ 3/8⠧ Extracting... --------------- ------------------------ 3/8⠏ Extracting... --------------- ------------------------ 3/8⠋ Extracting... --------------- ------------------------ 3/8⠙ Extracting... --------------- ------------------------ 3/8⠸ Extracting... --------------- ------------------------ 3/8⠼ Extracting... --------------- ------------------------ 3/8⠦ Extracting... --------------- ------------------------ 3/8⠧ Extracting... --------------- ------------------------ 3/8⠇ Extracting... --------------- ------------------------ 3/8⠋ Extracting... --------------- ------------------------ 3/8⠙ Extracting... --------------- ------------------------ 3/8⠸ Extracting... --------------- ------------------------ 3/8⠼ Extracting... --------------- ------------------------ 3/8⠴ Extracting... --------------- ------------------------ 3/8⠧ Extracting... --------------- ------------------------ 3/8⠇ Extracting... --------------- ------------------------ 3/8⠋ Extracting... --------------- ------------------------ 3/8⠙ Extracting... --------------- ------------------------ 3/8⠹ Extracting... --------------- ------------------------ 3/8⠼ Extracting... --------------- ------------------------ 3/8⠴ Extracting... --------------- ------------------------ 3/8⠦ Extracting... --------------- ------------------------ 3/8⠇ Extracting... --------------- ------------------------ 3/8⠏ Extracting... --------------- ------------------------ 3/8⠙ Extracting... --------------- ------------------------ 3/8⠹ Extracting... --------------- ------------------------ 3/8⠸ Extracting... --------------- ------------------------ 3/8⠴ Extracting... --------------- ------------------------ 3/8⠦ Extracting... --------------- ------------------------ 3/8⠧ Extracting... --------------- ------------------------ 3/8⠏ Extracting... --------------- ------------------------ 3/8⠋ Extracting... --------------- ------------------------ 3/8⠹ Extracting... --------------- ------------------------ 3/8⠸ Extracting... --------------- ------------------------ 3/8⠴ Extracting... --------------- ------------------------ 3/8⠦ Extracting... --------------- ------------------------ 3/8⠧ Extracting... --------------- ------------------------ 3/8⠏ Extracting... --------------- ------------------------ 3/8⠋ Extracting... --------------- ------------------------ 3/8⠹ Extracting... --------------- ------------------------ 3/8⠸ Extracting... --------------- ------------------------ 3/8⠼ Extracting... --------------- ------------------------ 3/8⠦ Extracting... --------------- ------------------------ 3/8⠧ Extracting... --------------- ------------------------ 3/8⠏ Extracting... --------------- ------------------------ 3/8⠋ Extracting... --------------- ------------------------ 3/8⠙ Extracting... --------------- ------------------------ 3/8⠸ Extracting... --------------- ------------------------ 3/8⠼ Extracting... --------------- ------------------------ 3/8⠴ Extracting... --------------- ------------------------ 3/8⠧ Extracting... --------------- ------------------------ 3/8⠇ Extracting... --------------- ------------------------ 3/8⠋ Extracting... --------------- ------------------------ 3/8⠙ Extracting... --------------- ------------------------ 3/8⠹ Extracting... --------------- ------------------------ 3/8⠼ Extracting... --------------- ------------------------ 3/8⠴ Extracting... --------------- ------------------------ 3/8⠧ Extracting... --------------- ------------------------ 3/8⠇ Extracting... --------------- ------------------------ 3/8⠏ Extracting... --------------- ------------------------ 3/8⠙ Extracting... --------------- ------------------------ 3/8⠹ Extracting... --------------- ------------------------ 3/8⠼ Extracting... --------------- ------------------------ 3/8⠴ Extracting... --------------- ------------------------ 3/8⠦ Extracting... --------------- ------------------------ 3/8⠇ Extracting... --------------- ------------------------ 3/8⠏ Extracting... --------------- ------------------------ 3/8⠙ Extracting... --------------- ------------------------ 3/8⠹ Extracting... --------------- ------------------------ 3/8⠸ Extracting... --------------- ------------------------ 3/8⠴ Extracting... --------------- ------------------------ 3/8⠦ Extracting... --------------- ------------------------ 3/8[09/09/26 22:55:02] INFO     HTTP Request: POST                 _client.py:1025
                             http://localhost:11434/api/generat                
                             e "HTTP/1.1 200 OK"                               
⠦ Extracting... --------------- ------------------------ 3/8                    INFO     Inserted from CDU operating           graph.py:176
                             manual_chunk_0003: 0 entities, 0                  
                             claims, 0 relationships                           
⠦ Extracting... --------------- ------------------------ 3/8⠙ Extracting... -------------------- ------------------- 4/8⠸ Extracting... -------------------- ------------------- 4/8⠼ Extracting... -------------------- ------------------- 4/8⠴ Extracting... -------------------- ------------------- 4/8⠧ Extracting... -------------------- ------------------- 4/8⠇ Extracting... -------------------- ------------------- 4/8⠋ Extracting... -------------------- ------------------- 4/8⠙ Extracting... -------------------- ------------------- 4/8⠹ Extracting... -------------------- ------------------- 4/8⠼ Extracting... -------------------- ------------------- 4/8⠴ Extracting... -------------------- ------------------- 4/8⠦ Extracting... -------------------- ------------------- 4/8⠇ Extracting... -------------------- ------------------- 4/8⠏ Extracting... -------------------- ------------------- 4/8⠙ Extracting... -------------------- ------------------- 4/8⠹ Extracting... -------------------- ------------------- 4/8⠸ Extracting... -------------------- ------------------- 4/8⠴ Extracting... -------------------- ------------------- 4/8⠦ Extracting... -------------------- ------------------- 4/8⠇ Extracting... -------------------- ------------------- 4/8⠏ Extracting... -------------------- ------------------- 4/8⠋ Extracting... -------------------- ------------------- 4/8⠹ Extracting... -------------------- ------------------- 4/8⠸ Extracting... -------------------- ------------------- 4/8⠴ Extracting... -------------------- ------------------- 4/8⠦ Extracting... -------------------- ------------------- 4/8⠧ Extracting... -------------------- ------------------- 4/8⠏ Extracting... -------------------- ------------------- 4/8⠋ Extracting... -------------------- ------------------- 4/8⠹ Extracting... -------------------- ------------------- 4/8⠸ Extracting... -------------------- ------------------- 4/8⠼ Extracting... -------------------- ------------------- 4/8⠦ Extracting... -------------------- ------------------- 4/8⠧ Extracting... -------------------- ------------------- 4/8⠏ Extracting... -------------------- ------------------- 4/8⠋ Extracting... -------------------- ------------------- 4/8⠙ Extracting... -------------------- ------------------- 4/8⠸ Extracting... -------------------- ------------------- 4/8⠼ Extracting... -------------------- ------------------- 4/8⠴ Extracting... -------------------- ------------------- 4/8⠧ Extracting... -------------------- ------------------- 4/8⠇ Extracting... -------------------- ------------------- 4/8⠋ Extracting... -------------------- ------------------- 4/8⠙ Extracting... -------------------- ------------------- 4/8⠹ Extracting... -------------------- ------------------- 4/8⠼ Extracting... -------------------- ------------------- 4/8⠴ Extracting... -------------------- ------------------- 4/8⠦ Extracting... -------------------- ------------------- 4/8⠇ Extracting... -------------------- ------------------- 4/8⠏ Extracting... -------------------- ------------------- 4/8⠙ Extracting... -------------------- ------------------- 4/8⠹ Extracting... -------------------- ------------------- 4/8⠸ Extracting... -------------------- ------------------- 4/8⠴ Extracting... -------------------- ------------------- 4/8⠦ Extracting... -------------------- ------------------- 4/8⠇ Extracting... -------------------- ------------------- 4/8⠏ Extracting... -------------------- ------------------- 4/8⠋ Extracting... -------------------- ------------------- 4/8⠹ Extracting... -------------------- ------------------- 4/8⠸ Extracting... -------------------- ------------------- 4/8⠴ Extracting... -------------------- ------------------- 4/8⠦ Extracting... -------------------- ------------------- 4/8⠧ Extracting... -------------------- ------------------- 4/8⠏ Extracting... -------------------- ------------------- 4/8⠋ Extracting... -------------------- ------------------- 4/8⠹ Extracting... -------------------- ------------------- 4/8⠸ Extracting... -------------------- ------------------- 4/8⠼ Extracting... -------------------- ------------------- 4/8⠦ Extracting... -------------------- ------------------- 4/8⠧ Extracting... -------------------- ------------------- 4/8⠇ Extracting... -------------------- ------------------- 4/8⠋ Extracting... -------------------- ------------------- 4/8⠙ Extracting... -------------------- ------------------- 4/8⠸ Extracting... -------------------- ------------------- 4/8⠼ Extracting... -------------------- ------------------- 4/8⠴ Extracting... -------------------- ------------------- 4/8⠧ Extracting... -------------------- ------------------- 4/8⠇ Extracting... -------------------- ------------------- 4/8⠋ Extracting... -------------------- ------------------- 4/8⠙ Extracting... -------------------- ------------------- 4/8⠹ Extracting... -------------------- ------------------- 4/8⠼ Extracting... -------------------- ------------------- 4/8⠴ Extracting... -------------------- ------------------- 4/8⠧ Extracting... -------------------- ------------------- 4/8⠇ Extracting... -------------------- ------------------- 4/8⠏ Extracting... -------------------- ------------------- 4/8⠙ Extracting... -------------------- ------------------- 4/8⠹ Extracting... -------------------- ------------------- 4/8⠼ Extracting... -------------------- ------------------- 4/8⠴ Extracting... -------------------- ------------------- 4/8⠦ Extracting... -------------------- ------------------- 4/8⠇ Extracting... -------------------- ------------------- 4/8⠏ Extracting... -------------------- ------------------- 4/8⠙ Extracting... -------------------- ------------------- 4/8⠹ Extracting... -------------------- ------------------- 4/8⠸ Extracting... -------------------- ------------------- 4/8⠴ Extracting... -------------------- ------------------- 4/8⠦ Extracting... -------------------- ------------------- 4/8⠧ Extracting... -------------------- ------------------- 4/8⠏ Extracting... -------------------- ------------------- 4/8⠋ Extracting... -------------------- ------------------- 4/8⠹ Extracting... -------------------- ------------------- 4/8⠸ Extracting... -------------------- ------------------- 4/8⠼ Extracting... -------------------- ------------------- 4/8⠦ Extracting... -------------------- ------------------- 4/8⠧ Extracting... -------------------- ------------------- 4/8⠏ Extracting... -------------------- ------------------- 4/8⠋ Extracting... -------------------- ------------------- 4/8⠙ Extracting... -------------------- ------------------- 4/8⠸ Extracting... -------------------- ------------------- 4/8⠼ Extracting... -------------------- ------------------- 4/8⠦ Extracting... -------------------- ------------------- 4/8⠧ Extracting... -------------------- ------------------- 4/8⠇ Extracting... -------------------- ------------------- 4/8⠋ Extracting... -------------------- ------------------- 4/8⠙ Extracting... -------------------- ------------------- 4/8⠹ Extracting... -------------------- ------------------- 4/8⠼ Extracting... -------------------- ------------------- 4/8⠴ Extracting... -------------------- ------------------- 4/8⠧ Extracting... -------------------- ------------------- 4/8⠇ Extracting... -------------------- ------------------- 4/8⠏ Extracting... -------------------- ------------------- 4/8⠙ Extracting... -------------------- ------------------- 4/8⠹ Extracting... -------------------- ------------------- 4/8⠼ Extracting... -------------------- ------------------- 4/8⠴ Extracting... -------------------- ------------------- 4/8⠦ Extracting... -------------------- ------------------- 4/8⠇ Extracting... -------------------- ------------------- 4/8⠏ Extracting... -------------------- ------------------- 4/8⠙ Extracting... -------------------- ------------------- 4/8⠹ Extracting... -------------------- ------------------- 4/8⠸ Extracting... -------------------- ------------------- 4/8⠴ Extracting... -------------------- ------------------- 4/8⠦ Extracting... -------------------- ------------------- 4/8⠇ Extracting... -------------------- ------------------- 4/8⠏ Extracting... -------------------- ------------------- 4/8⠋ Extracting... -------------------- ------------------- 4/8⠹ Extracting... -------------------- ------------------- 4/8⠸ Extracting... -------------------- ------------------- 4/8⠴ Extracting... -------------------- ------------------- 4/8⠦ Extracting... -------------------- ------------------- 4/8⠧ Extracting... -------------------- ------------------- 4/8⠏ Extracting... -------------------- ------------------- 4/8⠋ Extracting... -------------------- ------------------- 4/8⠙ Extracting... -------------------- ------------------- 4/8⠸ Extracting... -------------------- ------------------- 4/8⠼ Extracting... -------------------- ------------------- 4/8⠦ Extracting... -------------------- ------------------- 4/8⠧ Extracting... -------------------- ------------------- 4/8⠇ Extracting... -------------------- ------------------- 4/8⠋ Extracting... -------------------- ------------------- 4/8⠙ Extracting... -------------------- ------------------- 4/8⠸ Extracting... -------------------- ------------------- 4/8⠼ Extracting... -------------------- ------------------- 4/8⠴ Extracting... -------------------- ------------------- 4/8⠧ Extracting... -------------------- ------------------- 4/8⠇ Extracting... -------------------- ------------------- 4/8⠋ Extracting... -------------------- ------------------- 4/8⠙ Extracting... -------------------- ------------------- 4/8⠹ Extracting... -------------------- ------------------- 4/8⠼ Extracting... -------------------- ------------------- 4/8⠴ Extracting... -------------------- ------------------- 4/8⠦ Extracting... -------------------- ------------------- 4/8⠇ Extracting... -------------------- ------------------- 4/8⠏ Extracting... -------------------- ------------------- 4/8⠙ Extracting... -------------------- ------------------- 4/8⠹ Extracting... -------------------- ------------------- 4/8⠸ Extracting... -------------------- ------------------- 4/8⠴ Extracting... -------------------- ------------------- 4/8⠦ Extracting... -------------------- ------------------- 4/8⠇ Extracting... -------------------- ------------------- 4/8⠏ Extracting... -------------------- ------------------- 4/8⠋ Extracting... -------------------- ------------------- 4/8⠹ Extracting... -------------------- ------------------- 4/8⠸ Extracting... -------------------- ------------------- 4/8⠴ Extracting... -------------------- ------------------- 4/8⠦ Extracting... -------------------- ------------------- 4/8⠧ Extracting... -------------------- ------------------- 4/8⠏ Extracting... -------------------- ------------------- 4/8⠋ Extracting... -------------------- ------------------- 4/8⠹ Extracting... -------------------- ------------------- 4/8⠸ Extracting... -------------------- ------------------- 4/8⠼ Extracting... -------------------- ------------------- 4/8⠦ Extracting... -------------------- ------------------- 4/8⠧ Extracting... -------------------- ------------------- 4/8⠏ Extracting... -------------------- ------------------- 4/8⠋ Extracting... -------------------- ------------------- 4/8⠙ Extracting... -------------------- ------------------- 4/8⠸ Extracting... -------------------- ------------------- 4/8⠼ Extracting... -------------------- ------------------- 4/8⠦ Extracting... -------------------- ------------------- 4/8⠧ Extracting... -------------------- ------------------- 4/8⠇ Extracting... -------------------- ------------------- 4/8⠋ Extracting... -------------------- ------------------- 4/8⠙ Extracting... -------------------- ------------------- 4/8⠹ Extracting... -------------------- ------------------- 4/8⠼ Extracting... -------------------- ------------------- 4/8⠴ Extracting... -------------------- ------------------- 4/8⠧ Extracting... -------------------- ------------------- 4/8⠇ Extracting... -------------------- ------------------- 4/8⠏ Extracting... -------------------- ------------------- 4/8⠙ Extracting... -------------------- ------------------- 4/8⠹ Extracting... -------------------- ------------------- 4/8⠸ Extracting... -------------------- ------------------- 4/8⠴ Extracting... -------------------- ------------------- 4/8⠦ Extracting... -------------------- ------------------- 4/8⠇ Extracting... -------------------- ------------------- 4/8⠏ Extracting... -------------------- ------------------- 4/8⠋ Extracting... -------------------- ------------------- 4/8⠹ Extracting... -------------------- ------------------- 4/8⠸ Extracting... -------------------- ------------------- 4/8⠴ Extracting... -------------------- ------------------- 4/8⠦ Extracting... -------------------- ------------------- 4/8⠧ Extracting... -------------------- ------------------- 4/8⠏ Extracting... -------------------- ------------------- 4/8⠋ Extracting... -------------------- ------------------- 4/8⠹ Extracting... -------------------- ------------------- 4/8⠸ Extracting... -------------------- ------------------- 4/8⠼ Extracting... -------------------- ------------------- 4/8⠦ Extracting... -------------------- ------------------- 4/8⠧ Extracting... -------------------- ------------------- 4/8⠏ Extracting... -------------------- ------------------- 4/8⠋ Extracting... -------------------- ------------------- 4/8⠙ Extracting... -------------------- ------------------- 4/8⠸ Extracting... -------------------- ------------------- 4/8⠼ Extracting... -------------------- ------------------- 4/8⠴ Extracting... -------------------- ------------------- 4/8⠧ Extracting... -------------------- ------------------- 4/8⠇ Extracting... -------------------- ------------------- 4/8⠋ Extracting... -------------------- ------------------- 4/8⠙ Extracting... -------------------- ------------------- 4/8⠹ Extracting... -------------------- ------------------- 4/8⠼ Extracting... -------------------- ------------------- 4/8⠴ Extracting... -------------------- ------------------- 4/8⠧ Extracting... -------------------- ------------------- 4/8⠇ Extracting... -------------------- ------------------- 4/8⠏ Extracting... -------------------- ------------------- 4/8⠙ Extracting... -------------------- ------------------- 4/8⠹ Extracting... -------------------- ------------------- 4/8⠼ Extracting... -------------------- ------------------- 4/8⠴ Extracting... -------------------- ------------------- 4/8⠦ Extracting... -------------------- ------------------- 4/8⠇ Extracting... -------------------- ------------------- 4/8⠏ Extracting... -------------------- ------------------- 4/8⠙ Extracting... -------------------- ------------------- 4/8⠹ Extracting... -------------------- ------------------- 4/8⠸ Extracting... -------------------- ------------------- 4/8⠴ Extracting... -------------------- ------------------- 4/8⠦ Extracting... -------------------- ------------------- 4/8⠧ Extracting... -------------------- ------------------- 4/8⠏ Extracting... -------------------- ------------------- 4/8⠋ Extracting... -------------------- ------------------- 4/8⠹ Extracting... -------------------- ------------------- 4/8⠸ Extracting... -------------------- ------------------- 4/8⠼ Extracting... -------------------- ------------------- 4/8⠦ Extracting... -------------------- ------------------- 4/8⠧ Extracting... -------------------- ------------------- 4/8⠏ Extracting... -------------------- ------------------- 4/8⠋ Extracting... -------------------- ------------------- 4/8⠙ Extracting... -------------------- ------------------- 4/8⠸ Extracting... -------------------- ------------------- 4/8⠼ Extracting... -------------------- ------------------- 4/8⠦ Extracting... -------------------- ------------------- 4/8⠧ Extracting... -------------------- ------------------- 4/8⠇ Extracting... -------------------- ------------------- 4/8⠋ Extracting... -------------------- ------------------- 4/8⠙ Extracting... -------------------- ------------------- 4/8⠹ Extracting... -------------------- ------------------- 4/8⠼ Extracting... -------------------- ------------------- 4/8⠴ Extracting... -------------------- ------------------- 4/8⠧ Extracting... -------------------- ------------------- 4/8⠇ Extracting... -------------------- ------------------- 4/8⠏ Extracting... -------------------- ------------------- 4/8⠙ Extracting... -------------------- ------------------- 4/8⠹ Extracting... -------------------- ------------------- 4/8⠼ Extracting... -------------------- ------------------- 4/8⠴ Extracting... -------------------- ------------------- 4/8⠦ Extracting... -------------------- ------------------- 4/8⠇ Extracting... -------------------- ------------------- 4/8⠏ Extracting... -------------------- ------------------- 4/8⠙ Extracting... -------------------- ------------------- 4/8⠹ Extracting... -------------------- ------------------- 4/8⠸ Extracting... -------------------- ------------------- 4/8⠴ Extracting... -------------------- ------------------- 4/8⠦ Extracting... -------------------- ------------------- 4/8⠧ Extracting... -------------------- ------------------- 4/8⠏ Extracting... -------------------- ------------------- 4/8⠋ Extracting... -------------------- ------------------- 4/8⠹ Extracting... -------------------- ------------------- 4/8⠸ Extracting... -------------------- ------------------- 4/8⠼ Extracting... -------------------- ------------------- 4/8⠦ Extracting... -------------------- ------------------- 4/8⠧ Extracting... -------------------- ------------------- 4/8⠏ Extracting... -------------------- ------------------- 4/8⠋ Extracting... -------------------- ------------------- 4/8⠙ Extracting... -------------------- ------------------- 4/8⠸ Extracting... -------------------- ------------------- 4/8⠼ Extracting... -------------------- ------------------- 4/8⠦ Extracting... -------------------- ------------------- 4/8⠧ Extracting... -------------------- ------------------- 4/8⠇ Extracting... -------------------- ------------------- 4/8⠋ Extracting... -------------------- ------------------- 4/8⠙ Extracting... -------------------- ------------------- 4/8⠸ Extracting... -------------------- ------------------- 4/8⠼ Extracting... -------------------- ------------------- 4/8⠴ Extracting... -------------------- ------------------- 4/8⠧ Extracting... -------------------- ------------------- 4/8⠇ Extracting... -------------------- ------------------- 4/8⠋ Extracting... -------------------- ------------------- 4/8⠙ Extracting... -------------------- ------------------- 4/8⠹ Extracting... -------------------- ------------------- 4/8⠼ Extracting... -------------------- ------------------- 4/8⠴ Extracting... -------------------- ------------------- 4/8⠧ Extracting... -------------------- ------------------- 4/8⠇ Extracting... -------------------- ------------------- 4/8⠏ Extracting... -------------------- ------------------- 4/8⠙ Extracting... -------------------- ------------------- 4/8⠹ Extracting... -------------------- ------------------- 4/8⠼ Extracting... -------------------- ------------------- 4/8⠴ Extracting... -------------------- ------------------- 4/8⠦ Extracting... -------------------- ------------------- 4/8⠇ Extracting... -------------------- ------------------- 4/8⠏ Extracting... -------------------- ------------------- 4/8⠋ Extracting... -------------------- ------------------- 4/8⠹ Extracting... -------------------- ------------------- 4/8⠸ Extracting... -------------------- ------------------- 4/8⠴ Extracting... -------------------- ------------------- 4/8⠦ Extracting... -------------------- ------------------- 4/8⠧ Extracting... -------------------- ------------------- 4/8⠏ Extracting... -------------------- ------------------- 4/8⠋ Extracting... -------------------- ------------------- 4/8⠹ Extracting... -------------------- ------------------- 4/8⠸ Extracting... -------------------- ------------------- 4/8⠼ Extracting... -------------------- ------------------- 4/8⠦ Extracting... -------------------- ------------------- 4/8⠧ Extracting... -------------------- ------------------- 4/8⠏ Extracting... -------------------- ------------------- 4/8⠋ Extracting... -------------------- ------------------- 4/8⠙ Extracting... -------------------- ------------------- 4/8⠸ Extracting... -------------------- ------------------- 4/8⠼ Extracting... -------------------- ------------------- 4/8⠴ Extracting... -------------------- ------------------- 4/8⠧ Extracting... -------------------- ------------------- 4/8⠇ Extracting... -------------------- ------------------- 4/8⠋ Extracting... -------------------- ------------------- 4/8⠙ Extracting... -------------------- ------------------- 4/8⠹ Extracting... -------------------- ------------------- 4/8⠼ Extracting... -------------------- ------------------- 4/8⠴ Extracting... -------------------- ------------------- 4/8⠧ Extracting... -------------------- ------------------- 4/8⠇ Extracting... -------------------- ------------------- 4/8⠏ Extracting... -------------------- ------------------- 4/8⠙ Extracting... -------------------- ------------------- 4/8⠹ Extracting... -------------------- ------------------- 4/8⠼ Extracting... -------------------- ------------------- 4/8⠴ Extracting... -------------------- ------------------- 4/8⠦ Extracting... -------------------- ------------------- 4/8⠇ Extracting... -------------------- ------------------- 4/8⠏ Extracting... -------------------- ------------------- 4/8⠙ Extracting... -------------------- ------------------- 4/8⠹ Extracting... -------------------- ------------------- 4/8⠸ Extracting... -------------------- ------------------- 4/8⠴ Extracting... -------------------- ------------------- 4/8⠦ Extracting... -------------------- ------------------- 4/8⠇ Extracting... -------------------- ------------------- 4/8⠏ Extracting... -------------------- ------------------- 4/8⠋ Extracting... -------------------- ------------------- 4/8⠹ Extracting... -------------------- ------------------- 4/8⠸ Extracting... -------------------- ------------------- 4/8⠴ Extracting... -------------------- ------------------- 4/8⠦ Extracting... -------------------- ------------------- 4/8⠧ Extracting... -------------------- ------------------- 4/8⠏ Extracting... -------------------- ------------------- 4/8⠋ Extracting... -------------------- ------------------- 4/8⠹ Extracting... -------------------- ------------------- 4/8⠸ Extracting... -------------------- ------------------- 4/8⠼ Extracting... -------------------- ------------------- 4/8⠦ Extracting... -------------------- ------------------- 4/8⠧ Extracting... -------------------- ------------------- 4/8⠏ Extracting... -------------------- ------------------- 4/8⠋ Extracting... -------------------- ------------------- 4/8⠙ Extracting... -------------------- ------------------- 4/8⠸ Extracting... -------------------- ------------------- 4/8⠼ Extracting... -------------------- ------------------- 4/8⠴ Extracting... -------------------- ------------------- 4/8⠧ Extracting... -------------------- ------------------- 4/8⠇ Extracting... -------------------- ------------------- 4/8⠋ Extracting... -------------------- ------------------- 4/8⠙ Extracting... -------------------- ------------------- 4/8⠹ Extracting... -------------------- ------------------- 4/8⠼ Extracting... -------------------- ------------------- 4/8⠴ Extracting... -------------------- ------------------- 4/8⠧ Extracting... -------------------- ------------------- 4/8⠇ Extracting... -------------------- ------------------- 4/8⠏ Extracting... -------------------- ------------------- 4/8⠙ Extracting... -------------------- ------------------- 4/8⠹ Extracting... -------------------- ------------------- 4/8⠼ Extracting... -------------------- ------------------- 4/8⠴ Extracting... -------------------- ------------------- 4/8⠦ Extracting... -------------------- ------------------- 4/8⠇ Extracting... -------------------- ------------------- 4/8⠏ Extracting... -------------------- ------------------- 4/8⠙ Extracting... -------------------- ------------------- 4/8⠹ Extracting... -------------------- ------------------- 4/8⠸ Extracting... -------------------- ------------------- 4/8⠴ Extracting... -------------------- ------------------- 4/8⠦ Extracting... -------------------- ------------------- 4/8⠇ Extracting... -------------------- ------------------- 4/8⠏ Extracting... -------------------- ------------------- 4/8⠋ Extracting... -------------------- ------------------- 4/8⠹ Extracting... -------------------- ------------------- 4/8⠸ Extracting... -------------------- ------------------- 4/8⠼ Extracting... -------------------- ------------------- 4/8⠦ Extracting... -------------------- ------------------- 4/8⠧ Extracting... -------------------- ------------------- 4/8⠏ Extracting... -------------------- ------------------- 4/8⠋ Extracting... -------------------- ------------------- 4/8⠙ Extracting... -------------------- ------------------- 4/8⠸ Extracting... -------------------- ------------------- 4/8⠼ Extracting... -------------------- ------------------- 4/8⠦ Extracting... -------------------- ------------------- 4/8⠧ Extracting... -------------------- ------------------- 4/8⠇ Extracting... -------------------- ------------------- 4/8⠋ Extracting... -------------------- ------------------- 4/8⠙ Extracting... -------------------- ------------------- 4/8⠸ Extracting... -------------------- ------------------- 4/8⠼ Extracting... -------------------- ------------------- 4/8⠴ Extracting... -------------------- ------------------- 4/8⠧ Extracting... -------------------- ------------------- 4/8⠇ Extracting... -------------------- ------------------- 4/8⠋ Extracting... -------------------- ------------------- 4/8⠙ Extracting... -------------------- ------------------- 4/8⠹ Extracting... -------------------- ------------------- 4/8⠼ Extracting... -------------------- ------------------- 4/8⠴ Extracting... -------------------- ------------------- 4/8⠧ Extracting... -------------------- ------------------- 4/8⠇ Extracting... -------------------- ------------------- 4/8⠏ Extracting... -------------------- ------------------- 4/8⠙ Extracting... -------------------- ------------------- 4/8⠹ Extracting... -------------------- ------------------- 4/8⠼ Extracting... -------------------- ------------------- 4/8⠴ Extracting... -------------------- ------------------- 4/8⠦ Extracting... -------------------- ------------------- 4/8⠇ Extracting... -------------------- ------------------- 4/8⠏ Extracting... -------------------- ------------------- 4/8⠙ Extracting... -------------------- ------------------- 4/8⠹ Extracting... -------------------- ------------------- 4/8⠸ Extracting... -------------------- ------------------- 4/8⠴ Extracting... -------------------- ------------------- 4/8[09/09/26 22:55:52] INFO     HTTP Request: POST                 _client.py:1025
                             http://localhost:11434/api/generat                
                             e "HTTP/1.1 200 OK"                               
⠴ Extracting... -------------------- ------------------- 4/8                    INFO     Inserted from CDU operating           graph.py:176
                             manual_chunk_0004: 0 entities, 0                  
                             claims, 0 relationships                           
⠴ Extracting... -------------------- ------------------- 4/8⠋ Extracting... ------------------------- -------------- 5/8⠙ Extracting... ------------------------- -------------- 5/8⠸ Extracting... ------------------------- -------------- 5/8⠼ Extracting... ------------------------- -------------- 5/8⠴ Extracting... ------------------------- -------------- 5/8⠧ Extracting... ------------------------- -------------- 5/8⠇ Extracting... ------------------------- -------------- 5/8⠏ Extracting... ------------------------- -------------- 5/8⠙ Extracting... ------------------------- -------------- 5/8⠹ Extracting... ------------------------- -------------- 5/8⠼ Extracting... ------------------------- -------------- 5/8⠴ Extracting... ------------------------- -------------- 5/8⠦ Extracting... ------------------------- -------------- 5/8⠇ Extracting... ------------------------- -------------- 5/8⠏ Extracting... ------------------------- -------------- 5/8⠋ Extracting... ------------------------- -------------- 5/8⠹ Extracting... ------------------------- -------------- 5/8⠸ Extracting... ------------------------- -------------- 5/8⠴ Extracting... ------------------------- -------------- 5/8⠦ Extracting... ------------------------- -------------- 5/8⠇ Extracting... ------------------------- -------------- 5/8⠏ Extracting... ------------------------- -------------- 5/8⠋ Extracting... ------------------------- -------------- 5/8⠹ Extracting... ------------------------- -------------- 5/8⠸ Extracting... ------------------------- -------------- 5/8⠼ Extracting... ------------------------- -------------- 5/8⠦ Extracting... ------------------------- -------------- 5/8⠧ Extracting... ------------------------- -------------- 5/8⠏ Extracting... ------------------------- -------------- 5/8⠋ Extracting... ------------------------- -------------- 5/8⠙ Extracting... ------------------------- -------------- 5/8⠸ Extracting... ------------------------- -------------- 5/8⠼ Extracting... ------------------------- -------------- 5/8⠦ Extracting... ------------------------- -------------- 5/8⠧ Extracting... ------------------------- -------------- 5/8⠇ Extracting... ------------------------- -------------- 5/8⠋ Extracting... ------------------------- -------------- 5/8⠙ Extracting... ------------------------- -------------- 5/8⠸ Extracting... ------------------------- -------------- 5/8⠼ Extracting... ------------------------- -------------- 5/8⠴ Extracting... ------------------------- -------------- 5/8⠧ Extracting... ------------------------- -------------- 5/8⠇ Extracting... ------------------------- -------------- 5/8⠋ Extracting... ------------------------- -------------- 5/8⠙ Extracting... ------------------------- -------------- 5/8⠹ Extracting... ------------------------- -------------- 5/8⠼ Extracting... ------------------------- -------------- 5/8⠴ Extracting... ------------------------- -------------- 5/8⠧ Extracting... ------------------------- -------------- 5/8⠇ Extracting... ------------------------- -------------- 5/8⠏ Extracting... ------------------------- -------------- 5/8⠙ Extracting... ------------------------- -------------- 5/8⠹ Extracting... ------------------------- -------------- 5/8⠼ Extracting... ------------------------- -------------- 5/8⠴ Extracting... ------------------------- -------------- 5/8⠦ Extracting... ------------------------- -------------- 5/8⠇ Extracting... ------------------------- -------------- 5/8⠏ Extracting... ------------------------- -------------- 5/8⠙ Extracting... ------------------------- -------------- 5/8⠹ Extracting... ------------------------- -------------- 5/8⠸ Extracting... ------------------------- -------------- 5/8⠴ Extracting... ------------------------- -------------- 5/8⠦ Extracting... ------------------------- -------------- 5/8⠧ Extracting... ------------------------- -------------- 5/8⠏ Extracting... ------------------------- -------------- 5/8⠋ Extracting... ------------------------- -------------- 5/8⠹ Extracting... ------------------------- -------------- 5/8⠸ Extracting... ------------------------- -------------- 5/8⠼ Extracting... ------------------------- -------------- 5/8⠦ Extracting... ------------------------- -------------- 5/8⠧ Extracting... ------------------------- -------------- 5/8⠏ Extracting... ------------------------- -------------- 5/8⠋ Extracting... ------------------------- -------------- 5/8⠙ Extracting... ------------------------- -------------- 5/8⠸ Extracting... ------------------------- -------------- 5/8⠼ Extracting... ------------------------- -------------- 5/8⠦ Extracting... ------------------------- -------------- 5/8⠧ Extracting... ------------------------- -------------- 5/8⠇ Extracting... ------------------------- -------------- 5/8⠋ Extracting... ------------------------- -------------- 5/8⠙ Extracting... ------------------------- -------------- 5/8⠹ Extracting... ------------------------- -------------- 5/8⠼ Extracting... ------------------------- -------------- 5/8⠴ Extracting... ------------------------- -------------- 5/8⠧ Extracting... ------------------------- -------------- 5/8⠇ Extracting... ------------------------- -------------- 5/8⠏ Extracting... ------------------------- -------------- 5/8⠙ Extracting... ------------------------- -------------- 5/8⠹ Extracting... ------------------------- -------------- 5/8⠸ Extracting... ------------------------- -------------- 5/8⠴ Extracting... ------------------------- -------------- 5/8⠦ Extracting... ------------------------- -------------- 5/8⠇ Extracting... ------------------------- -------------- 5/8⠏ Extracting... ------------------------- -------------- 5/8⠋ Extracting... ------------------------- -------------- 5/8⠹ Extracting... ------------------------- -------------- 5/8⠸ Extracting... ------------------------- -------------- 5/8⠴ Extracting... ------------------------- -------------- 5/8⠦ Extracting... ------------------------- -------------- 5/8⠧ Extracting... ------------------------- -------------- 5/8⠏ Extracting... ------------------------- -------------- 5/8⠋ Extracting... ------------------------- -------------- 5/8⠙ Extracting... ------------------------- -------------- 5/8⠸ Extracting... ------------------------- -------------- 5/8⠼ Extracting... ------------------------- -------------- 5/8⠦ Extracting... ------------------------- -------------- 5/8⠧ Extracting... ------------------------- -------------- 5/8⠇ Extracting... ------------------------- -------------- 5/8⠋ Extracting... ------------------------- -------------- 5/8⠙ Extracting... ------------------------- -------------- 5/8⠸ Extracting... ------------------------- -------------- 5/8⠼ Extracting... ------------------------- -------------- 5/8⠴ Extracting... ------------------------- -------------- 5/8⠧ Extracting... ------------------------- -------------- 5/8⠇ Extracting... ------------------------- -------------- 5/8⠋ Extracting... ------------------------- -------------- 5/8⠙ Extracting... ------------------------- -------------- 5/8⠹ Extracting... ------------------------- -------------- 5/8⠼ Extracting... ------------------------- -------------- 5/8⠴ Extracting... ------------------------- -------------- 5/8⠧ Extracting... ------------------------- -------------- 5/8⠇ Extracting... ------------------------- -------------- 5/8⠏ Extracting... ------------------------- -------------- 5/8⠙ Extracting... ------------------------- -------------- 5/8⠹ Extracting... ------------------------- -------------- 5/8⠸ Extracting... ------------------------- -------------- 5/8⠴ Extracting... ------------------------- -------------- 5/8⠦ Extracting... ------------------------- -------------- 5/8⠇ Extracting... ------------------------- -------------- 5/8⠏ Extracting... ------------------------- -------------- 5/8⠋ Extracting... ------------------------- -------------- 5/8⠹ Extracting... ------------------------- -------------- 5/8⠸ Extracting... ------------------------- -------------- 5/8⠴ Extracting... ------------------------- -------------- 5/8⠦ Extracting... ------------------------- -------------- 5/8⠧ Extracting... ------------------------- -------------- 5/8⠏ Extracting... ------------------------- -------------- 5/8⠋ Extracting... ------------------------- -------------- 5/8⠹ Extracting... ------------------------- -------------- 5/8⠸ Extracting... ------------------------- -------------- 5/8⠼ Extracting... ------------------------- -------------- 5/8⠦ Extracting... ------------------------- -------------- 5/8⠧ Extracting... ------------------------- -------------- 5/8⠏ Extracting... ------------------------- -------------- 5/8⠋ Extracting... ------------------------- -------------- 5/8⠙ Extracting... ------------------------- -------------- 5/8⠸ Extracting... ------------------------- -------------- 5/8⠼ Extracting... ------------------------- -------------- 5/8⠴ Extracting... ------------------------- -------------- 5/8⠧ Extracting... ------------------------- -------------- 5/8⠇ Extracting... ------------------------- -------------- 5/8⠋ Extracting... ------------------------- -------------- 5/8⠙ Extracting... ------------------------- -------------- 5/8⠹ Extracting... ------------------------- -------------- 5/8⠼ Extracting... ------------------------- -------------- 5/8⠴ Extracting... ------------------------- -------------- 5/8⠧ Extracting... ------------------------- -------------- 5/8⠇ Extracting... ------------------------- -------------- 5/8⠏ Extracting... ------------------------- -------------- 5/8⠙ Extracting... ------------------------- -------------- 5/8⠹ Extracting... ------------------------- -------------- 5/8⠼ Extracting... ------------------------- -------------- 5/8⠴ Extracting... ------------------------- -------------- 5/8⠦ Extracting... ------------------------- -------------- 5/8⠇ Extracting... ------------------------- -------------- 5/8⠏ Extracting... ------------------------- -------------- 5/8⠙ Extracting... ------------------------- -------------- 5/8⠹ Extracting... ------------------------- -------------- 5/8⠸ Extracting... ------------------------- -------------- 5/8⠴ Extracting... ------------------------- -------------- 5/8⠦ Extracting... ------------------------- -------------- 5/8⠇ Extracting... ------------------------- -------------- 5/8⠏ Extracting... ------------------------- -------------- 5/8⠋ Extracting... ------------------------- -------------- 5/8⠹ Extracting... ------------------------- -------------- 5/8⠸ Extracting... ------------------------- -------------- 5/8⠴ Extracting... ------------------------- -------------- 5/8⠦ Extracting... ------------------------- -------------- 5/8⠧ Extracting... ------------------------- -------------- 5/8⠏ Extracting... ------------------------- -------------- 5/8⠋ Extracting... ------------------------- -------------- 5/8⠙ Extracting... ------------------------- -------------- 5/8⠸ Extracting... ------------------------- -------------- 5/8⠼ Extracting... ------------------------- -------------- 5/8⠦ Extracting... ------------------------- -------------- 5/8⠧ Extracting... ------------------------- -------------- 5/8⠇ Extracting... ------------------------- -------------- 5/8⠋ Extracting... ------------------------- -------------- 5/8⠙ Extracting... ------------------------- -------------- 5/8⠸ Extracting... ------------------------- -------------- 5/8⠼ Extracting... ------------------------- -------------- 5/8⠴ Extracting... ------------------------- -------------- 5/8⠧ Extracting... ------------------------- -------------- 5/8⠇ Extracting... ------------------------- -------------- 5/8⠋ Extracting... ------------------------- -------------- 5/8⠙ Extracting... ------------------------- -------------- 5/8⠹ Extracting... ------------------------- -------------- 5/8⠼ Extracting... ------------------------- -------------- 5/8⠴ Extracting... ------------------------- -------------- 5/8⠧ Extracting... ------------------------- -------------- 5/8⠇ Extracting... ------------------------- -------------- 5/8⠏ Extracting... ------------------------- -------------- 5/8⠙ Extracting... ------------------------- -------------- 5/8⠹ Extracting... ------------------------- -------------- 5/8⠸ Extracting... ------------------------- -------------- 5/8⠴ Extracting... ------------------------- -------------- 5/8⠦ Extracting... ------------------------- -------------- 5/8⠇ Extracting... ------------------------- -------------- 5/8⠏ Extracting... ------------------------- -------------- 5/8⠋ Extracting... ------------------------- -------------- 5/8⠹ Extracting... ------------------------- -------------- 5/8⠸ Extracting... ------------------------- -------------- 5/8⠴ Extracting... ------------------------- -------------- 5/8⠦ Extracting... ------------------------- -------------- 5/8⠧ Extracting... ------------------------- -------------- 5/8⠏ Extracting... ------------------------- -------------- 5/8⠋ Extracting... ------------------------- -------------- 5/8⠹ Extracting... ------------------------- -------------- 5/8⠸ Extracting... ------------------------- -------------- 5/8⠼ Extracting... ------------------------- -------------- 5/8⠦ Extracting... ------------------------- -------------- 5/8⠧ Extracting... ------------------------- -------------- 5/8⠏ Extracting... ------------------------- -------------- 5/8⠋ Extracting... ------------------------- -------------- 5/8⠙ Extracting... ------------------------- -------------- 5/8⠸ Extracting... ------------------------- -------------- 5/8⠼ Extracting... ------------------------- -------------- 5/8⠴ Extracting... ------------------------- -------------- 5/8⠧ Extracting... ------------------------- -------------- 5/8⠇ Extracting... ------------------------- -------------- 5/8⠋ Extracting... ------------------------- -------------- 5/8⠙ Extracting... ------------------------- -------------- 5/8⠹ Extracting... ------------------------- -------------- 5/8⠼ Extracting... ------------------------- -------------- 5/8⠴ Extracting... ------------------------- -------------- 5/8⠧ Extracting... ------------------------- -------------- 5/8⠇ Extracting... ------------------------- -------------- 5/8⠏ Extracting... ------------------------- -------------- 5/8⠙ Extracting... ------------------------- -------------- 5/8⠹ Extracting... ------------------------- -------------- 5/8⠸ Extracting... ------------------------- -------------- 5/8⠴ Extracting... ------------------------- -------------- 5/8⠦ Extracting... ------------------------- -------------- 5/8⠇ Extracting... ------------------------- -------------- 5/8⠏ Extracting... ------------------------- -------------- 5/8⠋ Extracting... ------------------------- -------------- 5/8⠹ Extracting... ------------------------- -------------- 5/8⠸ Extracting... ------------------------- -------------- 5/8⠴ Extracting... ------------------------- -------------- 5/8⠦ Extracting... ------------------------- -------------- 5/8⠧ Extracting... ------------------------- -------------- 5/8⠏ Extracting... ------------------------- -------------- 5/8⠋ Extracting... ------------------------- -------------- 5/8⠹ Extracting... ------------------------- -------------- 5/8⠸ Extracting... ------------------------- -------------- 5/8⠼ Extracting... ------------------------- -------------- 5/8⠦ Extracting... ------------------------- -------------- 5/8⠧ Extracting... ------------------------- -------------- 5/8⠏ Extracting... ------------------------- -------------- 5/8⠋ Extracting... ------------------------- -------------- 5/8⠙ Extracting... ------------------------- -------------- 5/8⠸ Extracting... ------------------------- -------------- 5/8⠼ Extracting... ------------------------- -------------- 5/8⠴ Extracting... ------------------------- -------------- 5/8⠧ Extracting... ------------------------- -------------- 5/8⠇ Extracting... ------------------------- -------------- 5/8⠋ Extracting... ------------------------- -------------- 5/8⠙ Extracting... ------------------------- -------------- 5/8⠹ Extracting... ------------------------- -------------- 5/8⠼ Extracting... ------------------------- -------------- 5/8⠴ Extracting... ------------------------- -------------- 5/8⠧ Extracting... ------------------------- -------------- 5/8⠇ Extracting... ------------------------- -------------- 5/8⠏ Extracting... ------------------------- -------------- 5/8⠙ Extracting... ------------------------- -------------- 5/8⠹ Extracting... ------------------------- -------------- 5/8⠸ Extracting... ------------------------- -------------- 5/8⠴ Extracting... ------------------------- -------------- 5/8⠦ Extracting... ------------------------- -------------- 5/8⠇ Extracting... ------------------------- -------------- 5/8⠏ Extracting... ------------------------- -------------- 5/8⠋ Extracting... ------------------------- -------------- 5/8⠹ Extracting... ------------------------- -------------- 5/8⠸ Extracting... ------------------------- -------------- 5/8⠴ Extracting... ------------------------- -------------- 5/8⠦ Extracting... ------------------------- -------------- 5/8⠧ Extracting... ------------------------- -------------- 5/8⠏ Extracting... ------------------------- -------------- 5/8⠋ Extracting... ------------------------- -------------- 5/8⠹ Extracting... ------------------------- -------------- 5/8⠸ Extracting... ------------------------- -------------- 5/8⠼ Extracting... ------------------------- -------------- 5/8⠦ Extracting... ------------------------- -------------- 5/8⠧ Extracting... ------------------------- -------------- 5/8⠇ Extracting... ------------------------- -------------- 5/8⠋ Extracting... ------------------------- -------------- 5/8⠙ Extracting... ------------------------- -------------- 5/8⠸ Extracting... ------------------------- -------------- 5/8⠼ Extracting... ------------------------- -------------- 5/8⠴ Extracting... ------------------------- -------------- 5/8⠧ Extracting... ------------------------- -------------- 5/8⠇ Extracting... ------------------------- -------------- 5/8⠏ Extracting... ------------------------- -------------- 5/8⠙ Extracting... ------------------------- -------------- 5/8⠹ Extracting... ------------------------- -------------- 5/8⠼ Extracting... ------------------------- -------------- 5/8⠴ Extracting... ------------------------- -------------- 5/8⠦ Extracting... ------------------------- -------------- 5/8⠇ Extracting... ------------------------- -------------- 5/8⠏ Extracting... ------------------------- -------------- 5/8⠋ Extracting... ------------------------- -------------- 5/8⠹ Extracting... ------------------------- -------------- 5/8⠸ Extracting... ------------------------- -------------- 5/8⠴ Extracting... ------------------------- -------------- 5/8⠦ Extracting... ------------------------- -------------- 5/8⠧ Extracting... ------------------------- -------------- 5/8⠏ Extracting... ------------------------- -------------- 5/8⠋ Extracting... ------------------------- -------------- 5/8⠹ Extracting... ------------------------- -------------- 5/8⠸ Extracting... ------------------------- -------------- 5/8⠼ Extracting... ------------------------- -------------- 5/8⠦ Extracting... ------------------------- -------------- 5/8⠧ Extracting... ------------------------- -------------- 5/8⠇ Extracting... ------------------------- -------------- 5/8⠋ Extracting... ------------------------- -------------- 5/8⠙ Extracting... ------------------------- -------------- 5/8⠸ Extracting... ------------------------- -------------- 5/8⠼ Extracting... ------------------------- -------------- 5/8⠴ Extracting... ------------------------- -------------- 5/8⠧ Extracting... ------------------------- -------------- 5/8⠇ Extracting... ------------------------- -------------- 5/8⠋ Extracting... ------------------------- -------------- 5/8⠙ Extracting... ------------------------- -------------- 5/8⠹ Extracting... ------------------------- -------------- 5/8⠼ Extracting... ------------------------- -------------- 5/8⠴ Extracting... ------------------------- -------------- 5/8⠦ Extracting... ------------------------- -------------- 5/8⠇ Extracting... ------------------------- -------------- 5/8⠏ Extracting... ------------------------- -------------- 5/8⠙ Extracting... ------------------------- -------------- 5/8⠹ Extracting... ------------------------- -------------- 5/8⠸ Extracting... ------------------------- -------------- 5/8⠴ Extracting... ------------------------- -------------- 5/8⠦ Extracting... ------------------------- -------------- 5/8⠧ Extracting... ------------------------- -------------- 5/8⠏ Extracting... ------------------------- -------------- 5/8⠋ Extracting... ------------------------- -------------- 5/8⠹ Extracting... ------------------------- -------------- 5/8⠸ Extracting... ------------------------- -------------- 5/8⠼ Extracting... ------------------------- -------------- 5/8⠦ Extracting... ------------------------- -------------- 5/8⠧ Extracting... ------------------------- -------------- 5/8⠇ Extracting... ------------------------- -------------- 5/8⠋ Extracting... ------------------------- -------------- 5/8⠙ Extracting... ------------------------- -------------- 5/8⠸ Extracting... ------------------------- -------------- 5/8⠼ Extracting... ------------------------- -------------- 5/8⠴ Extracting... ------------------------- -------------- 5/8⠧ Extracting... ------------------------- -------------- 5/8⠇ Extracting... ------------------------- -------------- 5/8⠋ Extracting... ------------------------- -------------- 5/8⠙ Extracting... ------------------------- -------------- 5/8⠹ Extracting... ------------------------- -------------- 5/8⠼ Extracting... ------------------------- -------------- 5/8⠴ Extracting... ------------------------- -------------- 5/8⠦ Extracting... ------------------------- -------------- 5/8⠇ Extracting... ------------------------- -------------- 5/8⠏ Extracting... ------------------------- -------------- 5/8⠙ Extracting... ------------------------- -------------- 5/8⠹ Extracting... ------------------------- -------------- 5/8⠸ Extracting... ------------------------- -------------- 5/8⠴ Extracting... ------------------------- -------------- 5/8⠦ Extracting... ------------------------- -------------- 5/8⠧ Extracting... ------------------------- -------------- 5/8⠏ Extracting... ------------------------- -------------- 5/8⠋ Extracting... ------------------------- -------------- 5/8⠹ Extracting... ------------------------- -------------- 5/8⠸ Extracting... ------------------------- -------------- 5/8⠼ Extracting... ------------------------- -------------- 5/8⠦ Extracting... ------------------------- -------------- 5/8⠧ Extracting... ------------------------- -------------- 5/8⠏ Extracting... ------------------------- -------------- 5/8⠋ Extracting... ------------------------- -------------- 5/8⠙ Extracting... ------------------------- -------------- 5/8⠸ Extracting... ------------------------- -------------- 5/8⠼ Extracting... ------------------------- -------------- 5/8⠦ Extracting... ------------------------- -------------- 5/8⠧ Extracting... ------------------------- -------------- 5/8⠇ Extracting... ------------------------- -------------- 5/8⠋ Extracting... ------------------------- -------------- 5/8⠙ Extracting... ------------------------- -------------- 5/8⠸ Extracting... ------------------------- -------------- 5/8⠼ Extracting... ------------------------- -------------- 5/8⠦ Extracting... ------------------------- -------------- 5/8⠧ Extracting... ------------------------- -------------- 5/8⠇ Extracting... ------------------------- -------------- 5/8⠋ Extracting... ------------------------- -------------- 5/8⠙ Extracting... ------------------------- -------------- 5/8⠸ Extracting... ------------------------- -------------- 5/8⠼ Extracting... ------------------------- -------------- 5/8⠦ Extracting... ------------------------- -------------- 5/8⠧ Extracting... ------------------------- -------------- 5/8⠇ Extracting... ------------------------- -------------- 5/8⠋ Extracting... ------------------------- -------------- 5/8⠙ Extracting... ------------------------- -------------- 5/8⠸ Extracting... ------------------------- -------------- 5/8⠼ Extracting... ------------------------- -------------- 5/8⠴ Extracting... ------------------------- -------------- 5/8⠧ Extracting... ------------------------- -------------- 5/8⠇ Extracting... ------------------------- -------------- 5/8⠏ Extracting... ------------------------- -------------- 5/8⠙ Extracting... ------------------------- -------------- 5/8⠹ Extracting... ------------------------- -------------- 5/8⠼ Extracting... ------------------------- -------------- 5/8⠴ Extracting... ------------------------- -------------- 5/8⠦ Extracting... ------------------------- -------------- 5/8⠇ Extracting... ------------------------- -------------- 5/8⠏ Extracting... ------------------------- -------------- 5/8⠋ Extracting... ------------------------- -------------- 5/8⠹ Extracting... ------------------------- -------------- 5/8⠸ Extracting... ------------------------- -------------- 5/8⠴ Extracting... ------------------------- -------------- 5/8⠦ Extracting... ------------------------- -------------- 5/8⠧ Extracting... ------------------------- -------------- 5/8⠏ Extracting... ------------------------- -------------- 5/8⠋ Extracting... ------------------------- -------------- 5/8⠙ Extracting... ------------------------- -------------- 5/8⠸ Extracting... ------------------------- -------------- 5/8⠼ Extracting... ------------------------- -------------- 5/8⠦ Extracting... ------------------------- -------------- 5/8⠧ Extracting... ------------------------- -------------- 5/8⠇ Extracting... ------------------------- -------------- 5/8⠋ Extracting... ------------------------- -------------- 5/8⠙ Extracting... ------------------------- -------------- 5/8⠸ Extracting... ------------------------- -------------- 5/8⠼ Extracting... ------------------------- -------------- 5/8⠴ Extracting... ------------------------- -------------- 5/8⠧ Extracting... ------------------------- -------------- 5/8⠇ Extracting... ------------------------- -------------- 5/8⠏ Extracting... ------------------------- -------------- 5/8⠙ Extracting... ------------------------- -------------- 5/8⠹ Extracting... ------------------------- -------------- 5/8⠼ Extracting... ------------------------- -------------- 5/8⠴ Extracting... ------------------------- -------------- 5/8⠧ Extracting... ------------------------- -------------- 5/8⠇ Extracting... ------------------------- -------------- 5/8⠏ Extracting... ------------------------- -------------- 5/8⠙ Extracting... ------------------------- -------------- 5/8⠹ Extracting... ------------------------- -------------- 5/8⠼ Extracting... ------------------------- -------------- 5/8⠴ Extracting... ------------------------- -------------- 5/8⠦ Extracting... ------------------------- -------------- 5/8⠇ Extracting... ------------------------- -------------- 5/8⠏ Extracting... ------------------------- -------------- 5/8⠋ Extracting... ------------------------- -------------- 5/8⠹ Extracting... ------------------------- -------------- 5/8⠸ Extracting... ------------------------- -------------- 5/8⠴ Extracting... ------------------------- -------------- 5/8⠦ Extracting... ------------------------- -------------- 5/8⠧ Extracting... ------------------------- -------------- 5/8⠏ Extracting... ------------------------- -------------- 5/8⠋ Extracting... ------------------------- -------------- 5/8⠹ Extracting... ------------------------- -------------- 5/8⠸ Extracting... ------------------------- -------------- 5/8⠼ Extracting... ------------------------- -------------- 5/8⠦ Extracting... ------------------------- -------------- 5/8⠧ Extracting... ------------------------- -------------- 5/8⠇ Extracting... ------------------------- -------------- 5/8⠋ Extracting... ------------------------- -------------- 5/8⠙ Extracting... ------------------------- -------------- 5/8⠸ Extracting... ------------------------- -------------- 5/8⠼ Extracting... ------------------------- -------------- 5/8⠦ Extracting... ------------------------- -------------- 5/8⠧ Extracting... ------------------------- -------------- 5/8⠇ Extracting... ------------------------- -------------- 5/8⠋ Extracting... ------------------------- -------------- 5/8⠙ Extracting... ------------------------- -------------- 5/8⠸ Extracting... ------------------------- -------------- 5/8⠼ Extracting... ------------------------- -------------- 5/8⠴ Extracting... ------------------------- -------------- 5/8⠧ Extracting... ------------------------- -------------- 5/8⠇ Extracting... ------------------------- -------------- 5/8⠏ Extracting... ------------------------- -------------- 5/8⠙ Extracting... ------------------------- -------------- 5/8⠹ Extracting... ------------------------- -------------- 5/8⠼ Extracting... ------------------------- -------------- 5/8⠴ Extracting... ------------------------- -------------- 5/8⠦ Extracting... ------------------------- -------------- 5/8⠇ Extracting... ------------------------- -------------- 5/8⠏ Extracting... ------------------------- -------------- 5/8⠋ Extracting... ------------------------- -------------- 5/8⠹ Extracting... ------------------------- -------------- 5/8⠸ Extracting... ------------------------- -------------- 5/8⠴ Extracting... ------------------------- -------------- 5/8⠦ Extracting... ------------------------- -------------- 5/8⠧ Extracting... ------------------------- -------------- 5/8⠏ Extracting... ------------------------- -------------- 5/8⠋ Extracting... ------------------------- -------------- 5/8⠹ Extracting... ------------------------- -------------- 5/8⠸ Extracting... ------------------------- -------------- 5/8⠼ Extracting... ------------------------- -------------- 5/8⠦ Extracting... ------------------------- -------------- 5/8⠧ Extracting... ------------------------- -------------- 5/8⠇ Extracting... ------------------------- -------------- 5/8⠋ Extracting... ------------------------- -------------- 5/8⠙ Extracting... ------------------------- -------------- 5/8⠸ Extracting... ------------------------- -------------- 5/8⠼ Extracting... ------------------------- -------------- 5/8⠴ Extracting... ------------------------- -------------- 5/8⠧ Extracting... ------------------------- -------------- 5/8⠇ Extracting... ------------------------- -------------- 5/8⠏ Extracting... ------------------------- -------------- 5/8⠙ Extracting... ------------------------- -------------- 5/8⠹ Extracting... ------------------------- -------------- 5/8⠼ Extracting... ------------------------- -------------- 5/8⠴ Extracting... ------------------------- -------------- 5/8⠦ Extracting... ------------------------- -------------- 5/8⠇ Extracting... ------------------------- -------------- 5/8⠏ Extracting... ------------------------- -------------- 5/8⠙ Extracting... ------------------------- -------------- 5/8⠹ Extracting... ------------------------- -------------- 5/8⠸ Extracting... ------------------------- -------------- 5/8⠴ Extracting... ------------------------- -------------- 5/8⠦ Extracting... ------------------------- -------------- 5/8⠇ Extracting... ------------------------- -------------- 5/8⠏ Extracting... ------------------------- -------------- 5/8⠋ Extracting... ------------------------- -------------- 5/8⠹ Extracting... ------------------------- -------------- 5/8⠸ Extracting... ------------------------- -------------- 5/8⠼ Extracting... ------------------------- -------------- 5/8⠦ Extracting... ------------------------- -------------- 5/8⠧ Extracting... ------------------------- -------------- 5/8⠏ Extracting... ------------------------- -------------- 5/8⠋ Extracting... ------------------------- -------------- 5/8⠙ Extracting... ------------------------- -------------- 5/8⠸ Extracting... ------------------------- -------------- 5/8⠼ Extracting... ------------------------- -------------- 5/8⠴ Extracting... ------------------------- -------------- 5/8⠧ Extracting... ------------------------- -------------- 5/8⠇ Extracting... ------------------------- -------------- 5/8⠋ Extracting... ------------------------- -------------- 5/8⠙ Extracting... ------------------------- -------------- 5/8⠹ Extracting... ------------------------- -------------- 5/8⠼ Extracting... ------------------------- -------------- 5/8⠴ Extracting... ------------------------- -------------- 5/8⠧ Extracting... ------------------------- -------------- 5/8⠇ Extracting... ------------------------- -------------- 5/8⠏ Extracting... ------------------------- -------------- 5/8⠙ Extracting... ------------------------- -------------- 5/8⠹ Extracting... ------------------------- -------------- 5/8⠸ Extracting... ------------------------- -------------- 5/8⠴ Extracting... ------------------------- -------------- 5/8⠦ Extracting... ------------------------- -------------- 5/8⠇ Extracting... ------------------------- -------------- 5/8⠏ Extracting... ------------------------- -------------- 5/8⠋ Extracting... ------------------------- -------------- 5/8⠹ Extracting... ------------------------- -------------- 5/8⠸ Extracting... ------------------------- -------------- 5/8⠴ Extracting... ------------------------- -------------- 5/8⠦ Extracting... ------------------------- -------------- 5/8⠧ Extracting... ------------------------- -------------- 5/8⠏ Extracting... ------------------------- -------------- 5/8⠋ Extracting... ------------------------- -------------- 5/8⠹ Extracting... ------------------------- -------------- 5/8⠸ Extracting... ------------------------- -------------- 5/8⠼ Extracting... ------------------------- -------------- 5/8⠦ Extracting... ------------------------- -------------- 5/8⠧ Extracting... ------------------------- -------------- 5/8⠇ Extracting... ------------------------- -------------- 5/8⠋ Extracting... ------------------------- -------------- 5/8⠙ Extracting... ------------------------- -------------- 5/8⠸ Extracting... ------------------------- -------------- 5/8⠼ Extracting... ------------------------- -------------- 5/8⠴ Extracting... ------------------------- -------------- 5/8⠧ Extracting... ------------------------- -------------- 5/8⠇ Extracting... ------------------------- -------------- 5/8⠏ Extracting... ------------------------- -------------- 5/8⠙ Extracting... ------------------------- -------------- 5/8⠹ Extracting... ------------------------- -------------- 5/8⠼ Extracting... ------------------------- -------------- 5/8⠴ Extracting... ------------------------- -------------- 5/8⠦ Extracting... ------------------------- -------------- 5/8⠇ Extracting... ------------------------- -------------- 5/8⠏ Extracting... ------------------------- -------------- 5/8⠙ Extracting... ------------------------- -------------- 5/8⠹ Extracting... ------------------------- -------------- 5/8⠸ Extracting... ------------------------- -------------- 5/8⠴ Extracting... ------------------------- -------------- 5/8⠦ Extracting... ------------------------- -------------- 5/8⠧ Extracting... ------------------------- -------------- 5/8⠏ Extracting... ------------------------- -------------- 5/8⠋ Extracting... ------------------------- -------------- 5/8⠹ Extracting... ------------------------- -------------- 5/8⠸ Extracting... ------------------------- -------------- 5/8⠼ Extracting... ------------------------- -------------- 5/8⠦ Extracting... ------------------------- -------------- 5/8⠧ Extracting... ------------------------- -------------- 5/8⠇ Extracting... ------------------------- -------------- 5/8⠋ Extracting... ------------------------- -------------- 5/8⠙ Extracting... ------------------------- -------------- 5/8⠸ Extracting... ------------------------- -------------- 5/8⠼ Extracting... ------------------------- -------------- 5/8⠴ Extracting... ------------------------- -------------- 5/8⠧ Extracting... ------------------------- -------------- 5/8⠇ Extracting... ------------------------- -------------- 5/8⠏ Extracting... ------------------------- -------------- 5/8⠙ Extracting... ------------------------- -------------- 5/8⠹ Extracting... ------------------------- -------------- 5/8⠼ Extracting... ------------------------- -------------- 5/8⠴ Extracting... ------------------------- -------------- 5/8⠦ Extracting... ------------------------- -------------- 5/8⠇ Extracting... ------------------------- -------------- 5/8⠏ Extracting... ------------------------- -------------- 5/8⠋ Extracting... ------------------------- -------------- 5/8⠹ Extracting... ------------------------- -------------- 5/8⠸ Extracting... ------------------------- -------------- 5/8⠴ Extracting... ------------------------- -------------- 5/8⠦ Extracting... ------------------------- -------------- 5/8⠧ Extracting... ------------------------- -------------- 5/8⠏ Extracting... ------------------------- -------------- 5/8⠋ Extracting... ------------------------- -------------- 5/8⠹ Extracting... ------------------------- -------------- 5/8⠸ Extracting... ------------------------- -------------- 5/8⠼ Extracting... ------------------------- -------------- 5/8⠦ Extracting... ------------------------- -------------- 5/8⠧ Extracting... ------------------------- -------------- 5/8⠇ Extracting... ------------------------- -------------- 5/8⠋ Extracting... ------------------------- -------------- 5/8⠙ Extracting... ------------------------- -------------- 5/8⠸ Extracting... ------------------------- -------------- 5/8⠼ Extracting... ------------------------- -------------- 5/8⠴ Extracting... ------------------------- -------------- 5/8⠧ Extracting... ------------------------- -------------- 5/8⠇ Extracting... ------------------------- -------------- 5/8⠋ Extracting... ------------------------- -------------- 5/8⠙ Extracting... ------------------------- -------------- 5/8⠹ Extracting... ------------------------- -------------- 5/8⠼ Extracting... ------------------------- -------------- 5/8⠴ Extracting... ------------------------- -------------- 5/8⠦ Extracting... ------------------------- -------------- 5/8⠇ Extracting... ------------------------- -------------- 5/8⠏ Extracting... ------------------------- -------------- 5/8⠙ Extracting... ------------------------- -------------- 5/8⠹ Extracting... ------------------------- -------------- 5/8⠸ Extracting... ------------------------- -------------- 5/8⠴ Extracting... ------------------------- -------------- 5/8⠦ Extracting... ------------------------- -------------- 5/8⠧ Extracting... ------------------------- -------------- 5/8⠏ Extracting... ------------------------- -------------- 5/8⠋ Extracting... ------------------------- -------------- 5/8⠹ Extracting... ------------------------- -------------- 5/8⠸ Extracting... ------------------------- -------------- 5/8⠼ Extracting... ------------------------- -------------- 5/8⠦ Extracting... ------------------------- -------------- 5/8⠧ Extracting... ------------------------- -------------- 5/8⠇ Extracting... ------------------------- -------------- 5/8⠋ Extracting... ------------------------- -------------- 5/8⠙ Extracting... ------------------------- -------------- 5/8⠸ Extracting... ------------------------- -------------- 5/8⠼ Extracting... ------------------------- -------------- 5/8⠴ Extracting... ------------------------- -------------- 5/8⠧ Extracting... ------------------------- -------------- 5/8⠇ Extracting... ------------------------- -------------- 5/8⠏ Extracting... ------------------------- -------------- 5/8⠙ Extracting... ------------------------- -------------- 5/8⠹ Extracting... ------------------------- -------------- 5/8⠼ Extracting... ------------------------- -------------- 5/8⠴ Extracting... ------------------------- -------------- 5/8⠦ Extracting... ------------------------- -------------- 5/8⠇ Extracting... ------------------------- -------------- 5/8⠏ Extracting... ------------------------- -------------- 5/8⠙ Extracting... ------------------------- -------------- 5/8⠹ Extracting... ------------------------- -------------- 5/8⠸ Extracting... ------------------------- -------------- 5/8⠴ Extracting... ------------------------- -------------- 5/8⠦ Extracting... ------------------------- -------------- 5/8⠧ Extracting... ------------------------- -------------- 5/8⠏ Extracting... ------------------------- -------------- 5/8⠋ Extracting... ------------------------- -------------- 5/8⠹ Extracting... ------------------------- -------------- 5/8⠸ Extracting... ------------------------- -------------- 5/8⠼ Extracting... ------------------------- -------------- 5/8⠦ Extracting... ------------------------- -------------- 5/8⠧ Extracting... ------------------------- -------------- 5/8⠏ Extracting... ------------------------- -------------- 5/8⠋ Extracting... ------------------------- -------------- 5/8⠙ Extracting... ------------------------- -------------- 5/8⠸ Extracting... ------------------------- -------------- 5/8⠼ Extracting... ------------------------- -------------- 5/8⠴ Extracting... ------------------------- -------------- 5/8⠧ Extracting... ------------------------- -------------- 5/8⠇ Extracting... ------------------------- -------------- 5/8⠋ Extracting... ------------------------- -------------- 5/8⠙ Extracting... ------------------------- -------------- 5/8⠹ Extracting... ------------------------- -------------- 5/8⠼ Extracting... ------------------------- -------------- 5/8⠴ Extracting... ------------------------- -------------- 5/8⠧ Extracting... ------------------------- -------------- 5/8⠇ Extracting... ------------------------- -------------- 5/8⠏ Extracting... ------------------------- -------------- 5/8⠙ Extracting... ------------------------- -------------- 5/8⠹ Extracting... ------------------------- -------------- 5/8⠸ Extracting... ------------------------- -------------- 5/8⠴ Extracting... ------------------------- -------------- 5/8⠦ Extracting... ------------------------- -------------- 5/8⠇ Extracting... ------------------------- -------------- 5/8⠏ Extracting... ------------------------- -------------- 5/8⠋ Extracting... ------------------------- -------------- 5/8⠹ Extracting... ------------------------- -------------- 5/8⠸ Extracting... ------------------------- -------------- 5/8⠴ Extracting... ------------------------- -------------- 5/8⠦ Extracting... ------------------------- -------------- 5/8⠧ Extracting... ------------------------- -------------- 5/8⠏ Extracting... ------------------------- -------------- 5/8⠋ Extracting... ------------------------- -------------- 5/8⠙ Extracting... ------------------------- -------------- 5/8⠸ Extracting... ------------------------- -------------- 5/8⠼ Extracting... ------------------------- -------------- 5/8⠦ Extracting... ------------------------- -------------- 5/8⠧ Extracting... ------------------------- -------------- 5/8⠇ Extracting... ------------------------- -------------- 5/8⠋ Extracting... ------------------------- -------------- 5/8⠙ Extracting... ------------------------- -------------- 5/8⠹ Extracting... ------------------------- -------------- 5/8⠼ Extracting... ------------------------- -------------- 5/8⠴ Extracting... ------------------------- -------------- 5/8⠧ Extracting... ------------------------- -------------- 5/8⠇ Extracting... ------------------------- -------------- 5/8⠏ Extracting... ------------------------- -------------- 5/8⠙ Extracting... ------------------------- -------------- 5/8⠹ Extracting... ------------------------- -------------- 5/8⠸ Extracting... ------------------------- -------------- 5/8⠴ Extracting... ------------------------- -------------- 5/8⠦ Extracting... ------------------------- -------------- 5/8⠇ Extracting... ------------------------- -------------- 5/8⠏ Extracting... ------------------------- -------------- 5/8⠋ Extracting... ------------------------- -------------- 5/8⠹ Extracting... ------------------------- -------------- 5/8⠸ Extracting... ------------------------- -------------- 5/8⠴ Extracting... ------------------------- -------------- 5/8⠦ Extracting... ------------------------- -------------- 5/8⠧ Extracting... ------------------------- -------------- 5/8⠏ Extracting... ------------------------- -------------- 5/8⠋ Extracting... ------------------------- -------------- 5/8⠹ Extracting... ------------------------- -------------- 5/8⠸ Extracting... ------------------------- -------------- 5/8⠼ Extracting... ------------------------- -------------- 5/8⠦ Extracting... ------------------------- -------------- 5/8⠧ Extracting... ------------------------- -------------- 5/8⠏ Extracting... ------------------------- -------------- 5/8⠋ Extracting... ------------------------- -------------- 5/8⠙ Extracting... ------------------------- -------------- 5/8⠸ Extracting... ------------------------- -------------- 5/8⠼ Extracting... ------------------------- -------------- 5/8⠦ Extracting... ------------------------- -------------- 5/8⠧ Extracting... ------------------------- -------------- 5/8⠇ Extracting... ------------------------- -------------- 5/8⠋ Extracting... ------------------------- -------------- 5/8⠹ Extracting... ------------------------- -------------- 5/8⠸ Extracting... ------------------------- -------------- 5/8⠼ Extracting... ------------------------- -------------- 5/8⠦ Extracting... ------------------------- -------------- 5/8⠧ Extracting... ------------------------- -------------- 5/8⠇ Extracting... ------------------------- -------------- 5/8⠋ Extracting... ------------------------- -------------- 5/8⠙ Extracting... ------------------------- -------------- 5/8⠸ Extracting... ------------------------- -------------- 5/8⠼ Extracting... ------------------------- -------------- 5/8⠴ Extracting... ------------------------- -------------- 5/8⠧ Extracting... ------------------------- -------------- 5/8⠇ Extracting... ------------------------- -------------- 5/8⠏ Extracting... ------------------------- -------------- 5/8⠙ Extracting... ------------------------- -------------- 5/8⠹ Extracting... ------------------------- -------------- 5/8⠼ Extracting... ------------------------- -------------- 5/8⠴ Extracting... ------------------------- -------------- 5/8⠦ Extracting... ------------------------- -------------- 5/8⠇ Extracting... ------------------------- -------------- 5/8⠏ Extracting... ------------------------- -------------- 5/8⠙ Extracting... ------------------------- -------------- 5/8⠹ Extracting... ------------------------- -------------- 5/8⠸ Extracting... ------------------------- -------------- 5/8⠴ Extracting... ------------------------- -------------- 5/8⠦ Extracting... ------------------------- -------------- 5/8⠇ Extracting... ------------------------- -------------- 5/8⠏ Extracting... ------------------------- -------------- 5/8⠋ Extracting... ------------------------- -------------- 5/8⠹ Extracting... ------------------------- -------------- 5/8⠸ Extracting... ------------------------- -------------- 5/8⠼ Extracting... ------------------------- -------------- 5/8⠦ Extracting... ------------------------- -------------- 5/8⠧ Extracting... ------------------------- -------------- 5/8⠏ Extracting... ------------------------- -------------- 5/8⠋ Extracting... ------------------------- -------------- 5/8⠙ Extracting... ------------------------- -------------- 5/8⠸ Extracting... ------------------------- -------------- 5/8⠼ Extracting... ------------------------- -------------- 5/8⠦ Extracting... ------------------------- -------------- 5/8⠧ Extracting... ------------------------- -------------- 5/8⠇ Extracting... ------------------------- -------------- 5/8⠋ Extracting... ------------------------- -------------- 5/8⠙ Extracting... ------------------------- -------------- 5/8⠹ Extracting... ------------------------- -------------- 5/8⠼ Extracting... ------------------------- -------------- 5/8⠴ Extracting... ------------------------- -------------- 5/8⠧ Extracting... ------------------------- -------------- 5/8⠇ Extracting... ------------------------- -------------- 5/8⠏ Extracting... ------------------------- -------------- 5/8⠙ Extracting... ------------------------- -------------- 5/8⠹ Extracting... ------------------------- -------------- 5/8⠸ Extracting... ------------------------- -------------- 5/8⠴ Extracting... ------------------------- -------------- 5/8⠦ Extracting... ------------------------- -------------- 5/8⠧ Extracting... ------------------------- -------------- 5/8⠏ Extracting... ------------------------- -------------- 5/8⠋ Extracting... ------------------------- -------------- 5/8⠹ Extracting... ------------------------- -------------- 5/8⠸ Extracting... ------------------------- -------------- 5/8⠼ Extracting... ------------------------- -------------- 5/8⠦ Extracting... ------------------------- -------------- 5/8⠧ Extracting... ------------------------- -------------- 5/8⠏ Extracting... ------------------------- -------------- 5/8⠋ Extracting... ------------------------- -------------- 5/8⠙ Extracting... ------------------------- -------------- 5/8⠸ Extracting... ------------------------- -------------- 5/8⠼ Extracting... ------------------------- -------------- 5/8⠴ Extracting... ------------------------- -------------- 5/8⠧ Extracting... ------------------------- -------------- 5/8⠇ Extracting... ------------------------- -------------- 5/8⠋ Extracting... ------------------------- -------------- 5/8⠙ Extracting... ------------------------- -------------- 5/8⠹ Extracting... ------------------------- -------------- 5/8⠼ Extracting... ------------------------- -------------- 5/8⠴ Extracting... ------------------------- -------------- 5/8⠧ Extracting... ------------------------- -------------- 5/8⠇ Extracting... ------------------------- -------------- 5/8⠏ Extracting... ------------------------- -------------- 5/8⠙ Extracting... ------------------------- -------------- 5/8⠹ Extracting... ------------------------- -------------- 5/8⠸ Extracting... ------------------------- -------------- 5/8⠴ Extracting... ------------------------- -------------- 5/8⠦ Extracting... ------------------------- -------------- 5/8⠇ Extracting... ------------------------- -------------- 5/8⠏ Extracting... ------------------------- -------------- 5/8⠋ Extracting... ------------------------- -------------- 5/8⠹ Extracting... ------------------------- -------------- 5/8⠸ Extracting... ------------------------- -------------- 5/8⠼ Extracting... ------------------------- -------------- 5/8⠦ Extracting... ------------------------- -------------- 5/8⠧ Extracting... ------------------------- -------------- 5/8⠏ Extracting... ------------------------- -------------- 5/8⠋ Extracting... ------------------------- -------------- 5/8⠙ Extracting... ------------------------- -------------- 5/8⠸ Extracting... ------------------------- -------------- 5/8⠼ Extracting... ------------------------- -------------- 5/8⠦ Extracting... ------------------------- -------------- 5/8⠧ Extracting... ------------------------- -------------- 5/8⠇ Extracting... ------------------------- -------------- 5/8⠋ Extracting... ------------------------- -------------- 5/8⠙ Extracting... ------------------------- -------------- 5/8⠸ Extracting... ------------------------- -------------- 5/8⠼ Extracting... ------------------------- -------------- 5/8⠦ Extracting... ------------------------- -------------- 5/8⠧ Extracting... ------------------------- -------------- 5/8⠏ Extracting... ------------------------- -------------- 5/8⠋ Extracting... ------------------------- -------------- 5/8⠙ Extracting... ------------------------- -------------- 5/8⠸ Extracting... ------------------------- -------------- 5/8⠼ Extracting... ------------------------- -------------- 5/8⠦ Extracting... ------------------------- -------------- 5/8⠧ Extracting... ------------------------- -------------- 5/8⠇ Extracting... ------------------------- -------------- 5/8⠋ Extracting... ------------------------- -------------- 5/8⠙ Extracting... ------------------------- -------------- 5/8⠸ Extracting... ------------------------- -------------- 5/8⠼ Extracting... ------------------------- -------------- 5/8⠴ Extracting... ------------------------- -------------- 5/8⠧ Extracting... ------------------------- -------------- 5/8⠇ Extracting... ------------------------- -------------- 5/8⠏ Extracting... ------------------------- -------------- 5/8⠙ Extracting... ------------------------- -------------- 5/8⠹ Extracting... ------------------------- -------------- 5/8⠼ Extracting... ------------------------- -------------- 5/8⠴ Extracting... ------------------------- -------------- 5/8⠦ Extracting... ------------------------- -------------- 5/8⠇ Extracting... ------------------------- -------------- 5/8⠏ Extracting... ------------------------- -------------- 5/8⠙ Extracting... ------------------------- -------------- 5/8⠹ Extracting... ------------------------- -------------- 5/8⠸ Extracting... ------------------------- -------------- 5/8⠴ Extracting... ------------------------- -------------- 5/8⠦ Extracting... ------------------------- -------------- 5/8⠧ Extracting... ------------------------- -------------- 5/8⠏ Extracting... ------------------------- -------------- 5/8⠋ Extracting... ------------------------- -------------- 5/8⠹ Extracting... ------------------------- -------------- 5/8⠸ Extracting... ------------------------- -------------- 5/8⠼ Extracting... ------------------------- -------------- 5/8⠦ Extracting... ------------------------- -------------- 5/8⠧ Extracting... ------------------------- -------------- 5/8⠏ Extracting... ------------------------- -------------- 5/8⠋ Extracting... ------------------------- -------------- 5/8⠙ Extracting... ------------------------- -------------- 5/8⠸ Extracting... ------------------------- -------------- 5/8⠼ Extracting... ------------------------- -------------- 5/8⠴ Extracting... ------------------------- -------------- 5/8⠧ Extracting... ------------------------- -------------- 5/8⠇ Extracting... ------------------------- -------------- 5/8⠋ Extracting... ------------------------- -------------- 5/8⠙ Extracting... ------------------------- -------------- 5/8⠹ Extracting... ------------------------- -------------- 5/8⠼ Extracting... ------------------------- -------------- 5/8⠴ Extracting... ------------------------- -------------- 5/8⠧ Extracting... ------------------------- -------------- 5/8⠇ Extracting... ------------------------- -------------- 5/8⠏ Extracting... ------------------------- -------------- 5/8⠙ Extracting... ------------------------- -------------- 5/8⠹ Extracting... ------------------------- -------------- 5/8⠼ Extracting... ------------------------- -------------- 5/8⠴ Extracting... ------------------------- -------------- 5/8⠦ Extracting... ------------------------- -------------- 5/8⠇ Extracting... ------------------------- -------------- 5/8⠏ Extracting... ------------------------- -------------- 5/8⠋ Extracting... ------------------------- -------------- 5/8⠹ Extracting... ------------------------- -------------- 5/8⠸ Extracting... ------------------------- -------------- 5/8⠴ Extracting... ------------------------- -------------- 5/8⠦ Extracting... ------------------------- -------------- 5/8⠧ Extracting... ------------------------- -------------- 5/8⠏ Extracting... ------------------------- -------------- 5/8⠋ Extracting... ------------------------- -------------- 5/8⠹ Extracting... ------------------------- -------------- 5/8⠸ Extracting... ------------------------- -------------- 5/8⠼ Extracting... ------------------------- -------------- 5/8⠦ Extracting... ------------------------- -------------- 5/8⠧ Extracting... ------------------------- -------------- 5/8⠏ Extracting... ------------------------- -------------- 5/8⠋ Extracting... ------------------------- -------------- 5/8⠙ Extracting... ------------------------- -------------- 5/8⠸ Extracting... ------------------------- -------------- 5/8⠼ Extracting... ------------------------- -------------- 5/8⠴ Extracting... ------------------------- -------------- 5/8⠧ Extracting... ------------------------- -------------- 5/8⠇ Extracting... ------------------------- -------------- 5/8⠋ Extracting... ------------------------- -------------- 5/8⠙ Extracting... ------------------------- -------------- 5/8⠹ Extracting... ------------------------- -------------- 5/8⠼ Extracting... ------------------------- -------------- 5/8⠴ Extracting... ------------------------- -------------- 5/8⠧ Extracting... ------------------------- -------------- 5/8⠇ Extracting... ------------------------- -------------- 5/8⠏ Extracting... ------------------------- -------------- 5/8⠙ Extracting... ------------------------- -------------- 5/8⠹ Extracting... ------------------------- -------------- 5/8⠸ Extracting... ------------------------- -------------- 5/8⠴ Extracting... ------------------------- -------------- 5/8⠦ Extracting... ------------------------- -------------- 5/8⠇ Extracting... ------------------------- -------------- 5/8⠏ Extracting... ------------------------- -------------- 5/8⠋ Extracting... ------------------------- -------------- 5/8⠹ Extracting... ------------------------- -------------- 5/8⠸ Extracting... ------------------------- -------------- 5/8⠴ Extracting... ------------------------- -------------- 5/8⠦ Extracting... ------------------------- -------------- 5/8⠧ Extracting... ------------------------- -------------- 5/8⠏ Extracting... ------------------------- -------------- 5/8⠋ Extracting... ------------------------- -------------- 5/8⠙ Extracting... ------------------------- -------------- 5/8⠸ Extracting... ------------------------- -------------- 5/8⠼ Extracting... ------------------------- -------------- 5/8⠦ Extracting... ------------------------- -------------- 5/8⠧ Extracting... ------------------------- -------------- 5/8⠇ Extracting... ------------------------- -------------- 5/8⠋ Extracting... ------------------------- -------------- 5/8⠙ Extracting... ------------------------- -------------- 5/8⠸ Extracting... ------------------------- -------------- 5/8⠼ Extracting... ------------------------- -------------- 5/8⠴ Extracting... ------------------------- -------------- 5/8⠧ Extracting... ------------------------- -------------- 5/8⠇ Extracting... ------------------------- -------------- 5/8⠏ Extracting... ------------------------- -------------- 5/8⠙ Extracting... ------------------------- -------------- 5/8⠹ Extracting... ------------------------- -------------- 5/8⠼ Extracting... ------------------------- -------------- 5/8⠴ Extracting... ------------------------- -------------- 5/8⠦ Extracting... ------------------------- -------------- 5/8⠇ Extracting... ------------------------- -------------- 5/8⠏ Extracting... ------------------------- -------------- 5/8⠋ Extracting... ------------------------- -------------- 5/8⠹ Extracting... ------------------------- -------------- 5/8⠸ Extracting... ------------------------- -------------- 5/8⠴ Extracting... ------------------------- -------------- 5/8⠦ Extracting... ------------------------- -------------- 5/8⠧ Extracting... ------------------------- -------------- 5/8⠏ Extracting... ------------------------- -------------- 5/8⠋ Extracting... ------------------------- -------------- 5/8⠹ Extracting... ------------------------- -------------- 5/8⠸ Extracting... ------------------------- -------------- 5/8⠼ Extracting... ------------------------- -------------- 5/8⠦ Extracting... ------------------------- -------------- 5/8⠧ Extracting... ------------------------- -------------- 5/8⠇ Extracting... ------------------------- -------------- 5/8⠋ Extracting... ------------------------- -------------- 5/8⠙ Extracting... ------------------------- -------------- 5/8⠸ Extracting... ------------------------- -------------- 5/8⠼ Extracting... ------------------------- -------------- 5/8⠴ Extracting... ------------------------- -------------- 5/8⠧ Extracting... ------------------------- -------------- 5/8⠇ Extracting... ------------------------- -------------- 5/8⠏ Extracting... ------------------------- -------------- 5/8⠙ Extracting... ------------------------- -------------- 5/8⠹ Extracting... ------------------------- -------------- 5/8⠼ Extracting... ------------------------- -------------- 5/8⠴ Extracting... ------------------------- -------------- 5/8⠦ Extracting... ------------------------- -------------- 5/8⠇ Extracting... ------------------------- -------------- 5/8⠏ Extracting... ------------------------- -------------- 5/8⠙ Extracting... ------------------------- -------------- 5/8⠹ Extracting... ------------------------- -------------- 5/8⠸ Extracting... ------------------------- -------------- 5/8⠴ Extracting... ------------------------- -------------- 5/8⠦ Extracting... ------------------------- -------------- 5/8⠧ Extracting... ------------------------- -------------- 5/8⠏ Extracting... ------------------------- -------------- 5/8⠋ Extracting... ------------------------- -------------- 5/8⠹ Extracting... ------------------------- -------------- 5/8⠸ Extracting... ------------------------- -------------- 5/8⠼ Extracting... ------------------------- -------------- 5/8⠦ Extracting... ------------------------- -------------- 5/8⠧ Extracting... ------------------------- -------------- 5/8⠏ Extracting... ------------------------- -------------- 5/8⠋ Extracting... ------------------------- -------------- 5/8⠙ Extracting... ------------------------- -------------- 5/8⠸ Extracting... ------------------------- -------------- 5/8⠼ Extracting... ------------------------- -------------- 5/8⠦ Extracting... ------------------------- -------------- 5/8⠧ Extracting... ------------------------- -------------- 5/8⠇ Extracting... ------------------------- -------------- 5/8⠋ Extracting... ------------------------- -------------- 5/8⠙ Extracting... ------------------------- -------------- 5/8⠸ Extracting... ------------------------- -------------- 5/8⠼ Extracting... ------------------------- -------------- 5/8⠴ Extracting... ------------------------- -------------- 5/8⠧ Extracting... ------------------------- -------------- 5/8⠇ Extracting... ------------------------- -------------- 5/8⠋ Extracting... ------------------------- -------------- 5/8⠙ Extracting... ------------------------- -------------- 5/8⠹ Extracting... ------------------------- -------------- 5/8⠼ Extracting... ------------------------- -------------- 5/8⠴ Extracting... ------------------------- -------------- 5/8⠧ Extracting... ------------------------- -------------- 5/8⠇ Extracting... ------------------------- -------------- 5/8⠏ Extracting... ------------------------- -------------- 5/8⠙ Extracting... ------------------------- -------------- 5/8⠹ Extracting... ------------------------- -------------- 5/8⠼ Extracting... ------------------------- -------------- 5/8⠴ Extracting... ------------------------- -------------- 5/8⠦ Extracting... ------------------------- -------------- 5/8⠇ Extracting... ------------------------- -------------- 5/8⠏ Extracting... ------------------------- -------------- 5/8⠙ Extracting... ------------------------- -------------- 5/8⠹ Extracting... ------------------------- -------------- 5/8⠸ Extracting... ------------------------- -------------- 5/8⠴ Extracting... ------------------------- -------------- 5/8⠦ Extracting... ------------------------- -------------- 5/8⠇ Extracting... ------------------------- -------------- 5/8⠏ Extracting... ------------------------- -------------- 5/8⠋ Extracting... ------------------------- -------------- 5/8⠹ Extracting... ------------------------- -------------- 5/8⠸ Extracting... ------------------------- -------------- 5/8⠼ Extracting... ------------------------- -------------- 5/8⠦ Extracting... ------------------------- -------------- 5/8⠧ Extracting... ------------------------- -------------- 5/8⠏ Extracting... ------------------------- -------------- 5/8⠋ Extracting... ------------------------- -------------- 5/8⠙ Extracting... ------------------------- -------------- 5/8⠸ Extracting... ------------------------- -------------- 5/8⠼ Extracting... ------------------------- -------------- 5/8⠦ Extracting... ------------------------- -------------- 5/8⠧ Extracting... ------------------------- -------------- 5/8⠇ Extracting... ------------------------- -------------- 5/8⠋ Extracting... ------------------------- -------------- 5/8⠙ Extracting... ------------------------- -------------- 5/8⠹ Extracting... ------------------------- -------------- 5/8⠼ Extracting... ------------------------- -------------- 5/8⠴ Extracting... ------------------------- -------------- 5/8⠧ Extracting... ------------------------- -------------- 5/8⠇ Extracting... ------------------------- -------------- 5/8⠏ Extracting... ------------------------- -------------- 5/8⠙ Extracting... ------------------------- -------------- 5/8⠹ Extracting... ------------------------- -------------- 5/8⠼ Extracting... ------------------------- -------------- 5/8⠴ Extracting... ------------------------- -------------- 5/8⠦ Extracting... ------------------------- -------------- 5/8⠇ Extracting... ------------------------- -------------- 5/8⠏ Extracting... ------------------------- -------------- 5/8⠋ Extracting... ------------------------- -------------- 5/8⠹ Extracting... ------------------------- -------------- 5/8⠸ Extracting... ------------------------- -------------- 5/8⠴ Extracting... ------------------------- -------------- 5/8⠦ Extracting... ------------------------- -------------- 5/8⠧ Extracting... ------------------------- -------------- 5/8⠏ Extracting... ------------------------- -------------- 5/8⠋ Extracting... ------------------------- -------------- 5/8⠹ Extracting... ------------------------- -------------- 5/8⠸ Extracting... ------------------------- -------------- 5/8⠼ Extracting... ------------------------- -------------- 5/8⠦ Extracting... ------------------------- -------------- 5/8⠧ Extracting... ------------------------- -------------- 5/8⠇ Extracting... ------------------------- -------------- 5/8⠋ Extracting... ------------------------- -------------- 5/8⠙ Extracting... ------------------------- -------------- 5/8⠸ Extracting... ------------------------- -------------- 5/8⠼ Extracting... ------------------------- -------------- 5/8⠴ Extracting... ------------------------- -------------- 5/8⠧ Extracting... ------------------------- -------------- 5/8⠇ Extracting... ------------------------- -------------- 5/8⠋ Extracting... ------------------------- -------------- 5/8⠙ Extracting... ------------------------- -------------- 5/8⠹ Extracting... ------------------------- -------------- 5/8⠼ Extracting... ------------------------- -------------- 5/8⠴ Extracting... ------------------------- -------------- 5/8⠦ Extracting... ------------------------- -------------- 5/8⠇ Extracting... ------------------------- -------------- 5/8⠏ Extracting... ------------------------- -------------- 5/8⠙ Extracting... ------------------------- -------------- 5/8⠹ Extracting... ------------------------- -------------- 5/8⠸ Extracting... ------------------------- -------------- 5/8⠴ Extracting... ------------------------- -------------- 5/8⠦ Extracting... ------------------------- -------------- 5/8⠇ Extracting... ------------------------- -------------- 5/8⠏ Extracting... ------------------------- -------------- 5/8⠋ Extracting... ------------------------- -------------- 5/8⠹ Extracting... ------------------------- -------------- 5/8⠸ Extracting... ------------------------- -------------- 5/8⠼ Extracting... ------------------------- -------------- 5/8⠦ Extracting... ------------------------- -------------- 5/8⠧ Extracting... ------------------------- -------------- 5/8⠏ Extracting... ------------------------- -------------- 5/8⠋ Extracting... ------------------------- -------------- 5/8⠙ Extracting... ------------------------- -------------- 5/8⠸ Extracting... ------------------------- -------------- 5/8⠼ Extracting... ------------------------- -------------- 5/8⠦ Extracting... ------------------------- -------------- 5/8⠧ Extracting... ------------------------- -------------- 5/8⠇ Extracting... ------------------------- -------------- 5/8⠋ Extracting... ------------------------- -------------- 5/8⠙ Extracting... ------------------------- -------------- 5/8⠹ Extracting... ------------------------- -------------- 5/8⠼ Extracting... ------------------------- -------------- 5/8⠴ Extracting... ------------------------- -------------- 5/8⠧ Extracting... ------------------------- -------------- 5/8⠇ Extracting... ------------------------- -------------- 5/8⠏ Extracting... ------------------------- -------------- 5/8⠙ Extracting... ------------------------- -------------- 5/8⠹ Extracting... ------------------------- -------------- 5/8⠼ Extracting... ------------------------- -------------- 5/8⠴ Extracting... ------------------------- -------------- 5/8⠦ Extracting... ------------------------- -------------- 5/8⠇ Extracting... ------------------------- -------------- 5/8⠏ Extracting... ------------------------- -------------- 5/8⠋ Extracting... ------------------------- -------------- 5/8⠹ Extracting... ------------------------- -------------- 5/8⠸ Extracting... ------------------------- -------------- 5/8⠴ Extracting... ------------------------- -------------- 5/8⠦ Extracting... ------------------------- -------------- 5/8⠧ Extracting... ------------------------- -------------- 5/8⠏ Extracting... ------------------------- -------------- 5/8⠋ Extracting... ------------------------- -------------- 5/8⠹ Extracting... ------------------------- -------------- 5/8⠸ Extracting... ------------------------- -------------- 5/8⠼ Extracting... ------------------------- -------------- 5/8⠦ Extracting... ------------------------- -------------- 5/8⠧ Extracting... ------------------------- -------------- 5/8⠏ Extracting... ------------------------- -------------- 5/8⠋ Extracting... ------------------------- -------------- 5/8⠙ Extracting... ------------------------- -------------- 5/8⠸ Extracting... ------------------------- -------------- 5/8⠼ Extracting... ------------------------- -------------- 5/8⠴ Extracting... ------------------------- -------------- 5/8⠧ Extracting... ------------------------- -------------- 5/8⠇ Extracting... ------------------------- -------------- 5/8⠋ Extracting... ------------------------- -------------- 5/8⠙ Extracting... ------------------------- -------------- 5/8⠹ Extracting... ------------------------- -------------- 5/8⠼ Extracting... ------------------------- -------------- 5/8⠴ Extracting... ------------------------- -------------- 5/8⠦ Extracting... ------------------------- -------------- 5/8⠇ Extracting... ------------------------- -------------- 5/8⠏ Extracting... ------------------------- -------------- 5/8⠙ Extracting... ------------------------- -------------- 5/8⠹ Extracting... ------------------------- -------------- 5/8⠸ Extracting... ------------------------- -------------- 5/8⠴ Extracting... ------------------------- -------------- 5/8⠦ Extracting... ------------------------- -------------- 5/8⠇ Extracting... ------------------------- -------------- 5/8⠏ Extracting... ------------------------- -------------- 5/8⠋ Extracting... ------------------------- -------------- 5/8⠹ Extracting... ------------------------- -------------- 5/8⠸ Extracting... ------------------------- -------------- 5/8⠴ Extracting... ------------------------- -------------- 5/8⠦ Extracting... ------------------------- -------------- 5/8⠧ Extracting... ------------------------- -------------- 5/8⠏ Extracting... ------------------------- -------------- 5/8⠋ Extracting... ------------------------- -------------- 5/8⠹ Extracting... ------------------------- -------------- 5/8⠸ Extracting... ------------------------- -------------- 5/8⠼ Extracting... ------------------------- -------------- 5/8⠦ Extracting... ------------------------- -------------- 5/8⠧ Extracting... ------------------------- -------------- 5/8⠇ Extracting... ------------------------- -------------- 5/8⠋ Extracting... ------------------------- -------------- 5/8⠙ Extracting... ------------------------- -------------- 5/8⠸ Extracting... ------------------------- -------------- 5/8⠼ Extracting... ------------------------- -------------- 5/8⠴ Extracting... ------------------------- -------------- 5/8⠧ Extracting... ------------------------- -------------- 5/8⠇ Extracting... ------------------------- -------------- 5/8⠋ Extracting... ------------------------- -------------- 5/8⠙ Extracting... ------------------------- -------------- 5/8⠹ Extracting... ------------------------- -------------- 5/8⠼ Extracting... ------------------------- -------------- 5/8⠴ Extracting... ------------------------- -------------- 5/8⠧ Extracting... ------------------------- -------------- 5/8⠇ Extracting... ------------------------- -------------- 5/8⠏ Extracting... ------------------------- -------------- 5/8⠙ Extracting... ------------------------- -------------- 5/8⠹ Extracting... ------------------------- -------------- 5/8⠸ Extracting... ------------------------- -------------- 5/8⠴ Extracting... ------------------------- -------------- 5/8⠦ Extracting... ------------------------- -------------- 5/8⠇ Extracting... ------------------------- -------------- 5/8⠏ Extracting... ------------------------- -------------- 5/8⠋ Extracting... ------------------------- -------------- 5/8⠹ Extracting... ------------------------- -------------- 5/8⠸ Extracting... ------------------------- -------------- 5/8⠴ Extracting... ------------------------- -------------- 5/8⠦ Extracting... ------------------------- -------------- 5/8⠧ Extracting... ------------------------- -------------- 5/8⠏ Extracting... ------------------------- -------------- 5/8⠋ Extracting... ------------------------- -------------- 5/8⠙ Extracting... ------------------------- -------------- 5/8⠸ Extracting... ------------------------- -------------- 5/8⠼ Extracting... ------------------------- -------------- 5/8⠦ Extracting... ------------------------- -------------- 5/8⠧ Extracting... ------------------------- -------------- 5/8⠇ Extracting... ------------------------- -------------- 5/8⠋ Extracting... ------------------------- -------------- 5/8⠙ Extracting... ------------------------- -------------- 5/8⠹ Extracting... ------------------------- -------------- 5/8⠼ Extracting... ------------------------- -------------- 5/8⠴ Extracting... ------------------------- -------------- 5/8⠧ Extracting... ------------------------- -------------- 5/8⠇ Extracting... ------------------------- -------------- 5/8⠏ Extracting... ------------------------- -------------- 5/8⠙ Extracting... ------------------------- -------------- 5/8⠹ Extracting... ------------------------- -------------- 5/8⠼ Extracting... ------------------------- -------------- 5/8⠴ Extracting... ------------------------- -------------- 5/8⠦ Extracting... ------------------------- -------------- 5/8⠇ Extracting... ------------------------- -------------- 5/8⠏ Extracting... ------------------------- -------------- 5/8⠋ Extracting... ------------------------- -------------- 5/8⠹ Extracting... ------------------------- -------------- 5/8⠸ Extracting... ------------------------- -------------- 5/8⠴ Extracting... ------------------------- -------------- 5/8⠦ Extracting... ------------------------- -------------- 5/8⠧ Extracting... ------------------------- -------------- 5/8⠏ Extracting... ------------------------- -------------- 5/8⠋ Extracting... ------------------------- -------------- 5/8⠹ Extracting... ------------------------- -------------- 5/8⠸ Extracting... ------------------------- -------------- 5/8⠼ Extracting... ------------------------- -------------- 5/8⠦ Extracting... ------------------------- -------------- 5/8⠧ Extracting... ------------------------- -------------- 5/8⠏ Extracting... ------------------------- -------------- 5/8⠋ Extracting... ------------------------- -------------- 5/8⠙ Extracting... ------------------------- -------------- 5/8⠸ Extracting... ------------------------- -------------- 5/8⠼ Extracting... ------------------------- -------------- 5/8⠴ Extracting... ------------------------- -------------- 5/8⠧ Extracting... ------------------------- -------------- 5/8⠇ Extracting... ------------------------- -------------- 5/8⠋ Extracting... ------------------------- -------------- 5/8⠙ Extracting... ------------------------- -------------- 5/8⠹ Extracting... ------------------------- -------------- 5/8⠼ Extracting... ------------------------- -------------- 5/8⠴ Extracting... ------------------------- -------------- 5/8⠧ Extracting... ------------------------- -------------- 5/8⠇ Extracting... ------------------------- -------------- 5/8⠏ Extracting... ------------------------- -------------- 5/8⠙ Extracting... ------------------------- -------------- 5/8⠹ Extracting... ------------------------- -------------- 5/8⠸ Extracting... ------------------------- -------------- 5/8⠴ Extracting... ------------------------- -------------- 5/8⠦ Extracting... ------------------------- -------------- 5/8⠇ Extracting... ------------------------- -------------- 5/8⠏ Extracting... ------------------------- -------------- 5/8⠋ Extracting... ------------------------- -------------- 5/8⠹ Extracting... ------------------------- -------------- 5/8⠸ Extracting... ------------------------- -------------- 5/8⠴ Extracting... ------------------------- -------------- 5/8⠦ Extracting... ------------------------- -------------- 5/8⠧ Extracting... ------------------------- -------------- 5/8⠏ Extracting... ------------------------- -------------- 5/8⠋ Extracting... ------------------------- -------------- 5/8⠙ Extracting... ------------------------- -------------- 5/8⠸ Extracting... ------------------------- -------------- 5/8⠼ Extracting... ------------------------- -------------- 5/8⠦ Extracting... ------------------------- -------------- 5/8⠧ Extracting... ------------------------- -------------- 5/8⠇ Extracting... ------------------------- -------------- 5/8⠋ Extracting... ------------------------- -------------- 5/8⠙ Extracting... ------------------------- -------------- 5/8⠹ Extracting... ------------------------- -------------- 5/8⠼ Extracting... ------------------------- -------------- 5/8⠴ Extracting... ------------------------- -------------- 5/8⠧ Extracting... ------------------------- -------------- 5/8⠇ Extracting... ------------------------- -------------- 5/8⠏ Extracting... ------------------------- -------------- 5/8⠙ Extracting... ------------------------- -------------- 5/8⠹ Extracting... ------------------------- -------------- 5/8⠼ Extracting... ------------------------- -------------- 5/8⠴ Extracting... ------------------------- -------------- 5/8⠦ Extracting... ------------------------- -------------- 5/8⠇ Extracting... ------------------------- -------------- 5/8⠏ Extracting... ------------------------- -------------- 5/8⠋ Extracting... ------------------------- -------------- 5/8⠹ Extracting... ------------------------- -------------- 5/8⠸ Extracting... ------------------------- -------------- 5/8⠴ Extracting... ------------------------- -------------- 5/8⠦ Extracting... ------------------------- -------------- 5/8⠧ Extracting... ------------------------- -------------- 5/8⠏ Extracting... ------------------------- -------------- 5/8⠋ Extracting... ------------------------- -------------- 5/8⠹ Extracting... ------------------------- -------------- 5/8⠸ Extracting... ------------------------- -------------- 5/8⠼ Extracting... ------------------------- -------------- 5/8⠦ Extracting... ------------------------- -------------- 5/8⠧ Extracting... ------------------------- -------------- 5/8⠇ Extracting... ------------------------- -------------- 5/8⠋ Extracting... ------------------------- -------------- 5/8⠙ Extracting... ------------------------- -------------- 5/8⠸ Extracting... ------------------------- -------------- 5/8⠼ Extracting... ------------------------- -------------- 5/8⠴ Extracting... ------------------------- -------------- 5/8⠧ Extracting... ------------------------- -------------- 5/8⠇ Extracting... ------------------------- -------------- 5/8⠋ Extracting... ------------------------- -------------- 5/8⠙ Extracting... ------------------------- -------------- 5/8⠹ Extracting... ------------------------- -------------- 5/8⠼ Extracting... ------------------------- -------------- 5/8⠴ Extracting... ------------------------- -------------- 5/8⠧ Extracting... ------------------------- -------------- 5/8⠇ Extracting... ------------------------- -------------- 5/8⠏ Extracting... ------------------------- -------------- 5/8⠙ Extracting... ------------------------- -------------- 5/8⠹ Extracting... ------------------------- -------------- 5/8⠸ Extracting... ------------------------- -------------- 5/8⠴ Extracting... ------------------------- -------------- 5/8⠦ Extracting... ------------------------- -------------- 5/8⠇ Extracting... ------------------------- -------------- 5/8⠏ Extracting... ------------------------- -------------- 5/8⠋ Extracting... ------------------------- -------------- 5/8⠹ Extracting... ------------------------- -------------- 5/8⠸ Extracting... ------------------------- -------------- 5/8⠴ Extracting... ------------------------- -------------- 5/8⠦ Extracting... ------------------------- -------------- 5/8⠧ Extracting... ------------------------- -------------- 5/8⠏ Extracting... ------------------------- -------------- 5/8⠋ Extracting... ------------------------- -------------- 5/8⠙ Extracting... ------------------------- -------------- 5/8⠸ Extracting... ------------------------- -------------- 5/8⠼ Extracting... ------------------------- -------------- 5/8⠦ Extracting... ------------------------- -------------- 5/8⠧ Extracting... ------------------------- -------------- 5/8⠇ Extracting... ------------------------- -------------- 5/8⠋ Extracting... ------------------------- -------------- 5/8⠙ Extracting... ------------------------- -------------- 5/8⠸ Extracting... ------------------------- -------------- 5/8⠼ Extracting... ------------------------- -------------- 5/8⠴ Extracting... ------------------------- -------------- 5/8⠧ Extracting... ------------------------- -------------- 5/8⠇ Extracting... ------------------------- -------------- 5/8⠏ Extracting... ------------------------- -------------- 5/8⠙ Extracting... ------------------------- -------------- 5/8⠹ Extracting... ------------------------- -------------- 5/8⠼ Extracting... ------------------------- -------------- 5/8⠴ Extracting... ------------------------- -------------- 5/8⠦ Extracting... ------------------------- -------------- 5/8⠇ Extracting... ------------------------- -------------- 5/8⠏ Extracting... ------------------------- -------------- 5/8⠙ Extracting... ------------------------- -------------- 5/8⠹ Extracting... ------------------------- -------------- 5/8⠸ Extracting... ------------------------- -------------- 5/8⠴ Extracting... ------------------------- -------------- 5/8⠦ Extracting... ------------------------- -------------- 5/8⠧ Extracting... ------------------------- -------------- 5/8⠏ Extracting... ------------------------- -------------- 5/8⠋ Extracting... ------------------------- -------------- 5/8⠹ Extracting... ------------------------- -------------- 5/8⠸ Extracting... ------------------------- -------------- 5/8⠼ Extracting... ------------------------- -------------- 5/8⠦ Extracting... ------------------------- -------------- 5/8⠧ Extracting... ------------------------- -------------- 5/8⠏ Extracting... ------------------------- -------------- 5/8⠋ Extracting... ------------------------- -------------- 5/8⠙ Extracting... ------------------------- -------------- 5/8⠸ Extracting... ------------------------- -------------- 5/8⠼ Extracting... ------------------------- -------------- 5/8⠦ Extracting... ------------------------- -------------- 5/8⠧ Extracting... ------------------------- -------------- 5/8⠇ Extracting... ------------------------- -------------- 5/8⠋ Extracting... ------------------------- -------------- 5/8⠙ Extracting... ------------------------- -------------- 5/8⠹ Extracting... ------------------------- -------------- 5/8⠼ Extracting... ------------------------- -------------- 5/8⠴ Extracting... ------------------------- -------------- 5/8⠧ Extracting... ------------------------- -------------- 5/8⠇ Extracting... ------------------------- -------------- 5/8⠏ Extracting... ------------------------- -------------- 5/8⠙ Extracting... ------------------------- -------------- 5/8⠹ Extracting... ------------------------- -------------- 5/8⠼ Extracting... ------------------------- -------------- 5/8⠴ Extracting... ------------------------- -------------- 5/8⠦ Extracting... ------------------------- -------------- 5/8⠇ Extracting... ------------------------- -------------- 5/8⠏ Extracting... ------------------------- -------------- 5/8⠙ Extracting... ------------------------- -------------- 5/8⠹ Extracting... ------------------------- -------------- 5/8⠸ Extracting... ------------------------- -------------- 5/8⠴ Extracting... ------------------------- -------------- 5/8⠦ Extracting... ------------------------- -------------- 5/8⠧ Extracting... ------------------------- -------------- 5/8⠏ Extracting... ------------------------- -------------- 5/8⠋ Extracting... ------------------------- -------------- 5/8⠹ Extracting... ------------------------- -------------- 5/8⠸ Extracting... ------------------------- -------------- 5/8⠼ Extracting... ------------------------- -------------- 5/8⠦ Extracting... ------------------------- -------------- 5/8⠧ Extracting... ------------------------- -------------- 5/8⠏ Extracting... ------------------------- -------------- 5/8⠋ Extracting... ------------------------- -------------- 5/8⠙ Extracting... ------------------------- -------------- 5/8⠸ Extracting... ------------------------- -------------- 5/8⠼ Extracting... ------------------------- -------------- 5/8⠴ Extracting... ------------------------- -------------- 5/8⠧ Extracting... ------------------------- -------------- 5/8⠇ Extracting... ------------------------- -------------- 5/8⠋ Extracting... ------------------------- -------------- 5/8⠙ Extracting... ------------------------- -------------- 5/8⠹ Extracting... ------------------------- -------------- 5/8⠼ Extracting... ------------------------- -------------- 5/8⠴ Extracting... ------------------------- -------------- 5/8⠧ Extracting... ------------------------- -------------- 5/8⠇ Extracting... ------------------------- -------------- 5/8⠏ Extracting... ------------------------- -------------- 5/8⠙ Extracting... ------------------------- -------------- 5/8⠹ Extracting... ------------------------- -------------- 5/8⠼ Extracting... ------------------------- -------------- 5/8⠴ Extracting... ------------------------- -------------- 5/8⠦ Extracting... ------------------------- -------------- 5/8⠇ Extracting... ------------------------- -------------- 5/8⠏ Extracting... ------------------------- -------------- 5/8⠋ Extracting... ------------------------- -------------- 5/8⠹ Extracting... ------------------------- -------------- 5/8⠸ Extracting... ------------------------- -------------- 5/8⠴ Extracting... ------------------------- -------------- 5/8⠦ Extracting... ------------------------- -------------- 5/8⠧ Extracting... ------------------------- -------------- 5/8⠏ Extracting... ------------------------- -------------- 5/8⠋ Extracting... ------------------------- -------------- 5/8⠹ Extracting... ------------------------- -------------- 5/8⠸ Extracting... ------------------------- -------------- 5/8⠼ Extracting... ------------------------- -------------- 5/8⠦ Extracting... ------------------------- -------------- 5/8⠧ Extracting... ------------------------- -------------- 5/8⠏ Extracting... ------------------------- -------------- 5/8⠋ Extracting... ------------------------- -------------- 5/8⠙ Extracting... ------------------------- -------------- 5/8⠸ Extracting... ------------------------- -------------- 5/8⠼ Extracting... ------------------------- -------------- 5/8⠴ Extracting... ------------------------- -------------- 5/8⠧ Extracting... ------------------------- -------------- 5/8⠇ Extracting... ------------------------- -------------- 5/8⠋ Extracting... ------------------------- -------------- 5/8⠙ Extracting... ------------------------- -------------- 5/8⠹ Extracting... ------------------------- -------------- 5/8⠼ Extracting... ------------------------- -------------- 5/8⠴ Extracting... ------------------------- -------------- 5/8⠧ Extracting... ------------------------- -------------- 5/8⠇ Extracting... ------------------------- -------------- 5/8⠏ Extracting... ------------------------- -------------- 5/8⠙ Extracting... ------------------------- -------------- 5/8⠹ Extracting... ------------------------- -------------- 5/8⠸ Extracting... ------------------------- -------------- 5/8⠴ Extracting... ------------------------- -------------- 5/8⠦ Extracting... ------------------------- -------------- 5/8⠇ Extracting... ------------------------- -------------- 5/8⠏ Extracting... ------------------------- -------------- 5/8⠋ Extracting... ------------------------- -------------- 5/8⠹ Extracting... ------------------------- -------------- 5/8⠸ Extracting... ------------------------- -------------- 5/8⠴ Extracting... ------------------------- -------------- 5/8⠦ Extracting... ------------------------- -------------- 5/8⠧ Extracting... ------------------------- -------------- 5/8⠏ Extracting... ------------------------- -------------- 5/8⠋ Extracting... ------------------------- -------------- 5/8⠹ Extracting... ------------------------- -------------- 5/8⠸ Extracting... ------------------------- -------------- 5/8⠼ Extracting... ------------------------- -------------- 5/8⠦ Extracting... ------------------------- -------------- 5/8⠧ Extracting... ------------------------- -------------- 5/8⠏ Extracting... ------------------------- -------------- 5/8⠋ Extracting... ------------------------- -------------- 5/8⠙ Extracting... ------------------------- -------------- 5/8⠸ Extracting... ------------------------- -------------- 5/8⠼ Extracting... ------------------------- -------------- 5/8⠴ Extracting... ------------------------- -------------- 5/8⠧ Extracting... ------------------------- -------------- 5/8⠇ Extracting... ------------------------- -------------- 5/8⠋ Extracting... ------------------------- -------------- 5/8⠙ Extracting... ------------------------- -------------- 5/8⠹ Extracting... ------------------------- -------------- 5/8⠼ Extracting... ------------------------- -------------- 5/8⠴ Extracting... ------------------------- -------------- 5/8⠧ Extracting... ------------------------- -------------- 5/8⠇ Extracting... ------------------------- -------------- 5/8⠏ Extracting... ------------------------- -------------- 5/8⠙ Extracting... ------------------------- -------------- 5/8⠹ Extracting... ------------------------- -------------- 5/8⠸ Extracting... ------------------------- -------------- 5/8⠴ Extracting... ------------------------- -------------- 5/8⠦ Extracting... ------------------------- -------------- 5/8⠇ Extracting... ------------------------- -------------- 5/8⠏ Extracting... ------------------------- -------------- 5/8⠋ Extracting... ------------------------- -------------- 5/8⠹ Extracting... ------------------------- -------------- 5/8⠸ Extracting... ------------------------- -------------- 5/8⠴ Extracting... ------------------------- -------------- 5/8⠦ Extracting... ------------------------- -------------- 5/8⠧ Extracting... ------------------------- -------------- 5/8⠏ Extracting... ------------------------- -------------- 5/8⠋ Extracting... ------------------------- -------------- 5/8⠙ Extracting... ------------------------- -------------- 5/8⠸ Extracting... ------------------------- -------------- 5/8⠼ Extracting... ------------------------- -------------- 5/8⠦ Extracting... ------------------------- -------------- 5/8⠧ Extracting... ------------------------- -------------- 5/8⠇ Extracting... ------------------------- -------------- 5/8⠋ Extracting... ------------------------- -------------- 5/8⠙ Extracting... ------------------------- -------------- 5/8⠸ Extracting... ------------------------- -------------- 5/8⠼ Extracting... ------------------------- -------------- 5/8⠴ Extracting... ------------------------- -------------- 5/8⠧ Extracting... ------------------------- -------------- 5/8⠇ Extracting... ------------------------- -------------- 5/8⠏ Extracting... ------------------------- -------------- 5/8⠙ Extracting... ------------------------- -------------- 5/8⠹ Extracting... ------------------------- -------------- 5/8⠼ Extracting... ------------------------- -------------- 5/8⠴ Extracting... ------------------------- -------------- 5/8⠦ Extracting... ------------------------- -------------- 5/8⠇ Extracting... ------------------------- -------------- 5/8⠏ Extracting... ------------------------- -------------- 5/8⠙ Extracting... ------------------------- -------------- 5/8⠹ Extracting... ------------------------- -------------- 5/8⠸ Extracting... ------------------------- -------------- 5/8⠴ Extracting... ------------------------- -------------- 5/8⠦ Extracting... ------------------------- -------------- 5/8⠧ Extracting... ------------------------- -------------- 5/8⠏ Extracting... ------------------------- -------------- 5/8⠋ Extracting... ------------------------- -------------- 5/8⠹ Extracting... ------------------------- -------------- 5/8⠸ Extracting... ------------------------- -------------- 5/8⠼ Extracting... ------------------------- -------------- 5/8⠦ Extracting... ------------------------- -------------- 5/8⠧ Extracting... ------------------------- -------------- 5/8⠏ Extracting... ------------------------- -------------- 5/8⠋ Extracting... ------------------------- -------------- 5/8⠙ Extracting... ------------------------- -------------- 5/8⠸ Extracting... ------------------------- -------------- 5/8⠼ Extracting... ------------------------- -------------- 5/8⠴ Extracting... ------------------------- -------------- 5/8⠧ Extracting... ------------------------- -------------- 5/8⠇ Extracting... ------------------------- -------------- 5/8⠋ Extracting... ------------------------- -------------- 5/8⠙ Extracting... ------------------------- -------------- 5/8⠹ Extracting... ------------------------- -------------- 5/8⠼ Extracting... ------------------------- -------------- 5/8⠴ Extracting... ------------------------- -------------- 5/8⠧ Extracting... ------------------------- -------------- 5/8⠇ Extracting... ------------------------- -------------- 5/8⠏ Extracting... ------------------------- -------------- 5/8⠙ Extracting... ------------------------- -------------- 5/8⠹ Extracting... ------------------------- -------------- 5/8⠸ Extracting... ------------------------- -------------- 5/8⠴ Extracting... ------------------------- -------------- 5/8⠦ Extracting... ------------------------- -------------- 5/8⠇ Extracting... ------------------------- -------------- 5/8⠏ Extracting... ------------------------- -------------- 5/8⠋ Extracting... ------------------------- -------------- 5/8⠹ Extracting... ------------------------- -------------- 5/8⠸ Extracting... ------------------------- -------------- 5/8⠴ Extracting... ------------------------- -------------- 5/8⠦ Extracting... ------------------------- -------------- 5/8⠧ Extracting... ------------------------- -------------- 5/8⠏ Extracting... ------------------------- -------------- 5/8⠋ Extracting... ------------------------- -------------- 5/8⠹ Extracting... ------------------------- -------------- 5/8⠸ Extracting... ------------------------- -------------- 5/8⠼ Extracting... ------------------------- -------------- 5/8⠦ Extracting... ------------------------- -------------- 5/8⠧ Extracting... ------------------------- -------------- 5/8⠇ Extracting... ------------------------- -------------- 5/8⠋ Extracting... ------------------------- -------------- 5/8⠙ Extracting... ------------------------- -------------- 5/8⠸ Extracting... ------------------------- -------------- 5/8⠼ Extracting... ------------------------- -------------- 5/8⠴ Extracting... ------------------------- -------------- 5/8⠧ Extracting... ------------------------- -------------- 5/8⠇ Extracting... ------------------------- -------------- 5/8⠋ Extracting... ------------------------- -------------- 5/8⠙ Extracting... ------------------------- -------------- 5/8⠹ Extracting... ------------------------- -------------- 5/8⠼ Extracting... ------------------------- -------------- 5/8⠴ Extracting... ------------------------- -------------- 5/8⠧ Extracting... ------------------------- -------------- 5/8⠇ Extracting... ------------------------- -------------- 5/8⠏ Extracting... ------------------------- -------------- 5/8⠙ Extracting... ------------------------- -------------- 5/8[09/09/26 22:58:53] INFO     HTTP Request: POST                 _client.py:1025
                             http://localhost:11434/api/generat                
                             e "HTTP/1.1 200 OK"                               
⠙ Extracting... ------------------------- -------------- 5/8                    WARNING  Validation failed for CDU         validator.py:290
                             operating manual_chunk_0005: 8                    
                             errors, 0 warnings                                
⠙ Extracting... ------------------------- -------------- 5/8                    INFO     Inserted from CDU operating           graph.py:176
                             manual_chunk_0005: 0 entities, 0                  
                             claims, 0 relationships                           
⠙ Extracting... ------------------------- -------------- 5/8⠴ Extracting... ------------------------------ --------- 6/8⠧ Extracting... ------------------------------ --------- 6/8⠇ Extracting... ------------------------------ --------- 6/8⠏ Extracting... ------------------------------ --------- 6/8⠙ Extracting... ------------------------------ --------- 6/8⠹ Extracting... ------------------------------ --------- 6/8⠼ Extracting... ------------------------------ --------- 6/8⠴ Extracting... ------------------------------ --------- 6/8⠧ Extracting... ------------------------------ --------- 6/8⠇ Extracting... ------------------------------ --------- 6/8⠏ Extracting... ------------------------------ --------- 6/8⠙ Extracting... ------------------------------ --------- 6/8⠹ Extracting... ------------------------------ --------- 6/8⠸ Extracting... ------------------------------ --------- 6/8⠴ Extracting... ------------------------------ --------- 6/8⠦ Extracting... ------------------------------ --------- 6/8⠇ Extracting... ------------------------------ --------- 6/8⠏ Extracting... ------------------------------ --------- 6/8⠋ Extracting... ------------------------------ --------- 6/8⠹ Extracting... ------------------------------ --------- 6/8⠸ Extracting... ------------------------------ --------- 6/8⠴ Extracting... ------------------------------ --------- 6/8⠦ Extracting... ------------------------------ --------- 6/8⠧ Extracting... ------------------------------ --------- 6/8⠏ Extracting... ------------------------------ --------- 6/8⠋ Extracting... ------------------------------ --------- 6/8⠙ Extracting... ------------------------------ --------- 6/8⠸ Extracting... ------------------------------ --------- 6/8⠼ Extracting... ------------------------------ --------- 6/8⠦ Extracting... ------------------------------ --------- 6/8⠧ Extracting... ------------------------------ --------- 6/8⠇ Extracting... ------------------------------ --------- 6/8⠋ Extracting... ------------------------------ --------- 6/8⠙ Extracting... ------------------------------ --------- 6/8⠸ Extracting... ------------------------------ --------- 6/8⠼ Extracting... ------------------------------ --------- 6/8⠴ Extracting... ------------------------------ --------- 6/8⠧ Extracting... ------------------------------ --------- 6/8⠇ Extracting... ------------------------------ --------- 6/8⠋ Extracting... ------------------------------ --------- 6/8⠙ Extracting... ------------------------------ --------- 6/8⠹ Extracting... ------------------------------ --------- 6/8⠼ Extracting... ------------------------------ --------- 6/8⠴ Extracting... ------------------------------ --------- 6/8⠧ Extracting... ------------------------------ --------- 6/8⠇ Extracting... ------------------------------ --------- 6/8⠏ Extracting... ------------------------------ --------- 6/8⠙ Extracting... ------------------------------ --------- 6/8⠹ Extracting... ------------------------------ --------- 6/8⠸ Extracting... ------------------------------ --------- 6/8⠴ Extracting... ------------------------------ --------- 6/8⠦ Extracting... ------------------------------ --------- 6/8⠇ Extracting... ------------------------------ --------- 6/8⠏ Extracting... ------------------------------ --------- 6/8⠋ Extracting... ------------------------------ --------- 6/8⠹ Extracting... ------------------------------ --------- 6/8⠸ Extracting... ------------------------------ --------- 6/8⠴ Extracting... ------------------------------ --------- 6/8⠦ Extracting... ------------------------------ --------- 6/8⠧ Extracting... ------------------------------ --------- 6/8⠏ Extracting... ------------------------------ --------- 6/8⠋ Extracting... ------------------------------ --------- 6/8⠹ Extracting... ------------------------------ --------- 6/8⠸ Extracting... ------------------------------ --------- 6/8⠼ Extracting... ------------------------------ --------- 6/8⠦ Extracting... ------------------------------ --------- 6/8⠧ Extracting... ------------------------------ --------- 6/8⠏ Extracting... ------------------------------ --------- 6/8⠋ Extracting... ------------------------------ --------- 6/8⠙ Extracting... ------------------------------ --------- 6/8⠸ Extracting... ------------------------------ --------- 6/8⠼ Extracting... ------------------------------ --------- 6/8⠴ Extracting... ------------------------------ --------- 6/8⠧ Extracting... ------------------------------ --------- 6/8⠇ Extracting... ------------------------------ --------- 6/8⠋ Extracting... ------------------------------ --------- 6/8⠙ Extracting... ------------------------------ --------- 6/8⠹ Extracting... ------------------------------ --------- 6/8⠼ Extracting... ------------------------------ --------- 6/8⠴ Extracting... ------------------------------ --------- 6/8⠧ Extracting... ------------------------------ --------- 6/8⠇ Extracting... ------------------------------ --------- 6/8⠏ Extracting... ------------------------------ --------- 6/8⠙ Extracting... ------------------------------ --------- 6/8⠹ Extracting... ------------------------------ --------- 6/8⠼ Extracting... ------------------------------ --------- 6/8⠴ Extracting... ------------------------------ --------- 6/8⠦ Extracting... ------------------------------ --------- 6/8⠇ Extracting... ------------------------------ --------- 6/8⠏ Extracting... ------------------------------ --------- 6/8⠙ Extracting... ------------------------------ --------- 6/8⠹ Extracting... ------------------------------ --------- 6/8⠸ Extracting... ------------------------------ --------- 6/8⠴ Extracting... ------------------------------ --------- 6/8⠦ Extracting... ------------------------------ --------- 6/8⠇ Extracting... ------------------------------ --------- 6/8⠏ Extracting... ------------------------------ --------- 6/8⠋ Extracting... ------------------------------ --------- 6/8⠹ Extracting... ------------------------------ --------- 6/8⠸ Extracting... ------------------------------ --------- 6/8⠼ Extracting... ------------------------------ --------- 6/8⠦ Extracting... ------------------------------ --------- 6/8⠧ Extracting... ------------------------------ --------- 6/8⠏ Extracting... ------------------------------ --------- 6/8⠋ Extracting... ------------------------------ --------- 6/8⠙ Extracting... ------------------------------ --------- 6/8⠸ Extracting... ------------------------------ --------- 6/8⠼ Extracting... ------------------------------ --------- 6/8⠦ Extracting... ------------------------------ --------- 6/8⠧ Extracting... ------------------------------ --------- 6/8⠇ Extracting... ------------------------------ --------- 6/8⠋ Extracting... ------------------------------ --------- 6/8⠙ Extracting... ------------------------------ --------- 6/8⠸ Extracting... ------------------------------ --------- 6/8⠼ Extracting... ------------------------------ --------- 6/8⠴ Extracting... ------------------------------ --------- 6/8⠧ Extracting... ------------------------------ --------- 6/8⠇ Extracting... ------------------------------ --------- 6/8⠋ Extracting... ------------------------------ --------- 6/8⠙ Extracting... ------------------------------ --------- 6/8⠹ Extracting... ------------------------------ --------- 6/8⠼ Extracting... ------------------------------ --------- 6/8⠴ Extracting... ------------------------------ --------- 6/8⠦ Extracting... ------------------------------ --------- 6/8⠇ Extracting... ------------------------------ --------- 6/8⠏ Extracting... ------------------------------ --------- 6/8⠙ Extracting... ------------------------------ --------- 6/8⠹ Extracting... ------------------------------ --------- 6/8⠸ Extracting... ------------------------------ --------- 6/8⠴ Extracting... ------------------------------ --------- 6/8⠦ Extracting... ------------------------------ --------- 6/8⠇ Extracting... ------------------------------ --------- 6/8⠏ Extracting... ------------------------------ --------- 6/8⠋ Extracting... ------------------------------ --------- 6/8⠹ Extracting... ------------------------------ --------- 6/8⠸ Extracting... ------------------------------ --------- 6/8⠼ Extracting... ------------------------------ --------- 6/8⠦ Extracting... ------------------------------ --------- 6/8⠧ Extracting... ------------------------------ --------- 6/8⠏ Extracting... ------------------------------ --------- 6/8⠋ Extracting... ------------------------------ --------- 6/8⠙ Extracting... ------------------------------ --------- 6/8⠸ Extracting... ------------------------------ --------- 6/8⠼ Extracting... ------------------------------ --------- 6/8⠦ Extracting... ------------------------------ --------- 6/8⠧ Extracting... ------------------------------ --------- 6/8⠇ Extracting... ------------------------------ --------- 6/8⠋ Extracting... ------------------------------ --------- 6/8⠙ Extracting... ------------------------------ --------- 6/8⠹ Extracting... ------------------------------ --------- 6/8⠼ Extracting... ------------------------------ --------- 6/8⠴ Extracting... ------------------------------ --------- 6/8⠧ Extracting... ------------------------------ --------- 6/8⠇ Extracting... ------------------------------ --------- 6/8⠏ Extracting... ------------------------------ --------- 6/8⠙ Extracting... ------------------------------ --------- 6/8⠹ Extracting... ------------------------------ --------- 6/8⠸ Extracting... ------------------------------ --------- 6/8⠴ Extracting... ------------------------------ --------- 6/8⠦ Extracting... ------------------------------ --------- 6/8⠇ Extracting... ------------------------------ --------- 6/8⠏ Extracting... ------------------------------ --------- 6/8⠋ Extracting... ------------------------------ --------- 6/8⠹ Extracting... ------------------------------ --------- 6/8⠸ Extracting... ------------------------------ --------- 6/8⠴ Extracting... ------------------------------ --------- 6/8⠦ Extracting... ------------------------------ --------- 6/8⠧ Extracting... ------------------------------ --------- 6/8⠏ Extracting... ------------------------------ --------- 6/8⠋ Extracting... ------------------------------ --------- 6/8⠙ Extracting... ------------------------------ --------- 6/8⠸ Extracting... ------------------------------ --------- 6/8⠼ Extracting... ------------------------------ --------- 6/8⠦ Extracting... ------------------------------ --------- 6/8⠧ Extracting... ------------------------------ --------- 6/8⠇ Extracting... ------------------------------ --------- 6/8⠋ Extracting... ------------------------------ --------- 6/8⠙ Extracting... ------------------------------ --------- 6/8⠸ Extracting... ------------------------------ --------- 6/8⠼ Extracting... ------------------------------ --------- 6/8⠴ Extracting... ------------------------------ --------- 6/8⠧ Extracting... ------------------------------ --------- 6/8⠇ Extracting... ------------------------------ --------- 6/8⠋ Extracting... ------------------------------ --------- 6/8⠙ Extracting... ------------------------------ --------- 6/8⠹ Extracting... ------------------------------ --------- 6/8⠼ Extracting... ------------------------------ --------- 6/8⠴ Extracting... ------------------------------ --------- 6/8⠦ Extracting... ------------------------------ --------- 6/8⠇ Extracting... ------------------------------ --------- 6/8⠏ Extracting... ------------------------------ --------- 6/8⠙ Extracting... ------------------------------ --------- 6/8⠹ Extracting... ------------------------------ --------- 6/8⠸ Extracting... ------------------------------ --------- 6/8⠴ Extracting... ------------------------------ --------- 6/8⠦ Extracting... ------------------------------ --------- 6/8⠇ Extracting... ------------------------------ --------- 6/8⠏ Extracting... ------------------------------ --------- 6/8⠋ Extracting... ------------------------------ --------- 6/8⠹ Extracting... ------------------------------ --------- 6/8⠸ Extracting... ------------------------------ --------- 6/8⠴ Extracting... ------------------------------ --------- 6/8⠦ Extracting... ------------------------------ --------- 6/8⠧ Extracting... ------------------------------ --------- 6/8⠏ Extracting... ------------------------------ --------- 6/8⠋ Extracting... ------------------------------ --------- 6/8⠙ Extracting... ------------------------------ --------- 6/8⠸ Extracting... ------------------------------ --------- 6/8⠼ Extracting... ------------------------------ --------- 6/8⠦ Extracting... ------------------------------ --------- 6/8⠧ Extracting... ------------------------------ --------- 6/8⠇ Extracting... ------------------------------ --------- 6/8⠋ Extracting... ------------------------------ --------- 6/8⠙ Extracting... ------------------------------ --------- 6/8⠸ Extracting... ------------------------------ --------- 6/8⠼ Extracting... ------------------------------ --------- 6/8⠴ Extracting... ------------------------------ --------- 6/8⠧ Extracting... ------------------------------ --------- 6/8⠇ Extracting... ------------------------------ --------- 6/8⠏ Extracting... ------------------------------ --------- 6/8⠙ Extracting... ------------------------------ --------- 6/8⠹ Extracting... ------------------------------ --------- 6/8⠼ Extracting... ------------------------------ --------- 6/8⠴ Extracting... ------------------------------ --------- 6/8⠦ Extracting... ------------------------------ --------- 6/8⠇ Extracting... ------------------------------ --------- 6/8⠏ Extracting... ------------------------------ --------- 6/8⠋ Extracting... ------------------------------ --------- 6/8⠹ Extracting... ------------------------------ --------- 6/8⠸ Extracting... ------------------------------ --------- 6/8⠴ Extracting... ------------------------------ --------- 6/8⠦ Extracting... ------------------------------ --------- 6/8⠧ Extracting... ------------------------------ --------- 6/8⠏ Extracting... ------------------------------ --------- 6/8⠋ Extracting... ------------------------------ --------- 6/8⠹ Extracting... ------------------------------ --------- 6/8⠸ Extracting... ------------------------------ --------- 6/8⠼ Extracting... ------------------------------ --------- 6/8⠦ Extracting... ------------------------------ --------- 6/8⠧ Extracting... ------------------------------ --------- 6/8⠏ Extracting... ------------------------------ --------- 6/8⠋ Extracting... ------------------------------ --------- 6/8⠙ Extracting... ------------------------------ --------- 6/8⠸ Extracting... ------------------------------ --------- 6/8⠼ Extracting... ------------------------------ --------- 6/8⠴ Extracting... ------------------------------ --------- 6/8⠧ Extracting... ------------------------------ --------- 6/8⠇ Extracting... ------------------------------ --------- 6/8⠋ Extracting... ------------------------------ --------- 6/8⠙ Extracting... ------------------------------ --------- 6/8⠹ Extracting... ------------------------------ --------- 6/8⠼ Extracting... ------------------------------ --------- 6/8⠴ Extracting... ------------------------------ --------- 6/8⠧ Extracting... ------------------------------ --------- 6/8⠇ Extracting... ------------------------------ --------- 6/8⠏ Extracting... ------------------------------ --------- 6/8⠙ Extracting... ------------------------------ --------- 6/8⠹ Extracting... ------------------------------ --------- 6/8⠸ Extracting... ------------------------------ --------- 6/8⠴ Extracting... ------------------------------ --------- 6/8⠦ Extracting... ------------------------------ --------- 6/8⠇ Extracting... ------------------------------ --------- 6/8⠏ Extracting... ------------------------------ --------- 6/8⠋ Extracting... ------------------------------ --------- 6/8⠹ Extracting... ------------------------------ --------- 6/8⠸ Extracting... ------------------------------ --------- 6/8⠴ Extracting... ------------------------------ --------- 6/8⠦ Extracting... ------------------------------ --------- 6/8⠧ Extracting... ------------------------------ --------- 6/8⠏ Extracting... ------------------------------ --------- 6/8⠋ Extracting... ------------------------------ --------- 6/8⠙ Extracting... ------------------------------ --------- 6/8⠸ Extracting... ------------------------------ --------- 6/8⠼ Extracting... ------------------------------ --------- 6/8⠦ Extracting... ------------------------------ --------- 6/8⠧ Extracting... ------------------------------ --------- 6/8⠇ Extracting... ------------------------------ --------- 6/8⠋ Extracting... ------------------------------ --------- 6/8⠙ Extracting... ------------------------------ --------- 6/8⠸ Extracting... ------------------------------ --------- 6/8⠼ Extracting... ------------------------------ --------- 6/8⠴ Extracting... ------------------------------ --------- 6/8⠧ Extracting... ------------------------------ --------- 6/8⠇ Extracting... ------------------------------ --------- 6/8⠏ Extracting... ------------------------------ --------- 6/8⠙ Extracting... ------------------------------ --------- 6/8⠹ Extracting... ------------------------------ --------- 6/8⠼ Extracting... ------------------------------ --------- 6/8⠴ Extracting... ------------------------------ --------- 6/8⠦ Extracting... ------------------------------ --------- 6/8⠇ Extracting... ------------------------------ --------- 6/8⠏ Extracting... ------------------------------ --------- 6/8⠙ Extracting... ------------------------------ --------- 6/8⠹ Extracting... ------------------------------ --------- 6/8⠸ Extracting... ------------------------------ --------- 6/8⠴ Extracting... ------------------------------ --------- 6/8⠦ Extracting... ------------------------------ --------- 6/8⠇ Extracting... ------------------------------ --------- 6/8⠏ Extracting... ------------------------------ --------- 6/8⠋ Extracting... ------------------------------ --------- 6/8⠹ Extracting... ------------------------------ --------- 6/8⠸ Extracting... ------------------------------ --------- 6/8⠴ Extracting... ------------------------------ --------- 6/8⠦ Extracting... ------------------------------ --------- 6/8⠧ Extracting... ------------------------------ --------- 6/8⠏ Extracting... ------------------------------ --------- 6/8⠋ Extracting... ------------------------------ --------- 6/8⠙ Extracting... ------------------------------ --------- 6/8⠸ Extracting... ------------------------------ --------- 6/8⠼ Extracting... ------------------------------ --------- 6/8⠦ Extracting... ------------------------------ --------- 6/8⠧ Extracting... ------------------------------ --------- 6/8⠇ Extracting... ------------------------------ --------- 6/8⠋ Extracting... ------------------------------ --------- 6/8⠙ Extracting... ------------------------------ --------- 6/8⠹ Extracting... ------------------------------ --------- 6/8⠼ Extracting... ------------------------------ --------- 6/8⠴ Extracting... ------------------------------ --------- 6/8⠧ Extracting... ------------------------------ --------- 6/8⠇ Extracting... ------------------------------ --------- 6/8⠏ Extracting... ------------------------------ --------- 6/8⠙ Extracting... ------------------------------ --------- 6/8⠹ Extracting... ------------------------------ --------- 6/8⠼ Extracting... ------------------------------ --------- 6/8⠴ Extracting... ------------------------------ --------- 6/8⠦ Extracting... ------------------------------ --------- 6/8⠇ Extracting... ------------------------------ --------- 6/8⠏ Extracting... ------------------------------ --------- 6/8⠋ Extracting... ------------------------------ --------- 6/8⠹ Extracting... ------------------------------ --------- 6/8⠸ Extracting... ------------------------------ --------- 6/8⠴ Extracting... ------------------------------ --------- 6/8⠦ Extracting... ------------------------------ --------- 6/8⠧ Extracting... ------------------------------ --------- 6/8⠏ Extracting... ------------------------------ --------- 6/8⠋ Extracting... ------------------------------ --------- 6/8⠹ Extracting... ------------------------------ --------- 6/8⠸ Extracting... ------------------------------ --------- 6/8⠼ Extracting... ------------------------------ --------- 6/8⠦ Extracting... ------------------------------ --------- 6/8⠧ Extracting... ------------------------------ --------- 6/8⠇ Extracting... ------------------------------ --------- 6/8⠋ Extracting... ------------------------------ --------- 6/8⠙ Extracting... ------------------------------ --------- 6/8⠸ Extracting... ------------------------------ --------- 6/8⠼ Extracting... ------------------------------ --------- 6/8⠴ Extracting... ------------------------------ --------- 6/8⠧ Extracting... ------------------------------ --------- 6/8⠇ Extracting... ------------------------------ --------- 6/8⠋ Extracting... ------------------------------ --------- 6/8⠙ Extracting... ------------------------------ --------- 6/8⠹ Extracting... ------------------------------ --------- 6/8⠼ Extracting... ------------------------------ --------- 6/8⠴ Extracting... ------------------------------ --------- 6/8⠦ Extracting... ------------------------------ --------- 6/8⠇ Extracting... ------------------------------ --------- 6/8⠏ Extracting... ------------------------------ --------- 6/8⠙ Extracting... ------------------------------ --------- 6/8⠹ Extracting... ------------------------------ --------- 6/8⠸ Extracting... ------------------------------ --------- 6/8⠴ Extracting... ------------------------------ --------- 6/8⠦ Extracting... ------------------------------ --------- 6/8⠇ Extracting... ------------------------------ --------- 6/8⠏ Extracting... ------------------------------ --------- 6/8⠋ Extracting... ------------------------------ --------- 6/8⠹ Extracting... ------------------------------ --------- 6/8⠸ Extracting... ------------------------------ --------- 6/8⠴ Extracting... ------------------------------ --------- 6/8⠦ Extracting... ------------------------------ --------- 6/8⠧ Extracting... ------------------------------ --------- 6/8⠏ Extracting... ------------------------------ --------- 6/8⠋ Extracting... ------------------------------ --------- 6/8⠙ Extracting... ------------------------------ --------- 6/8⠸ Extracting... ------------------------------ --------- 6/8⠼ Extracting... ------------------------------ --------- 6/8⠦ Extracting... ------------------------------ --------- 6/8⠧ Extracting... ------------------------------ --------- 6/8⠇ Extracting... ------------------------------ --------- 6/8⠋ Extracting... ------------------------------ --------- 6/8⠙ Extracting... ------------------------------ --------- 6/8⠸ Extracting... ------------------------------ --------- 6/8⠼ Extracting... ------------------------------ --------- 6/8⠴ Extracting... ------------------------------ --------- 6/8⠧ Extracting... ------------------------------ --------- 6/8⠇ Extracting... ------------------------------ --------- 6/8⠏ Extracting... ------------------------------ --------- 6/8⠙ Extracting... ------------------------------ --------- 6/8⠹ Extracting... ------------------------------ --------- 6/8⠼ Extracting... ------------------------------ --------- 6/8⠴ Extracting... ------------------------------ --------- 6/8⠦ Extracting... ------------------------------ --------- 6/8⠇ Extracting... ------------------------------ --------- 6/8⠏ Extracting... ------------------------------ --------- 6/8⠙ Extracting... ------------------------------ --------- 6/8⠹ Extracting... ------------------------------ --------- 6/8⠼ Extracting... ------------------------------ --------- 6/8⠴ Extracting... ------------------------------ --------- 6/8⠦ Extracting... ------------------------------ --------- 6/8⠇ Extracting... ------------------------------ --------- 6/8⠏ Extracting... ------------------------------ --------- 6/8⠙ Extracting... ------------------------------ --------- 6/8⠹ Extracting... ------------------------------ --------- 6/8⠸ Extracting... ------------------------------ --------- 6/8⠴ Extracting... ------------------------------ --------- 6/8⠦ Extracting... ------------------------------ --------- 6/8⠧ Extracting... ------------------------------ --------- 6/8⠏ Extracting... ------------------------------ --------- 6/8⠋ Extracting... ------------------------------ --------- 6/8⠹ Extracting... ------------------------------ --------- 6/8⠸ Extracting... ------------------------------ --------- 6/8⠼ Extracting... ------------------------------ --------- 6/8⠦ Extracting... ------------------------------ --------- 6/8⠧ Extracting... ------------------------------ --------- 6/8⠏ Extracting... ------------------------------ --------- 6/8⠋ Extracting... ------------------------------ --------- 6/8⠙ Extracting... ------------------------------ --------- 6/8⠸ Extracting... ------------------------------ --------- 6/8⠼ Extracting... ------------------------------ --------- 6/8⠦ Extracting... ------------------------------ --------- 6/8⠧ Extracting... ------------------------------ --------- 6/8⠇ Extracting... ------------------------------ --------- 6/8⠋ Extracting... ------------------------------ --------- 6/8⠙ Extracting... ------------------------------ --------- 6/8⠸ Extracting... ------------------------------ --------- 6/8⠼ Extracting... ------------------------------ --------- 6/8⠴ Extracting... ------------------------------ --------- 6/8⠧ Extracting... ------------------------------ --------- 6/8⠇ Extracting... ------------------------------ --------- 6/8⠏ Extracting... ------------------------------ --------- 6/8⠙ Extracting... ------------------------------ --------- 6/8⠹ Extracting... ------------------------------ --------- 6/8⠼ Extracting... ------------------------------ --------- 6/8⠴ Extracting... ------------------------------ --------- 6/8⠦ Extracting... ------------------------------ --------- 6/8⠇ Extracting... ------------------------------ --------- 6/8⠏ Extracting... ------------------------------ --------- 6/8⠙ Extracting... ------------------------------ --------- 6/8⠹ Extracting... ------------------------------ --------- 6/8⠸ Extracting... ------------------------------ --------- 6/8⠴ Extracting... ------------------------------ --------- 6/8⠦ Extracting... ------------------------------ --------- 6/8⠧ Extracting... ------------------------------ --------- 6/8⠏ Extracting... ------------------------------ --------- 6/8⠋ Extracting... ------------------------------ --------- 6/8⠹ Extracting... ------------------------------ --------- 6/8⠸ Extracting... ------------------------------ --------- 6/8⠼ Extracting... ------------------------------ --------- 6/8⠦ Extracting... ------------------------------ --------- 6/8⠧ Extracting... ------------------------------ --------- 6/8⠏ Extracting... ------------------------------ --------- 6/8⠋ Extracting... ------------------------------ --------- 6/8⠙ Extracting... ------------------------------ --------- 6/8⠸ Extracting... ------------------------------ --------- 6/8⠼ Extracting... ------------------------------ --------- 6/8⠴ Extracting... ------------------------------ --------- 6/8⠧ Extracting... ------------------------------ --------- 6/8⠇ Extracting... ------------------------------ --------- 6/8⠋ Extracting... ------------------------------ --------- 6/8⠙ Extracting... ------------------------------ --------- 6/8⠹ Extracting... ------------------------------ --------- 6/8⠼ Extracting... ------------------------------ --------- 6/8⠴ Extracting... ------------------------------ --------- 6/8⠧ Extracting... ------------------------------ --------- 6/8⠇ Extracting... ------------------------------ --------- 6/8⠏ Extracting... ------------------------------ --------- 6/8⠙ Extracting... ------------------------------ --------- 6/8⠹ Extracting... ------------------------------ --------- 6/8⠸ Extracting... ------------------------------ --------- 6/8⠴ Extracting... ------------------------------ --------- 6/8⠦ Extracting... ------------------------------ --------- 6/8⠇ Extracting... ------------------------------ --------- 6/8⠏ Extracting... ------------------------------ --------- 6/8⠋ Extracting... ------------------------------ --------- 6/8⠹ Extracting... ------------------------------ --------- 6/8⠸ Extracting... ------------------------------ --------- 6/8⠼ Extracting... ------------------------------ --------- 6/8⠦ Extracting... ------------------------------ --------- 6/8⠧ Extracting... ------------------------------ --------- 6/8⠏ Extracting... ------------------------------ --------- 6/8⠋ Extracting... ------------------------------ --------- 6/8⠙ Extracting... ------------------------------ --------- 6/8⠸ Extracting... ------------------------------ --------- 6/8⠼ Extracting... ------------------------------ --------- 6/8⠦ Extracting... ------------------------------ --------- 6/8⠧ Extracting... ------------------------------ --------- 6/8⠇ Extracting... ------------------------------ --------- 6/8⠋ Extracting... ------------------------------ --------- 6/8⠙ Extracting... ------------------------------ --------- 6/8⠸ Extracting... ------------------------------ --------- 6/8⠼ Extracting... ------------------------------ --------- 6/8⠴ Extracting... ------------------------------ --------- 6/8⠧ Extracting... ------------------------------ --------- 6/8⠇ Extracting... ------------------------------ --------- 6/8⠏ Extracting... ------------------------------ --------- 6/8⠙ Extracting... ------------------------------ --------- 6/8⠹ Extracting... ------------------------------ --------- 6/8⠼ Extracting... ------------------------------ --------- 6/8⠴ Extracting... ------------------------------ --------- 6/8⠦ Extracting... ------------------------------ --------- 6/8⠇ Extracting... ------------------------------ --------- 6/8⠏ Extracting... ------------------------------ --------- 6/8⠙ Extracting... ------------------------------ --------- 6/8⠹ Extracting... ------------------------------ --------- 6/8⠸ Extracting... ------------------------------ --------- 6/8⠴ Extracting... ------------------------------ --------- 6/8⠦ Extracting... ------------------------------ --------- 6/8⠧ Extracting... ------------------------------ --------- 6/8⠏ Extracting... ------------------------------ --------- 6/8⠋ Extracting... ------------------------------ --------- 6/8⠹ Extracting... ------------------------------ --------- 6/8⠸ Extracting... ------------------------------ --------- 6/8⠼ Extracting... ------------------------------ --------- 6/8⠦ Extracting... ------------------------------ --------- 6/8⠧ Extracting... ------------------------------ --------- 6/8⠏ Extracting... ------------------------------ --------- 6/8⠋ Extracting... ------------------------------ --------- 6/8⠙ Extracting... ------------------------------ --------- 6/8⠸ Extracting... ------------------------------ --------- 6/8⠼ Extracting... ------------------------------ --------- 6/8⠴ Extracting... ------------------------------ --------- 6/8⠧ Extracting... ------------------------------ --------- 6/8⠇ Extracting... ------------------------------ --------- 6/8⠋ Extracting... ------------------------------ --------- 6/8⠙ Extracting... ------------------------------ --------- 6/8⠹ Extracting... ------------------------------ --------- 6/8⠼ Extracting... ------------------------------ --------- 6/8⠴ Extracting... ------------------------------ --------- 6/8⠧ Extracting... ------------------------------ --------- 6/8⠇ Extracting... ------------------------------ --------- 6/8⠏ Extracting... ------------------------------ --------- 6/8⠙ Extracting... ------------------------------ --------- 6/8⠹ Extracting... ------------------------------ --------- 6/8⠸ Extracting... ------------------------------ --------- 6/8⠴ Extracting... ------------------------------ --------- 6/8⠦ Extracting... ------------------------------ --------- 6/8⠇ Extracting... ------------------------------ --------- 6/8⠏ Extracting... ------------------------------ --------- 6/8⠋ Extracting... ------------------------------ --------- 6/8⠹ Extracting... ------------------------------ --------- 6/8⠸ Extracting... ------------------------------ --------- 6/8⠴ Extracting... ------------------------------ --------- 6/8⠦ Extracting... ------------------------------ --------- 6/8⠧ Extracting... ------------------------------ --------- 6/8⠏ Extracting... ------------------------------ --------- 6/8⠋ Extracting... ------------------------------ --------- 6/8⠹ Extracting... ------------------------------ --------- 6/8⠸ Extracting... ------------------------------ --------- 6/8⠼ Extracting... ------------------------------ --------- 6/8⠦ Extracting... ------------------------------ --------- 6/8⠧ Extracting... ------------------------------ --------- 6/8⠇ Extracting... ------------------------------ --------- 6/8⠋ Extracting... ------------------------------ --------- 6/8⠙ Extracting... ------------------------------ --------- 6/8⠸ Extracting... ------------------------------ --------- 6/8⠼ Extracting... ------------------------------ --------- 6/8⠴ Extracting... ------------------------------ --------- 6/8⠧ Extracting... ------------------------------ --------- 6/8⠇ Extracting... ------------------------------ --------- 6/8⠏ Extracting... ------------------------------ --------- 6/8⠙ Extracting... ------------------------------ --------- 6/8⠹ Extracting... ------------------------------ --------- 6/8⠼ Extracting... ------------------------------ --------- 6/8⠴ Extracting... ------------------------------ --------- 6/8⠦ Extracting... ------------------------------ --------- 6/8⠇ Extracting... ------------------------------ --------- 6/8⠏ Extracting... ------------------------------ --------- 6/8⠙ Extracting... ------------------------------ --------- 6/8⠹ Extracting... ------------------------------ --------- 6/8⠸ Extracting... ------------------------------ --------- 6/8⠴ Extracting... ------------------------------ --------- 6/8⠦ Extracting... ------------------------------ --------- 6/8⠧ Extracting... ------------------------------ --------- 6/8⠏ Extracting... ------------------------------ --------- 6/8⠋ Extracting... ------------------------------ --------- 6/8⠹ Extracting... ------------------------------ --------- 6/8⠸ Extracting... ------------------------------ --------- 6/8⠼ Extracting... ------------------------------ --------- 6/8⠦ Extracting... ------------------------------ --------- 6/8⠧ Extracting... ------------------------------ --------- 6/8⠏ Extracting... ------------------------------ --------- 6/8⠋ Extracting... ------------------------------ --------- 6/8⠙ Extracting... ------------------------------ --------- 6/8⠸ Extracting... ------------------------------ --------- 6/8⠼ Extracting... ------------------------------ --------- 6/8⠦ Extracting... ------------------------------ --------- 6/8⠧ Extracting... ------------------------------ --------- 6/8⠇ Extracting... ------------------------------ --------- 6/8⠋ Extracting... ------------------------------ --------- 6/8⠙ Extracting... ------------------------------ --------- 6/8⠹ Extracting... ------------------------------ --------- 6/8⠼ Extracting... ------------------------------ --------- 6/8⠴ Extracting... ------------------------------ --------- 6/8⠧ Extracting... ------------------------------ --------- 6/8⠇ Extracting... ------------------------------ --------- 6/8⠏ Extracting... ------------------------------ --------- 6/8⠙ Extracting... ------------------------------ --------- 6/8⠹ Extracting... ------------------------------ --------- 6/8⠼ Extracting... ------------------------------ --------- 6/8⠴ Extracting... ------------------------------ --------- 6/8⠦ Extracting... ------------------------------ --------- 6/8⠇ Extracting... ------------------------------ --------- 6/8⠏ Extracting... ------------------------------ --------- 6/8⠋ Extracting... ------------------------------ --------- 6/8⠹ Extracting... ------------------------------ --------- 6/8⠸ Extracting... ------------------------------ --------- 6/8⠴ Extracting... ------------------------------ --------- 6/8⠦ Extracting... ------------------------------ --------- 6/8⠧ Extracting... ------------------------------ --------- 6/8⠏ Extracting... ------------------------------ --------- 6/8⠋ Extracting... ------------------------------ --------- 6/8⠹ Extracting... ------------------------------ --------- 6/8⠸ Extracting... ------------------------------ --------- 6/8⠼ Extracting... ------------------------------ --------- 6/8⠦ Extracting... ------------------------------ --------- 6/8⠧ Extracting... ------------------------------ --------- 6/8⠏ Extracting... ------------------------------ --------- 6/8⠋ Extracting... ------------------------------ --------- 6/8⠙ Extracting... ------------------------------ --------- 6/8⠸ Extracting... ------------------------------ --------- 6/8⠼ Extracting... ------------------------------ --------- 6/8⠴ Extracting... ------------------------------ --------- 6/8⠧ Extracting... ------------------------------ --------- 6/8⠇ Extracting... ------------------------------ --------- 6/8⠋ Extracting... ------------------------------ --------- 6/8⠙ Extracting... ------------------------------ --------- 6/8⠹ Extracting... ------------------------------ --------- 6/8⠼ Extracting... ------------------------------ --------- 6/8⠴ Extracting... ------------------------------ --------- 6/8⠧ Extracting... ------------------------------ --------- 6/8⠇ Extracting... ------------------------------ --------- 6/8⠏ Extracting... ------------------------------ --------- 6/8⠙ Extracting... ------------------------------ --------- 6/8⠹ Extracting... ------------------------------ --------- 6/8⠸ Extracting... ------------------------------ --------- 6/8⠴ Extracting... ------------------------------ --------- 6/8⠦ Extracting... ------------------------------ --------- 6/8⠇ Extracting... ------------------------------ --------- 6/8⠏ Extracting... ------------------------------ --------- 6/8⠋ Extracting... ------------------------------ --------- 6/8⠹ Extracting... ------------------------------ --------- 6/8⠸ Extracting... ------------------------------ --------- 6/8⠴ Extracting... ------------------------------ --------- 6/8⠦ Extracting... ------------------------------ --------- 6/8⠧ Extracting... ------------------------------ --------- 6/8⠏ Extracting... ------------------------------ --------- 6/8⠋ Extracting... ------------------------------ --------- 6/8⠹ Extracting... ------------------------------ --------- 6/8⠸ Extracting... ------------------------------ --------- 6/8⠼ Extracting... ------------------------------ --------- 6/8⠦ Extracting... ------------------------------ --------- 6/8⠧ Extracting... ------------------------------ --------- 6/8⠏ Extracting... ------------------------------ --------- 6/8⠋ Extracting... ------------------------------ --------- 6/8⠙ Extracting... ------------------------------ --------- 6/8⠸ Extracting... ------------------------------ --------- 6/8⠼ Extracting... ------------------------------ --------- 6/8⠴ Extracting... ------------------------------ --------- 6/8⠧ Extracting... ------------------------------ --------- 6/8⠇ Extracting... ------------------------------ --------- 6/8⠋ Extracting... ------------------------------ --------- 6/8⠙ Extracting... ------------------------------ --------- 6/8⠹ Extracting... ------------------------------ --------- 6/8⠼ Extracting... ------------------------------ --------- 6/8⠴ Extracting... ------------------------------ --------- 6/8⠧ Extracting... ------------------------------ --------- 6/8⠇ Extracting... ------------------------------ --------- 6/8⠏ Extracting... ------------------------------ --------- 6/8⠙ Extracting... ------------------------------ --------- 6/8⠹ Extracting... ------------------------------ --------- 6/8⠸ Extracting... ------------------------------ --------- 6/8⠴ Extracting... ------------------------------ --------- 6/8⠦ Extracting... ------------------------------ --------- 6/8⠇ Extracting... ------------------------------ --------- 6/8⠏ Extracting... ------------------------------ --------- 6/8⠋ Extracting... ------------------------------ --------- 6/8⠹ Extracting... ------------------------------ --------- 6/8⠸ Extracting... ------------------------------ --------- 6/8⠴ Extracting... ------------------------------ --------- 6/8⠦ Extracting... ------------------------------ --------- 6/8⠧ Extracting... ------------------------------ --------- 6/8⠏ Extracting... ------------------------------ --------- 6/8⠋ Extracting... ------------------------------ --------- 6/8⠙ Extracting... ------------------------------ --------- 6/8⠸ Extracting... ------------------------------ --------- 6/8⠼ Extracting... ------------------------------ --------- 6/8⠦ Extracting... ------------------------------ --------- 6/8⠧ Extracting... ------------------------------ --------- 6/8⠇ Extracting... ------------------------------ --------- 6/8⠋ Extracting... ------------------------------ --------- 6/8⠙ Extracting... ------------------------------ --------- 6/8⠸ Extracting... ------------------------------ --------- 6/8⠼ Extracting... ------------------------------ --------- 6/8⠴ Extracting... ------------------------------ --------- 6/8⠧ Extracting... ------------------------------ --------- 6/8⠇ Extracting... ------------------------------ --------- 6/8⠋ Extracting... ------------------------------ --------- 6/8⠙ Extracting... ------------------------------ --------- 6/8⠹ Extracting... ------------------------------ --------- 6/8⠼ Extracting... ------------------------------ --------- 6/8⠴ Extracting... ------------------------------ --------- 6/8⠦ Extracting... ------------------------------ --------- 6/8⠇ Extracting... ------------------------------ --------- 6/8⠏ Extracting... ------------------------------ --------- 6/8⠙ Extracting... ------------------------------ --------- 6/8⠹ Extracting... ------------------------------ --------- 6/8⠸ Extracting... ------------------------------ --------- 6/8⠴ Extracting... ------------------------------ --------- 6/8⠦ Extracting... ------------------------------ --------- 6/8⠇ Extracting... ------------------------------ --------- 6/8⠏ Extracting... ------------------------------ --------- 6/8⠋ Extracting... ------------------------------ --------- 6/8⠹ Extracting... ------------------------------ --------- 6/8⠸ Extracting... ------------------------------ --------- 6/8⠼ Extracting... ------------------------------ --------- 6/8⠦ Extracting... ------------------------------ --------- 6/8⠧ Extracting... ------------------------------ --------- 6/8⠏ Extracting... ------------------------------ --------- 6/8⠋ Extracting... ------------------------------ --------- 6/8⠙ Extracting... ------------------------------ --------- 6/8⠸ Extracting... ------------------------------ --------- 6/8⠼ Extracting... ------------------------------ --------- 6/8⠦ Extracting... ------------------------------ --------- 6/8⠧ Extracting... ------------------------------ --------- 6/8⠇ Extracting... ------------------------------ --------- 6/8⠋ Extracting... ------------------------------ --------- 6/8⠙ Extracting... ------------------------------ --------- 6/8⠸ Extracting... ------------------------------ --------- 6/8⠼ Extracting... ------------------------------ --------- 6/8⠴ Extracting... ------------------------------ --------- 6/8⠧ Extracting... ------------------------------ --------- 6/8⠇ Extracting... ------------------------------ --------- 6/8⠋ Extracting... ------------------------------ --------- 6/8⠙ Extracting... ------------------------------ --------- 6/8⠹ Extracting... ------------------------------ --------- 6/8⠼ Extracting... ------------------------------ --------- 6/8⠴ Extracting... ------------------------------ --------- 6/8⠦ Extracting... ------------------------------ --------- 6/8⠇ Extracting... ------------------------------ --------- 6/8⠏ Extracting... ------------------------------ --------- 6/8⠙ Extracting... ------------------------------ --------- 6/8⠹ Extracting... ------------------------------ --------- 6/8⠸ Extracting... ------------------------------ --------- 6/8⠴ Extracting... ------------------------------ --------- 6/8⠦ Extracting... ------------------------------ --------- 6/8⠇ Extracting... ------------------------------ --------- 6/8⠏ Extracting... ------------------------------ --------- 6/8⠋ Extracting... ------------------------------ --------- 6/8⠹ Extracting... ------------------------------ --------- 6/8⠸ Extracting... ------------------------------ --------- 6/8⠼ Extracting... ------------------------------ --------- 6/8⠦ Extracting... ------------------------------ --------- 6/8⠧ Extracting... ------------------------------ --------- 6/8⠏ Extracting... ------------------------------ --------- 6/8⠋ Extracting... ------------------------------ --------- 6/8⠙ Extracting... ------------------------------ --------- 6/8⠸ Extracting... ------------------------------ --------- 6/8⠼ Extracting... ------------------------------ --------- 6/8⠦ Extracting... ------------------------------ --------- 6/8⠧ Extracting... ------------------------------ --------- 6/8⠇ Extracting... ------------------------------ --------- 6/8⠋ Extracting... ------------------------------ --------- 6/8⠙ Extracting... ------------------------------ --------- 6/8⠹ Extracting... ------------------------------ --------- 6/8⠼ Extracting... ------------------------------ --------- 6/8⠴ Extracting... ------------------------------ --------- 6/8⠧ Extracting... ------------------------------ --------- 6/8⠇ Extracting... ------------------------------ --------- 6/8⠏ Extracting... ------------------------------ --------- 6/8⠙ Extracting... ------------------------------ --------- 6/8⠹ Extracting... ------------------------------ --------- 6/8⠼ Extracting... ------------------------------ --------- 6/8⠴ Extracting... ------------------------------ --------- 6/8⠦ Extracting... ------------------------------ --------- 6/8⠇ Extracting... ------------------------------ --------- 6/8⠏ Extracting... ------------------------------ --------- 6/8⠋ Extracting... ------------------------------ --------- 6/8⠹ Extracting... ------------------------------ --------- 6/8⠸ Extracting... ------------------------------ --------- 6/8⠴ Extracting... ------------------------------ --------- 6/8⠦ Extracting... ------------------------------ --------- 6/8⠧ Extracting... ------------------------------ --------- 6/8⠏ Extracting... ------------------------------ --------- 6/8⠋ Extracting... ------------------------------ --------- 6/8⠹ Extracting... ------------------------------ --------- 6/8⠸ Extracting... ------------------------------ --------- 6/8⠼ Extracting... ------------------------------ --------- 6/8⠦ Extracting... ------------------------------ --------- 6/8⠧ Extracting... ------------------------------ --------- 6/8⠏ Extracting... ------------------------------ --------- 6/8⠋ Extracting... ------------------------------ --------- 6/8⠙ Extracting... ------------------------------ --------- 6/8⠸ Extracting... ------------------------------ --------- 6/8⠼ Extracting... ------------------------------ --------- 6/8⠴ Extracting... ------------------------------ --------- 6/8⠧ Extracting... ------------------------------ --------- 6/8⠇ Extracting... ------------------------------ --------- 6/8⠋ Extracting... ------------------------------ --------- 6/8⠙ Extracting... ------------------------------ --------- 6/8⠹ Extracting... ------------------------------ --------- 6/8⠼ Extracting... ------------------------------ --------- 6/8⠴ Extracting... ------------------------------ --------- 6/8⠧ Extracting... ------------------------------ --------- 6/8⠇ Extracting... ------------------------------ --------- 6/8⠏ Extracting... ------------------------------ --------- 6/8⠙ Extracting... ------------------------------ --------- 6/8⠹ Extracting... ------------------------------ --------- 6/8⠸ Extracting... ------------------------------ --------- 6/8⠴ Extracting... ------------------------------ --------- 6/8⠦ Extracting... ------------------------------ --------- 6/8⠇ Extracting... ------------------------------ --------- 6/8⠏ Extracting... ------------------------------ --------- 6/8⠋ Extracting... ------------------------------ --------- 6/8⠹ Extracting... ------------------------------ --------- 6/8⠸ Extracting... ------------------------------ --------- 6/8⠴ Extracting... ------------------------------ --------- 6/8⠦ Extracting... ------------------------------ --------- 6/8⠧ Extracting... ------------------------------ --------- 6/8⠏ Extracting... ------------------------------ --------- 6/8⠋ Extracting... ------------------------------ --------- 6/8⠹ Extracting... ------------------------------ --------- 6/8⠸ Extracting... ------------------------------ --------- 6/8⠼ Extracting... ------------------------------ --------- 6/8⠦ Extracting... ------------------------------ --------- 6/8⠧ Extracting... ------------------------------ --------- 6/8⠇ Extracting... ------------------------------ --------- 6/8⠋ Extracting... ------------------------------ --------- 6/8⠙ Extracting... ------------------------------ --------- 6/8⠸ Extracting... ------------------------------ --------- 6/8⠼ Extracting... ------------------------------ --------- 6/8⠴ Extracting... ------------------------------ --------- 6/8⠧ Extracting... ------------------------------ --------- 6/8⠇ Extracting... ------------------------------ --------- 6/8⠋ Extracting... ------------------------------ --------- 6/8⠙ Extracting... ------------------------------ --------- 6/8⠹ Extracting... ------------------------------ --------- 6/8⠼ Extracting... ------------------------------ --------- 6/8⠴ Extracting... ------------------------------ --------- 6/8⠦ Extracting... ------------------------------ --------- 6/8⠇ Extracting... ------------------------------ --------- 6/8⠏ Extracting... ------------------------------ --------- 6/8⠙ Extracting... ------------------------------ --------- 6/8⠹ Extracting... ------------------------------ --------- 6/8⠸ Extracting... ------------------------------ --------- 6/8⠴ Extracting... ------------------------------ --------- 6/8⠦ Extracting... ------------------------------ --------- 6/8⠇ Extracting... ------------------------------ --------- 6/8⠏ Extracting... ------------------------------ --------- 6/8⠋ Extracting... ------------------------------ --------- 6/8⠹ Extracting... ------------------------------ --------- 6/8⠸ Extracting... ------------------------------ --------- 6/8⠴ Extracting... ------------------------------ --------- 6/8⠦ Extracting... ------------------------------ --------- 6/8⠧ Extracting... ------------------------------ --------- 6/8⠏ Extracting... ------------------------------ --------- 6/8⠋ Extracting... ------------------------------ --------- 6/8⠹ Extracting... ------------------------------ --------- 6/8⠸ Extracting... ------------------------------ --------- 6/8⠼ Extracting... ------------------------------ --------- 6/8⠦ Extracting... ------------------------------ --------- 6/8⠧ Extracting... ------------------------------ --------- 6/8⠇ Extracting... ------------------------------ --------- 6/8⠋ Extracting... ------------------------------ --------- 6/8⠙ Extracting... ------------------------------ --------- 6/8⠸ Extracting... ------------------------------ --------- 6/8⠼ Extracting... ------------------------------ --------- 6/8⠴ Extracting... ------------------------------ --------- 6/8⠧ Extracting... ------------------------------ --------- 6/8⠇ Extracting... ------------------------------ --------- 6/8⠋ Extracting... ------------------------------ --------- 6/8⠙ Extracting... ------------------------------ --------- 6/8⠹ Extracting... ------------------------------ --------- 6/8⠼ Extracting... ------------------------------ --------- 6/8⠴ Extracting... ------------------------------ --------- 6/8⠦ Extracting... ------------------------------ --------- 6/8⠇ Extracting... ------------------------------ --------- 6/8⠏ Extracting... ------------------------------ --------- 6/8⠙ Extracting... ------------------------------ --------- 6/8⠹ Extracting... ------------------------------ --------- 6/8⠸ Extracting... ------------------------------ --------- 6/8⠴ Extracting... ------------------------------ --------- 6/8⠦ Extracting... ------------------------------ --------- 6/8⠇ Extracting... ------------------------------ --------- 6/8⠏ Extracting... ------------------------------ --------- 6/8⠋ Extracting... ------------------------------ --------- 6/8⠹ Extracting... ------------------------------ --------- 6/8⠸ Extracting... ------------------------------ --------- 6/8⠴ Extracting... ------------------------------ --------- 6/8⠦ Extracting... ------------------------------ --------- 6/8⠧ Extracting... ------------------------------ --------- 6/8⠏ Extracting... ------------------------------ --------- 6/8⠋ Extracting... ------------------------------ --------- 6/8⠹ Extracting... ------------------------------ --------- 6/8⠸ Extracting... ------------------------------ --------- 6/8⠼ Extracting... ------------------------------ --------- 6/8⠦ Extracting... ------------------------------ --------- 6/8⠧ Extracting... ------------------------------ --------- 6/8⠏ Extracting... ------------------------------ --------- 6/8⠋ Extracting... ------------------------------ --------- 6/8⠙ Extracting... ------------------------------ --------- 6/8⠸ Extracting... ------------------------------ --------- 6/8⠼ Extracting... ------------------------------ --------- 6/8⠦ Extracting... ------------------------------ --------- 6/8⠧ Extracting... ------------------------------ --------- 6/8⠇ Extracting... ------------------------------ --------- 6/8⠋ Extracting... ------------------------------ --------- 6/8⠙ Extracting... ------------------------------ --------- 6/8⠹ Extracting... ------------------------------ --------- 6/8⠼ Extracting... ------------------------------ --------- 6/8⠴ Extracting... ------------------------------ --------- 6/8⠧ Extracting... ------------------------------ --------- 6/8⠇ Extracting... ------------------------------ --------- 6/8⠏ Extracting... ------------------------------ --------- 6/8⠙ Extracting... ------------------------------ --------- 6/8⠹ Extracting... ------------------------------ --------- 6/8⠼ Extracting... ------------------------------ --------- 6/8⠴ Extracting... ------------------------------ --------- 6/8⠦ Extracting... ------------------------------ --------- 6/8⠇ Extracting... ------------------------------ --------- 6/8⠏ Extracting... ------------------------------ --------- 6/8⠙ Extracting... ------------------------------ --------- 6/8⠹ Extracting... ------------------------------ --------- 6/8⠸ Extracting... ------------------------------ --------- 6/8⠴ Extracting... ------------------------------ --------- 6/8⠦ Extracting... ------------------------------ --------- 6/8⠇ Extracting... ------------------------------ --------- 6/8⠏ Extracting... ------------------------------ --------- 6/8⠋ Extracting... ------------------------------ --------- 6/8⠹ Extracting... ------------------------------ --------- 6/8⠸ Extracting... ------------------------------ --------- 6/8⠼ Extracting... ------------------------------ --------- 6/8⠦ Extracting... ------------------------------ --------- 6/8⠧ Extracting... ------------------------------ --------- 6/8⠏ Extracting... ------------------------------ --------- 6/8⠋ Extracting... ------------------------------ --------- 6/8⠙ Extracting... ------------------------------ --------- 6/8⠸ Extracting... ------------------------------ --------- 6/8⠼ Extracting... ------------------------------ --------- 6/8⠦ Extracting... ------------------------------ --------- 6/8⠧ Extracting... ------------------------------ --------- 6/8⠇ Extracting... ------------------------------ --------- 6/8⠋ Extracting... ------------------------------ --------- 6/8⠙ Extracting... ------------------------------ --------- 6/8⠹ Extracting... ------------------------------ --------- 6/8⠼ Extracting... ------------------------------ --------- 6/8⠴ Extracting... ------------------------------ --------- 6/8⠧ Extracting... ------------------------------ --------- 6/8⠇ Extracting... ------------------------------ --------- 6/8⠏ Extracting... ------------------------------ --------- 6/8⠙ Extracting... ------------------------------ --------- 6/8⠹ Extracting... ------------------------------ --------- 6/8⠼ Extracting... ------------------------------ --------- 6/8⠴ Extracting... ------------------------------ --------- 6/8⠦ Extracting... ------------------------------ --------- 6/8⠇ Extracting... ------------------------------ --------- 6/8⠏ Extracting... ------------------------------ --------- 6/8⠙ Extracting... ------------------------------ --------- 6/8⠹ Extracting... ------------------------------ --------- 6/8⠸ Extracting... ------------------------------ --------- 6/8⠴ Extracting... ------------------------------ --------- 6/8⠦ Extracting... ------------------------------ --------- 6/8⠧ Extracting... ------------------------------ --------- 6/8⠏ Extracting... ------------------------------ --------- 6/8⠋ Extracting... ------------------------------ --------- 6/8⠹ Extracting... ------------------------------ --------- 6/8⠸ Extracting... ------------------------------ --------- 6/8⠼ Extracting... ------------------------------ --------- 6/8⠦ Extracting... ------------------------------ --------- 6/8⠧ Extracting... ------------------------------ --------- 6/8⠏ Extracting... ------------------------------ --------- 6/8⠋ Extracting... ------------------------------ --------- 6/8⠙ Extracting... ------------------------------ --------- 6/8⠸ Extracting... ------------------------------ --------- 6/8⠼ Extracting... ------------------------------ --------- 6/8⠦ Extracting... ------------------------------ --------- 6/8⠧ Extracting... ------------------------------ --------- 6/8⠇ Extracting... ------------------------------ --------- 6/8⠋ Extracting... ------------------------------ --------- 6/8⠙ Extracting... ------------------------------ --------- 6/8⠹ Extracting... ------------------------------ --------- 6/8⠼ Extracting... ------------------------------ --------- 6/8⠴ Extracting... ------------------------------ --------- 6/8⠧ Extracting... ------------------------------ --------- 6/8⠇ Extracting... ------------------------------ --------- 6/8⠏ Extracting... ------------------------------ --------- 6/8⠙ Extracting... ------------------------------ --------- 6/8⠹ Extracting... ------------------------------ --------- 6/8⠼ Extracting... ------------------------------ --------- 6/8⠴ Extracting... ------------------------------ --------- 6/8⠦ Extracting... ------------------------------ --------- 6/8⠇ Extracting... ------------------------------ --------- 6/8⠏ Extracting... ------------------------------ --------- 6/8⠋ Extracting... ------------------------------ --------- 6/8⠹ Extracting... ------------------------------ --------- 6/8⠸ Extracting... ------------------------------ --------- 6/8⠴ Extracting... ------------------------------ --------- 6/8⠦ Extracting... ------------------------------ --------- 6/8⠇ Extracting... ------------------------------ --------- 6/8⠏ Extracting... ------------------------------ --------- 6/8⠋ Extracting... ------------------------------ --------- 6/8⠹ Extracting... ------------------------------ --------- 6/8⠸ Extracting... ------------------------------ --------- 6/8⠼ Extracting... ------------------------------ --------- 6/8⠦ Extracting... ------------------------------ --------- 6/8⠧ Extracting... ------------------------------ --------- 6/8⠏ Extracting... ------------------------------ --------- 6/8⠋ Extracting... ------------------------------ --------- 6/8⠙ Extracting... ------------------------------ --------- 6/8⠸ Extracting... ------------------------------ --------- 6/8⠼ Extracting... ------------------------------ --------- 6/8⠴ Extracting... ------------------------------ --------- 6/8⠧ Extracting... ------------------------------ --------- 6/8⠇ Extracting... ------------------------------ --------- 6/8⠋ Extracting... ------------------------------ --------- 6/8⠙ Extracting... ------------------------------ --------- 6/8⠹ Extracting... ------------------------------ --------- 6/8⠼ Extracting... ------------------------------ --------- 6/8⠴ Extracting... ------------------------------ --------- 6/8⠧ Extracting... ------------------------------ --------- 6/8⠇ Extracting... ------------------------------ --------- 6/8⠏ Extracting... ------------------------------ --------- 6/8⠙ Extracting... ------------------------------ --------- 6/8⠹ Extracting... ------------------------------ --------- 6/8⠼ Extracting... ------------------------------ --------- 6/8⠴ Extracting... ------------------------------ --------- 6/8⠦ Extracting... ------------------------------ --------- 6/8⠇ Extracting... ------------------------------ --------- 6/8⠏ Extracting... ------------------------------ --------- 6/8⠋ Extracting... ------------------------------ --------- 6/8⠹ Extracting... ------------------------------ --------- 6/8⠸ Extracting... ------------------------------ --------- 6/8⠴ Extracting... ------------------------------ --------- 6/8⠦ Extracting... ------------------------------ --------- 6/8⠧ Extracting... ------------------------------ --------- 6/8⠏ Extracting... ------------------------------ --------- 6/8⠋ Extracting... ------------------------------ --------- 6/8⠹ Extracting... ------------------------------ --------- 6/8⠸ Extracting... ------------------------------ --------- 6/8⠼ Extracting... ------------------------------ --------- 6/8⠦ Extracting... ------------------------------ --------- 6/8⠧ Extracting... ------------------------------ --------- 6/8⠏ Extracting... ------------------------------ --------- 6/8⠋ Extracting... ------------------------------ --------- 6/8⠙ Extracting... ------------------------------ --------- 6/8⠸ Extracting... ------------------------------ --------- 6/8⠼ Extracting... ------------------------------ --------- 6/8⠴ Extracting... ------------------------------ --------- 6/8⠧ Extracting... ------------------------------ --------- 6/8⠇ Extracting... ------------------------------ --------- 6/8⠋ Extracting... ------------------------------ --------- 6/8⠙ Extracting... ------------------------------ --------- 6/8⠹ Extracting... ------------------------------ --------- 6/8⠼ Extracting... ------------------------------ --------- 6/8⠴ Extracting... ------------------------------ --------- 6/8⠧ Extracting... ------------------------------ --------- 6/8⠇ Extracting... ------------------------------ --------- 6/8⠏ Extracting... ------------------------------ --------- 6/8⠙ Extracting... ------------------------------ --------- 6/8⠹ Extracting... ------------------------------ --------- 6/8⠼ Extracting... ------------------------------ --------- 6/8⠴ Extracting... ------------------------------ --------- 6/8⠦ Extracting... ------------------------------ --------- 6/8⠇ Extracting... ------------------------------ --------- 6/8⠏ Extracting... ------------------------------ --------- 6/8⠙ Extracting... ------------------------------ --------- 6/8⠹ Extracting... ------------------------------ --------- 6/8⠸ Extracting... ------------------------------ --------- 6/8⠴ Extracting... ------------------------------ --------- 6/8⠦ Extracting... ------------------------------ --------- 6/8⠧ Extracting... ------------------------------ --------- 6/8⠏ Extracting... ------------------------------ --------- 6/8⠋ Extracting... ------------------------------ --------- 6/8⠹ Extracting... ------------------------------ --------- 6/8⠸ Extracting... ------------------------------ --------- 6/8⠼ Extracting... ------------------------------ --------- 6/8⠦ Extracting... ------------------------------ --------- 6/8⠧ Extracting... ------------------------------ --------- 6/8⠏ Extracting... ------------------------------ --------- 6/8⠋ Extracting... ------------------------------ --------- 6/8⠙ Extracting... ------------------------------ --------- 6/8⠸ Extracting... ------------------------------ --------- 6/8⠼ Extracting... ------------------------------ --------- 6/8⠦ Extracting... ------------------------------ --------- 6/8⠧ Extracting... ------------------------------ --------- 6/8⠇ Extracting... ------------------------------ --------- 6/8⠋ Extracting... ------------------------------ --------- 6/8⠙ Extracting... ------------------------------ --------- 6/8⠸ Extracting... ------------------------------ --------- 6/8⠼ Extracting... ------------------------------ --------- 6/8⠴ Extracting... ------------------------------ --------- 6/8⠧ Extracting... ------------------------------ --------- 6/8⠇ Extracting... ------------------------------ --------- 6/8⠋ Extracting... ------------------------------ --------- 6/8⠙ Extracting... ------------------------------ --------- 6/8⠹ Extracting... ------------------------------ --------- 6/8⠼ Extracting... ------------------------------ --------- 6/8⠴ Extracting... ------------------------------ --------- 6/8⠦ Extracting... ------------------------------ --------- 6/8⠇ Extracting... ------------------------------ --------- 6/8⠏ Extracting... ------------------------------ --------- 6/8⠙ Extracting... ------------------------------ --------- 6/8⠹ Extracting... ------------------------------ --------- 6/8⠸ Extracting... ------------------------------ --------- 6/8⠴ Extracting... ------------------------------ --------- 6/8⠦ Extracting... ------------------------------ --------- 6/8⠇ Extracting... ------------------------------ --------- 6/8⠏ Extracting... ------------------------------ --------- 6/8⠋ Extracting... ------------------------------ --------- 6/8⠹ Extracting... ------------------------------ --------- 6/8⠸ Extracting... ------------------------------ --------- 6/8⠴ Extracting... ------------------------------ --------- 6/8⠦ Extracting... ------------------------------ --------- 6/8⠧ Extracting... ------------------------------ --------- 6/8⠏ Extracting... ------------------------------ --------- 6/8⠋ Extracting... ------------------------------ --------- 6/8⠹ Extracting... ------------------------------ --------- 6/8⠸ Extracting... ------------------------------ --------- 6/8⠼ Extracting... ------------------------------ --------- 6/8⠦ Extracting... ------------------------------ --------- 6/8⠧ Extracting... ------------------------------ --------- 6/8⠏ Extracting... ------------------------------ --------- 6/8⠋ Extracting... ------------------------------ --------- 6/8⠙ Extracting... ------------------------------ --------- 6/8⠸ Extracting... ------------------------------ --------- 6/8⠼ Extracting... ------------------------------ --------- 6/8⠴ Extracting... ------------------------------ --------- 6/8⠧ Extracting... ------------------------------ --------- 6/8⠇ Extracting... ------------------------------ --------- 6/8⠋ Extracting... ------------------------------ --------- 6/8⠙ Extracting... ------------------------------ --------- 6/8⠹ Extracting... ------------------------------ --------- 6/8⠼ Extracting... ------------------------------ --------- 6/8⠴ Extracting... ------------------------------ --------- 6/8⠧ Extracting... ------------------------------ --------- 6/8⠇ Extracting... ------------------------------ --------- 6/8⠏ Extracting... ------------------------------ --------- 6/8⠙ Extracting... ------------------------------ --------- 6/8⠹ Extracting... ------------------------------ --------- 6/8⠼ Extracting... ------------------------------ --------- 6/8⠴ Extracting... ------------------------------ --------- 6/8⠦ Extracting... ------------------------------ --------- 6/8⠇ Extracting... ------------------------------ --------- 6/8⠏ Extracting... ------------------------------ --------- 6/8⠋ Extracting... ------------------------------ --------- 6/8⠹ Extracting... ------------------------------ --------- 6/8⠸ Extracting... ------------------------------ --------- 6/8⠴ Extracting... ------------------------------ --------- 6/8⠦ Extracting... ------------------------------ --------- 6/8⠧ Extracting... ------------------------------ --------- 6/8⠏ Extracting... ------------------------------ --------- 6/8⠋ Extracting... ------------------------------ --------- 6/8⠹ Extracting... ------------------------------ --------- 6/8⠸ Extracting... ------------------------------ --------- 6/8⠼ Extracting... ------------------------------ --------- 6/8⠦ Extracting... ------------------------------ --------- 6/8⠧ Extracting... ------------------------------ --------- 6/8⠏ Extracting... ------------------------------ --------- 6/8⠋ Extracting... ------------------------------ --------- 6/8⠙ Extracting... ------------------------------ --------- 6/8⠸ Extracting... ------------------------------ --------- 6/8⠼ Extracting... ------------------------------ --------- 6/8⠦ Extracting... ------------------------------ --------- 6/8⠧ Extracting... ------------------------------ --------- 6/8⠇ Extracting... ------------------------------ --------- 6/8⠋ Extracting... ------------------------------ --------- 6/8⠙ Extracting... ------------------------------ --------- 6/8⠹ Extracting... ------------------------------ --------- 6/8⠼ Extracting... ------------------------------ --------- 6/8⠴ Extracting... ------------------------------ --------- 6/8⠧ Extracting... ------------------------------ --------- 6/8⠇ Extracting... ------------------------------ --------- 6/8⠏ Extracting... ------------------------------ --------- 6/8⠙ Extracting... ------------------------------ --------- 6/8⠹ Extracting... ------------------------------ --------- 6/8⠼ Extracting... ------------------------------ --------- 6/8⠴ Extracting... ------------------------------ --------- 6/8⠦ Extracting... ------------------------------ --------- 6/8⠇ Extracting... ------------------------------ --------- 6/8⠏ Extracting... ------------------------------ --------- 6/8⠋ Extracting... ------------------------------ --------- 6/8⠹ Extracting... ------------------------------ --------- 6/8⠸ Extracting... ------------------------------ --------- 6/8⠴ Extracting... ------------------------------ --------- 6/8⠦ Extracting... ------------------------------ --------- 6/8⠧ Extracting... ------------------------------ --------- 6/8⠏ Extracting... ------------------------------ --------- 6/8⠋ Extracting... ------------------------------ --------- 6/8⠹ Extracting... ------------------------------ --------- 6/8⠸ Extracting... ------------------------------ --------- 6/8⠼ Extracting... ------------------------------ --------- 6/8⠦ Extracting... ------------------------------ --------- 6/8⠧ Extracting... ------------------------------ --------- 6/8⠏ Extracting... ------------------------------ --------- 6/8⠋ Extracting... ------------------------------ --------- 6/8⠙ Extracting... ------------------------------ --------- 6/8⠸ Extracting... ------------------------------ --------- 6/8⠼ Extracting... ------------------------------ --------- 6/8⠦ Extracting... ------------------------------ --------- 6/8⠧ Extracting... ------------------------------ --------- 6/8⠇ Extracting... ------------------------------ --------- 6/8⠋ Extracting... ------------------------------ --------- 6/8⠙ Extracting... ------------------------------ --------- 6/8⠹ Extracting... ------------------------------ --------- 6/8⠼ Extracting... ------------------------------ --------- 6/8⠴ Extracting... ------------------------------ --------- 6/8⠧ Extracting... ------------------------------ --------- 6/8⠇ Extracting... ------------------------------ --------- 6/8⠏ Extracting... ------------------------------ --------- 6/8⠙ Extracting... ------------------------------ --------- 6/8⠹ Extracting... ------------------------------ --------- 6/8⠼ Extracting... ------------------------------ --------- 6/8⠴ Extracting... ------------------------------ --------- 6/8⠦ Extracting... ------------------------------ --------- 6/8⠇ Extracting... ------------------------------ --------- 6/8⠏ Extracting... ------------------------------ --------- 6/8⠋ Extracting... ------------------------------ --------- 6/8⠹ Extracting... ------------------------------ --------- 6/8⠸ Extracting... ------------------------------ --------- 6/8⠴ Extracting... ------------------------------ --------- 6/8⠦ Extracting... ------------------------------ --------- 6/8⠧ Extracting... ------------------------------ --------- 6/8⠏ Extracting... ------------------------------ --------- 6/8⠋ Extracting... ------------------------------ --------- 6/8⠹ Extracting... ------------------------------ --------- 6/8⠸ Extracting... ------------------------------ --------- 6/8⠼ Extracting... ------------------------------ --------- 6/8⠦ Extracting... ------------------------------ --------- 6/8⠧ Extracting... ------------------------------ --------- 6/8⠏ Extracting... ------------------------------ --------- 6/8⠋ Extracting... ------------------------------ --------- 6/8⠙ Extracting... ------------------------------ --------- 6/8⠸ Extracting... ------------------------------ --------- 6/8⠼ Extracting... ------------------------------ --------- 6/8⠴ Extracting... ------------------------------ --------- 6/8⠧ Extracting... ------------------------------ --------- 6/8⠇ Extracting... ------------------------------ --------- 6/8⠋ Extracting... ------------------------------ --------- 6/8⠙ Extracting... ------------------------------ --------- 6/8⠹ Extracting... ------------------------------ --------- 6/8⠼ Extracting... ------------------------------ --------- 6/8⠴ Extracting... ------------------------------ --------- 6/8⠧ Extracting... ------------------------------ --------- 6/8⠇ Extracting... ------------------------------ --------- 6/8⠏ Extracting... ------------------------------ --------- 6/8⠙ Extracting... ------------------------------ --------- 6/8⠹ Extracting... ------------------------------ --------- 6/8⠸ Extracting... ------------------------------ --------- 6/8⠴ Extracting... ------------------------------ --------- 6/8⠦ Extracting... ------------------------------ --------- 6/8⠇ Extracting... ------------------------------ --------- 6/8⠏ Extracting... ------------------------------ --------- 6/8⠋ Extracting... ------------------------------ --------- 6/8⠹ Extracting... ------------------------------ --------- 6/8⠸ Extracting... ------------------------------ --------- 6/8⠴ Extracting... ------------------------------ --------- 6/8⠦ Extracting... ------------------------------ --------- 6/8⠧ Extracting... ------------------------------ --------- 6/8⠏ Extracting... ------------------------------ --------- 6/8⠋ Extracting... ------------------------------ --------- 6/8⠹ Extracting... ------------------------------ --------- 6/8⠸ Extracting... ------------------------------ --------- 6/8⠼ Extracting... ------------------------------ --------- 6/8⠦ Extracting... ------------------------------ --------- 6/8⠧ Extracting... ------------------------------ --------- 6/8⠇ Extracting... ------------------------------ --------- 6/8⠋ Extracting... ------------------------------ --------- 6/8⠙ Extracting... ------------------------------ --------- 6/8⠸ Extracting... ------------------------------ --------- 6/8⠼ Extracting... ------------------------------ --------- 6/8⠴ Extracting... ------------------------------ --------- 6/8⠧ Extracting... ------------------------------ --------- 6/8⠇ Extracting... ------------------------------ --------- 6/8⠋ Extracting... ------------------------------ --------- 6/8⠙ Extracting... ------------------------------ --------- 6/8⠹ Extracting... ------------------------------ --------- 6/8⠼ Extracting... ------------------------------ --------- 6/8⠴ Extracting... ------------------------------ --------- 6/8⠦ Extracting... ------------------------------ --------- 6/8⠇ Extracting... ------------------------------ --------- 6/8⠏ Extracting... ------------------------------ --------- 6/8⠙ Extracting... ------------------------------ --------- 6/8⠹ Extracting... ------------------------------ --------- 6/8⠸ Extracting... ------------------------------ --------- 6/8⠴ Extracting... ------------------------------ --------- 6/8⠦ Extracting... ------------------------------ --------- 6/8⠧ Extracting... ------------------------------ --------- 6/8⠏ Extracting... ------------------------------ --------- 6/8⠋ Extracting... ------------------------------ --------- 6/8⠹ Extracting... ------------------------------ --------- 6/8⠸ Extracting... ------------------------------ --------- 6/8⠼ Extracting... ------------------------------ --------- 6/8⠦ Extracting... ------------------------------ --------- 6/8⠧ Extracting... ------------------------------ --------- 6/8⠏ Extracting... ------------------------------ --------- 6/8⠋ Extracting... ------------------------------ --------- 6/8⠙ Extracting... ------------------------------ --------- 6/8⠸ Extracting... ------------------------------ --------- 6/8⠼ Extracting... ------------------------------ --------- 6/8⠦ Extracting... ------------------------------ --------- 6/8⠧ Extracting... ------------------------------ --------- 6/8⠇ Extracting... ------------------------------ --------- 6/8⠋ Extracting... ------------------------------ --------- 6/8⠙ Extracting... ------------------------------ --------- 6/8⠸ Extracting... ------------------------------ --------- 6/8⠼ Extracting... ------------------------------ --------- 6/8⠴ Extracting... ------------------------------ --------- 6/8⠧ Extracting... ------------------------------ --------- 6/8⠇ Extracting... ------------------------------ --------- 6/8⠏ Extracting... ------------------------------ --------- 6/8⠙ Extracting... ------------------------------ --------- 6/8⠹ Extracting... ------------------------------ --------- 6/8⠼ Extracting... ------------------------------ --------- 6/8⠴ Extracting... ------------------------------ --------- 6/8⠧ Extracting... ------------------------------ --------- 6/8⠇ Extracting... ------------------------------ --------- 6/8⠏ Extracting... ------------------------------ --------- 6/8⠙ Extracting... ------------------------------ --------- 6/8⠹ Extracting... ------------------------------ --------- 6/8⠼ Extracting... ------------------------------ --------- 6/8⠴ Extracting... ------------------------------ --------- 6/8⠦ Extracting... ------------------------------ --------- 6/8⠇ Extracting... ------------------------------ --------- 6/8⠏ Extracting... ------------------------------ --------- 6/8⠋ Extracting... ------------------------------ --------- 6/8⠹ Extracting... ------------------------------ --------- 6/8⠸ Extracting... ------------------------------ --------- 6/8⠴ Extracting... ------------------------------ --------- 6/8⠦ Extracting... ------------------------------ --------- 6/8⠧ Extracting... ------------------------------ --------- 6/8⠏ Extracting... ------------------------------ --------- 6/8⠋ Extracting... ------------------------------ --------- 6/8⠹ Extracting... ------------------------------ --------- 6/8⠸ Extracting... ------------------------------ --------- 6/8⠼ Extracting... ------------------------------ --------- 6/8⠦ Extracting... ------------------------------ --------- 6/8⠧ Extracting... ------------------------------ --------- 6/8⠇ Extracting... ------------------------------ --------- 6/8⠋ Extracting... ------------------------------ --------- 6/8⠙ Extracting... ------------------------------ --------- 6/8⠸ Extracting... ------------------------------ --------- 6/8⠼ Extracting... ------------------------------ --------- 6/8⠴ Extracting... ------------------------------ --------- 6/8⠧ Extracting... ------------------------------ --------- 6/8⠇ Extracting... ------------------------------ --------- 6/8⠋ Extracting... ------------------------------ --------- 6/8⠙ Extracting... ------------------------------ --------- 6/8⠹ Extracting... ------------------------------ --------- 6/8⠼ Extracting... ------------------------------ --------- 6/8⠴ Extracting... ------------------------------ --------- 6/8⠦ Extracting... ------------------------------ --------- 6/8⠇ Extracting... ------------------------------ --------- 6/8⠏ Extracting... ------------------------------ --------- 6/8⠙ Extracting... ------------------------------ --------- 6/8⠹ Extracting... ------------------------------ --------- 6/8⠸ Extracting... ------------------------------ --------- 6/8⠴ Extracting... ------------------------------ --------- 6/8⠦ Extracting... ------------------------------ --------- 6/8⠧ Extracting... ------------------------------ --------- 6/8⠏ Extracting... ------------------------------ --------- 6/8⠋ Extracting... ------------------------------ --------- 6/8⠹ Extracting... ------------------------------ --------- 6/8⠸ Extracting... ------------------------------ --------- 6/8⠼ Extracting... ------------------------------ --------- 6/8⠦ Extracting... ------------------------------ --------- 6/8⠧ Extracting... ------------------------------ --------- 6/8⠏ Extracting... ------------------------------ --------- 6/8⠋ Extracting... ------------------------------ --------- 6/8⠙ Extracting... ------------------------------ --------- 6/8⠸ Extracting... ------------------------------ --------- 6/8⠼ Extracting... ------------------------------ --------- 6/8⠴ Extracting... ------------------------------ --------- 6/8⠧ Extracting... ------------------------------ --------- 6/8⠇ Extracting... ------------------------------ --------- 6/8⠋ Extracting... ------------------------------ --------- 6/8⠙ Extracting... ------------------------------ --------- 6/8⠹ Extracting... ------------------------------ --------- 6/8⠼ Extracting... ------------------------------ --------- 6/8⠴ Extracting... ------------------------------ --------- 6/8⠧ Extracting... ------------------------------ --------- 6/8⠇ Extracting... ------------------------------ --------- 6/8⠏ Extracting... ------------------------------ --------- 6/8⠙ Extracting... ------------------------------ --------- 6/8⠹ Extracting... ------------------------------ --------- 6/8⠼ Extracting... ------------------------------ --------- 6/8⠴ Extracting... ------------------------------ --------- 6/8⠦ Extracting... ------------------------------ --------- 6/8⠇ Extracting... ------------------------------ --------- 6/8⠏ Extracting... ------------------------------ --------- 6/8⠋ Extracting... ------------------------------ --------- 6/8⠹ Extracting... ------------------------------ --------- 6/8⠸ Extracting... ------------------------------ --------- 6/8⠴ Extracting... ------------------------------ --------- 6/8⠦ Extracting... ------------------------------ --------- 6/8⠧ Extracting... ------------------------------ --------- 6/8⠏ Extracting... ------------------------------ --------- 6/8⠋ Extracting... ------------------------------ --------- 6/8⠹ Extracting... ------------------------------ --------- 6/8⠸ Extracting... ------------------------------ --------- 6/8⠼ Extracting... ------------------------------ --------- 6/8⠦ Extracting... ------------------------------ --------- 6/8⠧ Extracting... ------------------------------ --------- 6/8⠏ Extracting... ------------------------------ --------- 6/8⠋ Extracting... ------------------------------ --------- 6/8⠙ Extracting... ------------------------------ --------- 6/8⠸ Extracting... ------------------------------ --------- 6/8⠼ Extracting... ------------------------------ --------- 6/8⠴ Extracting... ------------------------------ --------- 6/8⠧ Extracting... ------------------------------ --------- 6/8⠇ Extracting... ------------------------------ --------- 6/8⠋ Extracting... ------------------------------ --------- 6/8⠙ Extracting... ------------------------------ --------- 6/8⠹ Extracting... ------------------------------ --------- 6/8⠼ Extracting... ------------------------------ --------- 6/8⠴ Extracting... ------------------------------ --------- 6/8⠧ Extracting... ------------------------------ --------- 6/8⠇ Extracting... ------------------------------ --------- 6/8⠏ Extracting... ------------------------------ --------- 6/8⠙ Extracting... ------------------------------ --------- 6/8⠹ Extracting... ------------------------------ --------- 6/8⠸ Extracting... ------------------------------ --------- 6/8⠴ Extracting... ------------------------------ --------- 6/8⠦ Extracting... ------------------------------ --------- 6/8⠇ Extracting... ------------------------------ --------- 6/8⠏ Extracting... ------------------------------ --------- 6/8⠋ Extracting... ------------------------------ --------- 6/8⠹ Extracting... ------------------------------ --------- 6/8⠸ Extracting... ------------------------------ --------- 6/8⠴ Extracting... ------------------------------ --------- 6/8⠦ Extracting... ------------------------------ --------- 6/8⠧ Extracting... ------------------------------ --------- 6/8⠏ Extracting... ------------------------------ --------- 6/8⠋ Extracting... ------------------------------ --------- 6/8⠙ Extracting... ------------------------------ --------- 6/8⠸ Extracting... ------------------------------ --------- 6/8⠼ Extracting... ------------------------------ --------- 6/8⠦ Extracting... ------------------------------ --------- 6/8⠧ Extracting... ------------------------------ --------- 6/8⠇ Extracting... ------------------------------ --------- 6/8⠋ Extracting... ------------------------------ --------- 6/8⠙ Extracting... ------------------------------ --------- 6/8⠸ Extracting... ------------------------------ --------- 6/8⠼ Extracting... ------------------------------ --------- 6/8⠴ Extracting... ------------------------------ --------- 6/8⠧ Extracting... ------------------------------ --------- 6/8⠇ Extracting... ------------------------------ --------- 6/8⠋ Extracting... ------------------------------ --------- 6/8⠙ Extracting... ------------------------------ --------- 6/8⠹ Extracting... ------------------------------ --------- 6/8⠼ Extracting... ------------------------------ --------- 6/8⠴ Extracting... ------------------------------ --------- 6/8⠦ Extracting... ------------------------------ --------- 6/8⠇ Extracting... ------------------------------ --------- 6/8⠏ Extracting... ------------------------------ --------- 6/8⠙ Extracting... ------------------------------ --------- 6/8⠹ Extracting... ------------------------------ --------- 6/8⠸ Extracting... ------------------------------ --------- 6/8⠴ Extracting... ------------------------------ --------- 6/8⠦ Extracting... ------------------------------ --------- 6/8⠧ Extracting... ------------------------------ --------- 6/8⠏ Extracting... ------------------------------ --------- 6/8⠋ Extracting... ------------------------------ --------- 6/8⠹ Extracting... ------------------------------ --------- 6/8⠸ Extracting... ------------------------------ --------- 6/8⠼ Extracting... ------------------------------ --------- 6/8⠦ Extracting... ------------------------------ --------- 6/8⠧ Extracting... ------------------------------ --------- 6/8⠏ Extracting... ------------------------------ --------- 6/8⠋ Extracting... ------------------------------ --------- 6/8⠙ Extracting... ------------------------------ --------- 6/8⠸ Extracting... ------------------------------ --------- 6/8⠼ Extracting... ------------------------------ --------- 6/8⠦ Extracting... ------------------------------ --------- 6/8⠧ Extracting... ------------------------------ --------- 6/8⠇ Extracting... ------------------------------ --------- 6/8⠋ Extracting... ------------------------------ --------- 6/8⠙ Extracting... ------------------------------ --------- 6/8⠹ Extracting... ------------------------------ --------- 6/8⠼ Extracting... ------------------------------ --------- 6/8⠴ Extracting... ------------------------------ --------- 6/8⠧ Extracting... ------------------------------ --------- 6/8⠇ Extracting... ------------------------------ --------- 6/8⠏ Extracting... ------------------------------ --------- 6/8⠙ Extracting... ------------------------------ --------- 6/8⠹ Extracting... ------------------------------ --------- 6/8⠸ Extracting... ------------------------------ --------- 6/8⠴ Extracting... ------------------------------ --------- 6/8⠦ Extracting... ------------------------------ --------- 6/8⠇ Extracting... ------------------------------ --------- 6/8⠏ Extracting... ------------------------------ --------- 6/8⠋ Extracting... ------------------------------ --------- 6/8⠹ Extracting... ------------------------------ --------- 6/8⠸ Extracting... ------------------------------ --------- 6/8⠴ Extracting... ------------------------------ --------- 6/8⠦ Extracting... ------------------------------ --------- 6/8⠧ Extracting... ------------------------------ --------- 6/8⠏ Extracting... ------------------------------ --------- 6/8⠋ Extracting... ------------------------------ --------- 6/8⠙ Extracting... ------------------------------ --------- 6/8⠸ Extracting... ------------------------------ --------- 6/8⠼ Extracting... ------------------------------ --------- 6/8⠦ Extracting... ------------------------------ --------- 6/8⠧ Extracting... ------------------------------ --------- 6/8⠇ Extracting... ------------------------------ --------- 6/8⠋ Extracting... ------------------------------ --------- 6/8⠙ Extracting... ------------------------------ --------- 6/8⠹ Extracting... ------------------------------ --------- 6/8⠼ Extracting... ------------------------------ --------- 6/8⠴ Extracting... ------------------------------ --------- 6/8⠧ Extracting... ------------------------------ --------- 6/8⠇ Extracting... ------------------------------ --------- 6/8⠏ Extracting... ------------------------------ --------- 6/8⠙ Extracting... ------------------------------ --------- 6/8⠹ Extracting... ------------------------------ --------- 6/8⠼ Extracting... ------------------------------ --------- 6/8⠴ Extracting... ------------------------------ --------- 6/8⠦ Extracting... ------------------------------ --------- 6/8⠇ Extracting... ------------------------------ --------- 6/8⠏ Extracting... ------------------------------ --------- 6/8⠋ Extracting... ------------------------------ --------- 6/8⠹ Extracting... ------------------------------ --------- 6/8⠸ Extracting... ------------------------------ --------- 6/8⠴ Extracting... ------------------------------ --------- 6/8⠦ Extracting... ------------------------------ --------- 6/8⠧ Extracting... ------------------------------ --------- 6/8⠏ Extracting... ------------------------------ --------- 6/8⠋ Extracting... ------------------------------ --------- 6/8⠹ Extracting... ------------------------------ --------- 6/8⠸ Extracting... ------------------------------ --------- 6/8⠼ Extracting... ------------------------------ --------- 6/8⠦ Extracting... ------------------------------ --------- 6/8⠧ Extracting... ------------------------------ --------- 6/8⠇ Extracting... ------------------------------ --------- 6/8⠋ Extracting... ------------------------------ --------- 6/8⠙ Extracting... ------------------------------ --------- 6/8⠸ Extracting... ------------------------------ --------- 6/8⠼ Extracting... ------------------------------ --------- 6/8⠴ Extracting... ------------------------------ --------- 6/8⠧ Extracting... ------------------------------ --------- 6/8⠇ Extracting... ------------------------------ --------- 6/8⠋ Extracting... ------------------------------ --------- 6/8⠙ Extracting... ------------------------------ --------- 6/8⠹ Extracting... ------------------------------ --------- 6/8⠼ Extracting... ------------------------------ --------- 6/8⠴ Extracting... ------------------------------ --------- 6/8⠦ Extracting... ------------------------------ --------- 6/8⠇ Extracting... ------------------------------ --------- 6/8⠏ Extracting... ------------------------------ --------- 6/8⠙ Extracting... ------------------------------ --------- 6/8⠹ Extracting... ------------------------------ --------- 6/8⠸ Extracting... ------------------------------ --------- 6/8⠴ Extracting... ------------------------------ --------- 6/8⠦ Extracting... ------------------------------ --------- 6/8⠧ Extracting... ------------------------------ --------- 6/8⠏ Extracting... ------------------------------ --------- 6/8⠋ Extracting... ------------------------------ --------- 6/8⠹ Extracting... ------------------------------ --------- 6/8⠸ Extracting... ------------------------------ --------- 6/8⠼ Extracting... ------------------------------ --------- 6/8⠦ Extracting... ------------------------------ --------- 6/8⠧ Extracting... ------------------------------ --------- 6/8⠏ Extracting... ------------------------------ --------- 6/8⠋ Extracting... ------------------------------ --------- 6/8⠙ Extracting... ------------------------------ --------- 6/8⠸ Extracting... ------------------------------ --------- 6/8⠼ Extracting... ------------------------------ --------- 6/8⠴ Extracting... ------------------------------ --------- 6/8⠧ Extracting... ------------------------------ --------- 6/8⠇ Extracting... ------------------------------ --------- 6/8⠋ Extracting... ------------------------------ --------- 6/8⠙ Extracting... ------------------------------ --------- 6/8⠹ Extracting... ------------------------------ --------- 6/8⠼ Extracting... ------------------------------ --------- 6/8⠴ Extracting... ------------------------------ --------- 6/8⠧ Extracting... ------------------------------ --------- 6/8⠇ Extracting... ------------------------------ --------- 6/8⠏ Extracting... ------------------------------ --------- 6/8⠙ Extracting... ------------------------------ --------- 6/8⠹ Extracting... ------------------------------ --------- 6/8⠼ Extracting... ------------------------------ --------- 6/8⠴ Extracting... ------------------------------ --------- 6/8⠦ Extracting... ------------------------------ --------- 6/8⠇ Extracting... ------------------------------ --------- 6/8⠏ Extracting... ------------------------------ --------- 6/8⠙ Extracting... ------------------------------ --------- 6/8⠹ Extracting... ------------------------------ --------- 6/8⠸ Extracting... ------------------------------ --------- 6/8⠴ Extracting... ------------------------------ --------- 6/8⠦ Extracting... ------------------------------ --------- 6/8⠧ Extracting... ------------------------------ --------- 6/8⠏ Extracting... ------------------------------ --------- 6/8⠋ Extracting... ------------------------------ --------- 6/8⠹ Extracting... ------------------------------ --------- 6/8⠸ Extracting... ------------------------------ --------- 6/8⠼ Extracting... ------------------------------ --------- 6/8⠦ Extracting... ------------------------------ --------- 6/8⠧ Extracting... ------------------------------ --------- 6/8⠏ Extracting... ------------------------------ --------- 6/8⠋ Extracting... ------------------------------ --------- 6/8⠙ Extracting... ------------------------------ --------- 6/8⠸ Extracting... ------------------------------ --------- 6/8⠼ Extracting... ------------------------------ --------- 6/8⠦ Extracting... ------------------------------ --------- 6/8⠧ Extracting... ------------------------------ --------- 6/8⠇ Extracting... ------------------------------ --------- 6/8⠋ Extracting... ------------------------------ --------- 6/8⠙ Extracting... ------------------------------ --------- 6/8⠹ Extracting... ------------------------------ --------- 6/8⠼ Extracting... ------------------------------ --------- 6/8⠴ Extracting... ------------------------------ --------- 6/8⠧ Extracting... ------------------------------ --------- 6/8⠇ Extracting... ------------------------------ --------- 6/8⠏ Extracting... ------------------------------ --------- 6/8⠙ Extracting... ------------------------------ --------- 6/8⠹ Extracting... ------------------------------ --------- 6/8⠼ Extracting... ------------------------------ --------- 6/8⠴ Extracting... ------------------------------ --------- 6/8⠦ Extracting... ------------------------------ --------- 6/8⠇ Extracting... ------------------------------ --------- 6/8⠏ Extracting... ------------------------------ --------- 6/8⠋ Extracting... ------------------------------ --------- 6/8⠹ Extracting... ------------------------------ --------- 6/8⠸ Extracting... ------------------------------ --------- 6/8⠴ Extracting... ------------------------------ --------- 6/8⠦ Extracting... ------------------------------ --------- 6/8⠧ Extracting... ------------------------------ --------- 6/8⠏ Extracting... ------------------------------ --------- 6/8⠋ Extracting... ------------------------------ --------- 6/8⠹ Extracting... ------------------------------ --------- 6/8⠸ Extracting... ------------------------------ --------- 6/8⠼ Extracting... ------------------------------ --------- 6/8⠦ Extracting... ------------------------------ --------- 6/8⠧ Extracting... ------------------------------ --------- 6/8⠏ Extracting... ------------------------------ --------- 6/8⠋ Extracting... ------------------------------ --------- 6/8⠙ Extracting... ------------------------------ --------- 6/8⠸ Extracting... ------------------------------ --------- 6/8⠼ Extracting... ------------------------------ --------- 6/8⠴ Extracting... ------------------------------ --------- 6/8⠧ Extracting... ------------------------------ --------- 6/8⠇ Extracting... ------------------------------ --------- 6/8⠋ Extracting... ------------------------------ --------- 6/8⠙ Extracting... ------------------------------ --------- 6/8⠹ Extracting... ------------------------------ --------- 6/8⠼ Extracting... ------------------------------ --------- 6/8⠴ Extracting... ------------------------------ --------- 6/8⠧ Extracting... ------------------------------ --------- 6/8⠇ Extracting... ------------------------------ --------- 6/8⠏ Extracting... ------------------------------ --------- 6/8⠙ Extracting... ------------------------------ --------- 6/8⠹ Extracting... ------------------------------ --------- 6/8⠼ Extracting... ------------------------------ --------- 6/8⠴ Extracting... ------------------------------ --------- 6/8⠦ Extracting... ------------------------------ --------- 6/8⠇ Extracting... ------------------------------ --------- 6/8⠏ Extracting... ------------------------------ --------- 6/8⠋ Extracting... ------------------------------ --------- 6/8⠹ Extracting... ------------------------------ --------- 6/8⠸ Extracting... ------------------------------ --------- 6/8⠴ Extracting... ------------------------------ --------- 6/8⠦ Extracting... ------------------------------ --------- 6/8⠧ Extracting... ------------------------------ --------- 6/8⠏ Extracting... ------------------------------ --------- 6/8⠋ Extracting... ------------------------------ --------- 6/8⠹ Extracting... ------------------------------ --------- 6/8⠸ Extracting... ------------------------------ --------- 6/8⠼ Extracting... ------------------------------ --------- 6/8⠦ Extracting... ------------------------------ --------- 6/8⠧ Extracting... ------------------------------ --------- 6/8⠇ Extracting... ------------------------------ --------- 6/8⠋ Extracting... ------------------------------ --------- 6/8⠙ Extracting... ------------------------------ --------- 6/8⠸ Extracting... ------------------------------ --------- 6/8⠼ Extracting... ------------------------------ --------- 6/8⠴ Extracting... ------------------------------ --------- 6/8⠧ Extracting... ------------------------------ --------- 6/8⠇ Extracting... ------------------------------ --------- 6/8⠋ Extracting... ------------------------------ --------- 6/8⠙ Extracting... ------------------------------ --------- 6/8⠹ Extracting... ------------------------------ --------- 6/8⠼ Extracting... ------------------------------ --------- 6/8⠴ Extracting... ------------------------------ --------- 6/8⠧ Extracting... ------------------------------ --------- 6/8⠇ Extracting... ------------------------------ --------- 6/8⠏ Extracting... ------------------------------ --------- 6/8⠙ Extracting... ------------------------------ --------- 6/8⠹ Extracting... ------------------------------ --------- 6/8⠸ Extracting... ------------------------------ --------- 6/8⠴ Extracting... ------------------------------ --------- 6/8⠦ Extracting... ------------------------------ --------- 6/8⠇ Extracting... ------------------------------ --------- 6/8⠏ Extracting... ------------------------------ --------- 6/8⠋ Extracting... ------------------------------ --------- 6/8⠹ Extracting... ------------------------------ --------- 6/8⠸ Extracting... ------------------------------ --------- 6/8⠴ Extracting... ------------------------------ --------- 6/8⠦ Extracting... ------------------------------ --------- 6/8⠧ Extracting... ------------------------------ --------- 6/8⠏ Extracting... ------------------------------ --------- 6/8⠋ Extracting... ------------------------------ --------- 6/8⠙ Extracting... ------------------------------ --------- 6/8⠸ Extracting... ------------------------------ --------- 6/8⠼ Extracting... ------------------------------ --------- 6/8⠦ Extracting... ------------------------------ --------- 6/8⠧ Extracting... ------------------------------ --------- 6/8⠇ Extracting... ------------------------------ --------- 6/8⠋ Extracting... ------------------------------ --------- 6/8⠙ Extracting... ------------------------------ --------- 6/8⠸ Extracting... ------------------------------ --------- 6/8⠼ Extracting... ------------------------------ --------- 6/8⠴ Extracting... ------------------------------ --------- 6/8⠧ Extracting... ------------------------------ --------- 6/8⠇ Extracting... ------------------------------ --------- 6/8⠋ Extracting... ------------------------------ --------- 6/8⠙ Extracting... ------------------------------ --------- 6/8⠹ Extracting... ------------------------------ --------- 6/8⠼ Extracting... ------------------------------ --------- 6/8⠴ Extracting... ------------------------------ --------- 6/8⠧ Extracting... ------------------------------ --------- 6/8⠇ Extracting... ------------------------------ --------- 6/8⠏ Extracting... ------------------------------ --------- 6/8⠙ Extracting... ------------------------------ --------- 6/8⠹ Extracting... ------------------------------ --------- 6/8⠸ Extracting... ------------------------------ --------- 6/8⠴ Extracting... ------------------------------ --------- 6/8⠦ Extracting... ------------------------------ --------- 6/8⠇ Extracting... ------------------------------ --------- 6/8⠏ Extracting... ------------------------------ --------- 6/8⠋ Extracting... ------------------------------ --------- 6/8⠹ Extracting... ------------------------------ --------- 6/8⠸ Extracting... ------------------------------ --------- 6/8⠴ Extracting... ------------------------------ --------- 6/8⠦ Extracting... ------------------------------ --------- 6/8⠧ Extracting... ------------------------------ --------- 6/8⠏ Extracting... ------------------------------ --------- 6/8⠋ Extracting... ------------------------------ --------- 6/8⠹ Extracting... ------------------------------ --------- 6/8⠸ Extracting... ------------------------------ --------- 6/8⠼ Extracting... ------------------------------ --------- 6/8⠦ Extracting... ------------------------------ --------- 6/8⠧ Extracting... ------------------------------ --------- 6/8⠇ Extracting... ------------------------------ --------- 6/8⠋ Extracting... ------------------------------ --------- 6/8⠙ Extracting... ------------------------------ --------- 6/8⠸ Extracting... ------------------------------ --------- 6/8⠼ Extracting... ------------------------------ --------- 6/8⠴ Extracting... ------------------------------ --------- 6/8⠧ Extracting... ------------------------------ --------- 6/8⠇ Extracting... ------------------------------ --------- 6/8⠋ Extracting... ------------------------------ --------- 6/8⠙ Extracting... ------------------------------ --------- 6/8⠹ Extracting... ------------------------------ --------- 6/8⠼ Extracting... ------------------------------ --------- 6/8⠴ Extracting... ------------------------------ --------- 6/8⠧ Extracting... ------------------------------ --------- 6/8⠇ Extracting... ------------------------------ --------- 6/8⠏ Extracting... ------------------------------ --------- 6/8⠙ Extracting... ------------------------------ --------- 6/8⠹ Extracting... ------------------------------ --------- 6/8⠸ Extracting... ------------------------------ --------- 6/8⠴ Extracting... ------------------------------ --------- 6/8⠦ Extracting... ------------------------------ --------- 6/8⠇ Extracting... ------------------------------ --------- 6/8⠏ Extracting... ------------------------------ --------- 6/8⠋ Extracting... ------------------------------ --------- 6/8⠹ Extracting... ------------------------------ --------- 6/8⠸ Extracting... ------------------------------ --------- 6/8⠴ Extracting... ------------------------------ --------- 6/8⠦ Extracting... ------------------------------ --------- 6/8⠧ Extracting... ------------------------------ --------- 6/8⠏ Extracting... ------------------------------ --------- 6/8⠋ Extracting... ------------------------------ --------- 6/8⠙ Extracting... ------------------------------ --------- 6/8⠸ Extracting... ------------------------------ --------- 6/8⠼ Extracting... ------------------------------ --------- 6/8⠦ Extracting... ------------------------------ --------- 6/8⠧ Extracting... ------------------------------ --------- 6/8⠇ Extracting... ------------------------------ --------- 6/8⠋ Extracting... ------------------------------ --------- 6/8⠙ Extracting... ------------------------------ --------- 6/8⠸ Extracting... ------------------------------ --------- 6/8⠼ Extracting... ------------------------------ --------- 6/8⠴ Extracting... ------------------------------ --------- 6/8⠧ Extracting... ------------------------------ --------- 6/8⠇ Extracting... ------------------------------ --------- 6/8⠋ Extracting... ------------------------------ --------- 6/8⠙ Extracting... ------------------------------ --------- 6/8⠹ Extracting... ------------------------------ --------- 6/8⠼ Extracting... ------------------------------ --------- 6/8⠴ Extracting... ------------------------------ --------- 6/8⠧ Extracting... ------------------------------ --------- 6/8⠇ Extracting... ------------------------------ --------- 6/8⠏ Extracting... ------------------------------ --------- 6/8⠙ Extracting... ------------------------------ --------- 6/8⠹ Extracting... ------------------------------ --------- 6/8⠼ Extracting... ------------------------------ --------- 6/8⠴ Extracting... ------------------------------ --------- 6/8⠦ Extracting... ------------------------------ --------- 6/8⠇ Extracting... ------------------------------ --------- 6/8⠏ Extracting... ------------------------------ --------- 6/8⠋ Extracting... ------------------------------ --------- 6/8⠹ Extracting... ------------------------------ --------- 6/8⠸ Extracting... ------------------------------ --------- 6/8⠴ Extracting... ------------------------------ --------- 6/8⠦ Extracting... ------------------------------ --------- 6/8⠧ Extracting... ------------------------------ --------- 6/8⠏ Extracting... ------------------------------ --------- 6/8⠋ Extracting... ------------------------------ --------- 6/8⠹ Extracting... ------------------------------ --------- 6/8⠸ Extracting... ------------------------------ --------- 6/8⠼ Extracting... ------------------------------ --------- 6/8⠦ Extracting... ------------------------------ --------- 6/8⠧ Extracting... ------------------------------ --------- 6/8⠇ Extracting... ------------------------------ --------- 6/8⠋ Extracting... ------------------------------ --------- 6/8⠙ Extracting... ------------------------------ --------- 6/8⠸ Extracting... ------------------------------ --------- 6/8⠼ Extracting... ------------------------------ --------- 6/8⠴ Extracting... ------------------------------ --------- 6/8⠧ Extracting... ------------------------------ --------- 6/8⠇ Extracting... ------------------------------ --------- 6/8⠋ Extracting... ------------------------------ --------- 6/8⠙ Extracting... ------------------------------ --------- 6/8⠹ Extracting... ------------------------------ --------- 6/8⠼ Extracting... ------------------------------ --------- 6/8⠴ Extracting... ------------------------------ --------- 6/8⠦ Extracting... ------------------------------ --------- 6/8⠇ Extracting... ------------------------------ --------- 6/8⠏ Extracting... ------------------------------ --------- 6/8⠙ Extracting... ------------------------------ --------- 6/8⠹ Extracting... ------------------------------ --------- 6/8⠸ Extracting... ------------------------------ --------- 6/8⠴ Extracting... ------------------------------ --------- 6/8⠦ Extracting... ------------------------------ --------- 6/8⠧ Extracting... ------------------------------ --------- 6/8⠏ Extracting... ------------------------------ --------- 6/8⠋ Extracting... ------------------------------ --------- 6/8⠹ Extracting... ------------------------------ --------- 6/8⠸ Extracting... ------------------------------ --------- 6/8⠼ Extracting... ------------------------------ --------- 6/8⠦ Extracting... ------------------------------ --------- 6/8⠧ Extracting... ------------------------------ --------- 6/8⠏ Extracting... ------------------------------ --------- 6/8⠋ Extracting... ------------------------------ --------- 6/8⠙ Extracting... ------------------------------ --------- 6/8⠸ Extracting... ------------------------------ --------- 6/8⠼ Extracting... ------------------------------ --------- 6/8⠴ Extracting... ------------------------------ --------- 6/8⠧ Extracting... ------------------------------ --------- 6/8⠇ Extracting... ------------------------------ --------- 6/8⠋ Extracting... ------------------------------ --------- 6/8⠙ Extracting... ------------------------------ --------- 6/8⠹ Extracting... ------------------------------ --------- 6/8⠼ Extracting... ------------------------------ --------- 6/8⠴ Extracting... ------------------------------ --------- 6/8⠧ Extracting... ------------------------------ --------- 6/8⠇ Extracting... ------------------------------ --------- 6/8⠏ Extracting... ------------------------------ --------- 6/8⠙ Extracting... ------------------------------ --------- 6/8⠹ Extracting... ------------------------------ --------- 6/8⠼ Extracting... ------------------------------ --------- 6/8⠴ Extracting... ------------------------------ --------- 6/8⠦ Extracting... ------------------------------ --------- 6/8⠇ Extracting... ------------------------------ --------- 6/8⠏ Extracting... ------------------------------ --------- 6/8⠋ Extracting... ------------------------------ --------- 6/8⠹ Extracting... ------------------------------ --------- 6/8⠸ Extracting... ------------------------------ --------- 6/8⠴ Extracting... ------------------------------ --------- 6/8⠦ Extracting... ------------------------------ --------- 6/8⠧ Extracting... ------------------------------ --------- 6/8⠏ Extracting... ------------------------------ --------- 6/8⠋ Extracting... ------------------------------ --------- 6/8⠹ Extracting... ------------------------------ --------- 6/8⠸ Extracting... ------------------------------ --------- 6/8⠼ Extracting... ------------------------------ --------- 6/8⠦ Extracting... ------------------------------ --------- 6/8⠧ Extracting... ------------------------------ --------- 6/8⠇ Extracting... ------------------------------ --------- 6/8⠋ Extracting... ------------------------------ --------- 6/8⠙ Extracting... ------------------------------ --------- 6/8⠸ Extracting... ------------------------------ --------- 6/8⠼ Extracting... ------------------------------ --------- 6/8⠴ Extracting... ------------------------------ --------- 6/8⠧ Extracting... ------------------------------ --------- 6/8⠇ Extracting... ------------------------------ --------- 6/8⠋ Extracting... ------------------------------ --------- 6/8⠙ Extracting... ------------------------------ --------- 6/8⠹ Extracting... ------------------------------ --------- 6/8⠼ Extracting... ------------------------------ --------- 6/8⠴ Extracting... ------------------------------ --------- 6/8⠦ Extracting... ------------------------------ --------- 6/8⠇ Extracting... ------------------------------ --------- 6/8⠏ Extracting... ------------------------------ --------- 6/8⠙ Extracting... ------------------------------ --------- 6/8⠹ Extracting... ------------------------------ --------- 6/8⠸ Extracting... ------------------------------ --------- 6/8⠴ Extracting... ------------------------------ --------- 6/8⠦ Extracting... ------------------------------ --------- 6/8⠇ Extracting... ------------------------------ --------- 6/8⠏ Extracting... ------------------------------ --------- 6/8⠋ Extracting... ------------------------------ --------- 6/8⠹ Extracting... ------------------------------ --------- 6/8⠸ Extracting... ------------------------------ --------- 6/8⠼ Extracting... ------------------------------ --------- 6/8⠦ Extracting... ------------------------------ --------- 6/8⠧ Extracting... ------------------------------ --------- 6/8⠏ Extracting... ------------------------------ --------- 6/8⠋ Extracting... ------------------------------ --------- 6/8⠙ Extracting... ------------------------------ --------- 6/8⠸ Extracting... ------------------------------ --------- 6/8⠼ Extracting... ------------------------------ --------- 6/8⠴ Extracting... ------------------------------ --------- 6/8⠧ Extracting... ------------------------------ --------- 6/8⠇ Extracting... ------------------------------ --------- 6/8⠋ Extracting... ------------------------------ --------- 6/8⠙ Extracting... ------------------------------ --------- 6/8⠹ Extracting... ------------------------------ --------- 6/8⠼ Extracting... ------------------------------ --------- 6/8⠴ Extracting... ------------------------------ --------- 6/8⠧ Extracting... ------------------------------ --------- 6/8⠇ Extracting... ------------------------------ --------- 6/8⠏ Extracting... ------------------------------ --------- 6/8⠙ Extracting... ------------------------------ --------- 6/8⠹ Extracting... ------------------------------ --------- 6/8⠸ Extracting... ------------------------------ --------- 6/8⠴ Extracting... ------------------------------ --------- 6/8⠦ Extracting... ------------------------------ --------- 6/8⠇ Extracting... ------------------------------ --------- 6/8⠏ Extracting... ------------------------------ --------- 6/8⠋ Extracting... ------------------------------ --------- 6/8⠹ Extracting... ------------------------------ --------- 6/8⠸ Extracting... ------------------------------ --------- 6/8⠼ Extracting... ------------------------------ --------- 6/8⠦ Extracting... ------------------------------ --------- 6/8⠧ Extracting... ------------------------------ --------- 6/8⠏ Extracting... ------------------------------ --------- 6/8⠋ Extracting... ------------------------------ --------- 6/8⠙ Extracting... ------------------------------ --------- 6/8⠸ Extracting... ------------------------------ --------- 6/8⠼ Extracting... ------------------------------ --------- 6/8⠦ Extracting... ------------------------------ --------- 6/8⠧ Extracting... ------------------------------ --------- 6/8⠇ Extracting... ------------------------------ --------- 6/8⠋ Extracting... ------------------------------ --------- 6/8⠹ Extracting... ------------------------------ --------- 6/8⠸ Extracting... ------------------------------ --------- 6/8⠼ Extracting... ------------------------------ --------- 6/8⠦ Extracting... ------------------------------ --------- 6/8⠧ Extracting... ------------------------------ --------- 6/8⠏ Extracting... ------------------------------ --------- 6/8⠋ Extracting... ------------------------------ --------- 6/8⠙ Extracting... ------------------------------ --------- 6/8⠸ Extracting... ------------------------------ --------- 6/8⠼ Extracting... ------------------------------ --------- 6/8⠴ Extracting... ------------------------------ --------- 6/8⠧ Extracting... ------------------------------ --------- 6/8⠇ Extracting... ------------------------------ --------- 6/8⠋ Extracting... ------------------------------ --------- 6/8⠙ Extracting... ------------------------------ --------- 6/8⠹ Extracting... ------------------------------ --------- 6/8⠼ Extracting... ------------------------------ --------- 6/8⠴ Extracting... ------------------------------ --------- 6/8⠧ Extracting... ------------------------------ --------- 6/8⠇ Extracting... ------------------------------ --------- 6/8⠏ Extracting... ------------------------------ --------- 6/8⠙ Extracting... ------------------------------ --------- 6/8⠹ Extracting... ------------------------------ --------- 6/8⠼ Extracting... ------------------------------ --------- 6/8⠴ Extracting... ------------------------------ --------- 6/8⠦ Extracting... ------------------------------ --------- 6/8⠇ Extracting... ------------------------------ --------- 6/8⠏ Extracting... ------------------------------ --------- 6/8⠋ Extracting... ------------------------------ --------- 6/8⠹ Extracting... ------------------------------ --------- 6/8⠸ Extracting... ------------------------------ --------- 6/8⠴ Extracting... ------------------------------ --------- 6/8⠦ Extracting... ------------------------------ --------- 6/8⠧ Extracting... ------------------------------ --------- 6/8⠏ Extracting... ------------------------------ --------- 6/8⠋ Extracting... ------------------------------ --------- 6/8⠹ Extracting... ------------------------------ --------- 6/8⠸ Extracting... ------------------------------ --------- 6/8⠼ Extracting... ------------------------------ --------- 6/8⠦ Extracting... ------------------------------ --------- 6/8⠧ Extracting... ------------------------------ --------- 6/8⠏ Extracting... ------------------------------ --------- 6/8⠋ Extracting... ------------------------------ --------- 6/8⠙ Extracting... ------------------------------ --------- 6/8⠸ Extracting... ------------------------------ --------- 6/8⠼ Extracting... ------------------------------ --------- 6/8⠴ Extracting... ------------------------------ --------- 6/8⠧ Extracting... ------------------------------ --------- 6/8⠇ Extracting... ------------------------------ --------- 6/8⠋ Extracting... ------------------------------ --------- 6/8⠙ Extracting... ------------------------------ --------- 6/8⠹ Extracting... ------------------------------ --------- 6/8⠼ Extracting... ------------------------------ --------- 6/8⠴ Extracting... ------------------------------ --------- 6/8⠦ Extracting... ------------------------------ --------- 6/8⠇ Extracting... ------------------------------ --------- 6/8⠏ Extracting... ------------------------------ --------- 6/8⠙ Extracting... ------------------------------ --------- 6/8⠹ Extracting... ------------------------------ --------- 6/8⠸ Extracting... ------------------------------ --------- 6/8⠴ Extracting... ------------------------------ --------- 6/8⠦ Extracting... ------------------------------ --------- 6/8⠇ Extracting... ------------------------------ --------- 6/8⠏ Extracting... ------------------------------ --------- 6/8⠋ Extracting... ------------------------------ --------- 6/8⠹ Extracting... ------------------------------ --------- 6/8⠸ Extracting... ------------------------------ --------- 6/8⠴ Extracting... ------------------------------ --------- 6/8⠦ Extracting... ------------------------------ --------- 6/8⠧ Extracting... ------------------------------ --------- 6/8⠏ Extracting... ------------------------------ --------- 6/8⠋ Extracting... ------------------------------ --------- 6/8⠙ Extracting... ------------------------------ --------- 6/8⠸ Extracting... ------------------------------ --------- 6/8⠼ Extracting... ------------------------------ --------- 6/8⠦ Extracting... ------------------------------ --------- 6/8⠧ Extracting... ------------------------------ --------- 6/8⠇ Extracting... ------------------------------ --------- 6/8⠋ Extracting... ------------------------------ --------- 6/8⠙ Extracting... ------------------------------ --------- 6/8⠹ Extracting... ------------------------------ --------- 6/8⠼ Extracting... ------------------------------ --------- 6/8⠴ Extracting... ------------------------------ --------- 6/8⠧ Extracting... ------------------------------ --------- 6/8⠇ Extracting... ------------------------------ --------- 6/8⠏ Extracting... ------------------------------ --------- 6/8⠙ Extracting... ------------------------------ --------- 6/8⠹ Extracting... ------------------------------ --------- 6/8⠼ Extracting... ------------------------------ --------- 6/8⠴ Extracting... ------------------------------ --------- 6/8⠦ Extracting... ------------------------------ --------- 6/8⠇ Extracting... ------------------------------ --------- 6/8⠏ Extracting... ------------------------------ --------- 6/8⠙ Extracting... ------------------------------ --------- 6/8⠹ Extracting... ------------------------------ --------- 6/8⠸ Extracting... ------------------------------ --------- 6/8⠴ Extracting... ------------------------------ --------- 6/8⠦ Extracting... ------------------------------ --------- 6/8⠧ Extracting... ------------------------------ --------- 6/8⠏ Extracting... ------------------------------ --------- 6/8⠋ Extracting... ------------------------------ --------- 6/8⠹ Extracting... ------------------------------ --------- 6/8⠸ Extracting... ------------------------------ --------- 6/8⠼ Extracting... ------------------------------ --------- 6/8⠦ Extracting... ------------------------------ --------- 6/8⠧ Extracting... ------------------------------ --------- 6/8⠏ Extracting... ------------------------------ --------- 6/8⠋ Extracting... ------------------------------ --------- 6/8⠙ Extracting... ------------------------------ --------- 6/8⠸ Extracting... ------------------------------ --------- 6/8⠼ Extracting... ------------------------------ --------- 6/8⠴ Extracting... ------------------------------ --------- 6/8⠧ Extracting... ------------------------------ --------- 6/8⠇ Extracting... ------------------------------ --------- 6/8⠋ Extracting... ------------------------------ --------- 6/8⠙ Extracting... ------------------------------ --------- 6/8⠹ Extracting... ------------------------------ --------- 6/8⠼ Extracting... ------------------------------ --------- 6/8⠴ Extracting... ------------------------------ --------- 6/8⠧ Extracting... ------------------------------ --------- 6/8⠇ Extracting... ------------------------------ --------- 6/8⠏ Extracting... ------------------------------ --------- 6/8⠙ Extracting... ------------------------------ --------- 6/8⠹ Extracting... ------------------------------ --------- 6/8⠼ Extracting... ------------------------------ --------- 6/8⠴ Extracting... ------------------------------ --------- 6/8⠦ Extracting... ------------------------------ --------- 6/8⠇ Extracting... ------------------------------ --------- 6/8⠏ Extracting... ------------------------------ --------- 6/8⠋ Extracting... ------------------------------ --------- 6/8⠹ Extracting... ------------------------------ --------- 6/8⠸ Extracting... ------------------------------ --------- 6/8⠴ Extracting... ------------------------------ --------- 6/8⠦ Extracting... ------------------------------ --------- 6/8⠧ Extracting... ------------------------------ --------- 6/8⠏ Extracting... ------------------------------ --------- 6/8⠋ Extracting... ------------------------------ --------- 6/8⠙ Extracting... ------------------------------ --------- 6/8⠸ Extracting... ------------------------------ --------- 6/8⠼ Extracting... ------------------------------ --------- 6/8⠦ Extracting... ------------------------------ --------- 6/8⠧ Extracting... ------------------------------ --------- 6/8⠇ Extracting... ------------------------------ --------- 6/8⠋ Extracting... ------------------------------ --------- 6/8⠙ Extracting... ------------------------------ --------- 6/8⠸ Extracting... ------------------------------ --------- 6/8⠼ Extracting... ------------------------------ --------- 6/8⠴ Extracting... ------------------------------ --------- 6/8⠧ Extracting... ------------------------------ --------- 6/8⠇ Extracting... ------------------------------ --------- 6/8⠋ Extracting... ------------------------------ --------- 6/8⠙ Extracting... ------------------------------ --------- 6/8⠹ Extracting... ------------------------------ --------- 6/8⠼ Extracting... ------------------------------ --------- 6/8⠴ Extracting... ------------------------------ --------- 6/8⠧ Extracting... ------------------------------ --------- 6/8⠇ Extracting... ------------------------------ --------- 6/8⠏ Extracting... ------------------------------ --------- 6/8⠙ Extracting... ------------------------------ --------- 6/8⠹ Extracting... ------------------------------ --------- 6/8⠼ Extracting... ------------------------------ --------- 6/8⠴ Extracting... ------------------------------ --------- 6/8⠦ Extracting... ------------------------------ --------- 6/8⠇ Extracting... ------------------------------ --------- 6/8⠏ Extracting... ------------------------------ --------- 6/8⠙ Extracting... ------------------------------ --------- 6/8⠹ Extracting... ------------------------------ --------- 6/8⠸ Extracting... ------------------------------ --------- 6/8⠴ Extracting... ------------------------------ --------- 6/8⠦ Extracting... ------------------------------ --------- 6/8⠇ Extracting... ------------------------------ --------- 6/8⠏ Extracting... ------------------------------ --------- 6/8⠙ Extracting... ------------------------------ --------- 6/8⠹ Extracting... ------------------------------ --------- 6/8⠸ Extracting... ------------------------------ --------- 6/8⠴ Extracting... ------------------------------ --------- 6/8⠦ Extracting... ------------------------------ --------- 6/8⠧ Extracting... ------------------------------ --------- 6/8⠏ Extracting... ------------------------------ --------- 6/8⠋ Extracting... ------------------------------ --------- 6/8⠹ Extracting... ------------------------------ --------- 6/8⠸ Extracting... ------------------------------ --------- 6/8⠼ Extracting... ------------------------------ --------- 6/8⠦ Extracting... ------------------------------ --------- 6/8⠧ Extracting... ------------------------------ --------- 6/8⠏ Extracting... ------------------------------ --------- 6/8⠋ Extracting... ------------------------------ --------- 6/8⠙ Extracting... ------------------------------ --------- 6/8⠸ Extracting... ------------------------------ --------- 6/8⠼ Extracting... ------------------------------ --------- 6/8⠴ Extracting... ------------------------------ --------- 6/8⠧ Extracting... ------------------------------ --------- 6/8⠇ Extracting... ------------------------------ --------- 6/8⠋ Extracting... ------------------------------ --------- 6/8⠙ Extracting... ------------------------------ --------- 6/8⠹ Extracting... ------------------------------ --------- 6/8⠼ Extracting... ------------------------------ --------- 6/8⠴ Extracting... ------------------------------ --------- 6/8⠦ Extracting... ------------------------------ --------- 6/8⠇ Extracting... ------------------------------ --------- 6/8⠏ Extracting... ------------------------------ --------- 6/8⠙ Extracting... ------------------------------ --------- 6/8⠹ Extracting... ------------------------------ --------- 6/8⠼ Extracting... ------------------------------ --------- 6/8⠴ Extracting... ------------------------------ --------- 6/8⠦ Extracting... ------------------------------ --------- 6/8⠇ Extracting... ------------------------------ --------- 6/8⠏ Extracting... ------------------------------ --------- 6/8⠋ Extracting... ------------------------------ --------- 6/8⠹ Extracting... ------------------------------ --------- 6/8⠸ Extracting... ------------------------------ --------- 6/8⠴ Extracting... ------------------------------ --------- 6/8⠦ Extracting... ------------------------------ --------- 6/8⠧ Extracting... ------------------------------ --------- 6/8⠏ Extracting... ------------------------------ --------- 6/8⠋ Extracting... ------------------------------ --------- 6/8⠹ Extracting... ------------------------------ --------- 6/8⠸ Extracting... ------------------------------ --------- 6/8⠼ Extracting... ------------------------------ --------- 6/8⠦ Extracting... ------------------------------ --------- 6/8⠧ Extracting... ------------------------------ --------- 6/8⠏ Extracting... ------------------------------ --------- 6/8⠋ Extracting... ------------------------------ --------- 6/8⠙ Extracting... ------------------------------ --------- 6/8⠸ Extracting... ------------------------------ --------- 6/8⠼ Extracting... ------------------------------ --------- 6/8⠴ Extracting... ------------------------------ --------- 6/8⠧ Extracting... ------------------------------ --------- 6/8⠇ Extracting... ------------------------------ --------- 6/8⠋ Extracting... ------------------------------ --------- 6/8⠙ Extracting... ------------------------------ --------- 6/8⠹ Extracting... ------------------------------ --------- 6/8⠼ Extracting... ------------------------------ --------- 6/8⠴ Extracting... ------------------------------ --------- 6/8⠧ Extracting... ------------------------------ --------- 6/8⠇ Extracting... ------------------------------ --------- 6/8⠏ Extracting... ------------------------------ --------- 6/8⠙ Extracting... ------------------------------ --------- 6/8⠹ Extracting... ------------------------------ --------- 6/8⠼ Extracting... ------------------------------ --------- 6/8⠴ Extracting... ------------------------------ --------- 6/8⠦ Extracting... ------------------------------ --------- 6/8⠇ Extracting... ------------------------------ --------- 6/8⠏ Extracting... ------------------------------ --------- 6/8⠋ Extracting... ------------------------------ --------- 6/8⠹ Extracting... ------------------------------ --------- 6/8⠸ Extracting... ------------------------------ --------- 6/8⠴ Extracting... ------------------------------ --------- 6/8⠦ Extracting... ------------------------------ --------- 6/8⠧ Extracting... ------------------------------ --------- 6/8⠏ Extracting... ------------------------------ --------- 6/8⠋ Extracting... ------------------------------ --------- 6/8⠹ Extracting... ------------------------------ --------- 6/8⠸ Extracting... ------------------------------ --------- 6/8⠴ Extracting... ------------------------------ --------- 6/8⠦ Extracting... ------------------------------ --------- 6/8⠧ Extracting... ------------------------------ --------- 6/8⠏ Extracting... ------------------------------ --------- 6/8⠋ Extracting... ------------------------------ --------- 6/8⠙ Extracting... ------------------------------ --------- 6/8⠸ Extracting... ------------------------------ --------- 6/8⠼ Extracting... ------------------------------ --------- 6/8⠦ Extracting... ------------------------------ --------- 6/8⠧ Extracting... ------------------------------ --------- 6/8⠏ Extracting... ------------------------------ --------- 6/8⠋ Extracting... ------------------------------ --------- 6/8⠙ Extracting... ------------------------------ --------- 6/8⠸ Extracting... ------------------------------ --------- 6/8⠼ Extracting... ------------------------------ --------- 6/8⠦ Extracting... ------------------------------ --------- 6/8⠧ Extracting... ------------------------------ --------- 6/8⠇ Extracting... ------------------------------ --------- 6/8⠋ Extracting... ------------------------------ --------- 6/8⠙ Extracting... ------------------------------ --------- 6/8⠹ Extracting... ------------------------------ --------- 6/8⠼ Extracting... ------------------------------ --------- 6/8⠴ Extracting... ------------------------------ --------- 6/8⠧ Extracting... ------------------------------ --------- 6/8⠇ Extracting... ------------------------------ --------- 6/8⠏ Extracting... ------------------------------ --------- 6/8⠙ Extracting... ------------------------------ --------- 6/8⠹ Extracting... ------------------------------ --------- 6/8⠸ Extracting... ------------------------------ --------- 6/8⠴ Extracting... ------------------------------ --------- 6/8⠦ Extracting... ------------------------------ --------- 6/8⠇ Extracting... ------------------------------ --------- 6/8⠏ Extracting... ------------------------------ --------- 6/8⠋ Extracting... ------------------------------ --------- 6/8⠹ Extracting... ------------------------------ --------- 6/8⠸ Extracting... ------------------------------ --------- 6/8⠴ Extracting... ------------------------------ --------- 6/8⠦ Extracting... ------------------------------ --------- 6/8⠧ Extracting... ------------------------------ --------- 6/8⠏ Extracting... ------------------------------ --------- 6/8⠋ Extracting... ------------------------------ --------- 6/8⠙ Extracting... ------------------------------ --------- 6/8⠸ Extracting... ------------------------------ --------- 6/8⠼ Extracting... ------------------------------ --------- 6/8⠦ Extracting... ------------------------------ --------- 6/8⠧ Extracting... ------------------------------ --------- 6/8⠇ Extracting... ------------------------------ --------- 6/8⠋ Extracting... ------------------------------ --------- 6/8⠙ Extracting... ------------------------------ --------- 6/8⠸ Extracting... ------------------------------ --------- 6/8⠼ Extracting... ------------------------------ --------- 6/8⠴ Extracting... ------------------------------ --------- 6/8⠧ Extracting... ------------------------------ --------- 6/8⠇ Extracting... ------------------------------ --------- 6/8⠏ Extracting... ------------------------------ --------- 6/8⠙ Extracting... ------------------------------ --------- 6/8⠹ Extracting... ------------------------------ --------- 6/8⠼ Extracting... ------------------------------ --------- 6/8⠴ Extracting... ------------------------------ --------- 6/8⠦ Extracting... ------------------------------ --------- 6/8⠇ Extracting... ------------------------------ --------- 6/8⠏ Extracting... ------------------------------ --------- 6/8⠙ Extracting... ------------------------------ --------- 6/8⠹ Extracting... ------------------------------ --------- 6/8⠸ Extracting... ------------------------------ --------- 6/8⠴ Extracting... ------------------------------ --------- 6/8⠦ Extracting... ------------------------------ --------- 6/8⠧ Extracting... ------------------------------ --------- 6/8⠏ Extracting... ------------------------------ --------- 6/8⠋ Extracting... ------------------------------ --------- 6/8⠹ Extracting... ------------------------------ --------- 6/8⠸ Extracting... ------------------------------ --------- 6/8⠼ Extracting... ------------------------------ --------- 6/8⠦ Extracting... ------------------------------ --------- 6/8⠧ Extracting... ------------------------------ --------- 6/8⠏ Extracting... ------------------------------ --------- 6/8⠋ Extracting... ------------------------------ --------- 6/8⠙ Extracting... ------------------------------ --------- 6/8⠸ Extracting... ------------------------------ --------- 6/8⠼ Extracting... ------------------------------ --------- 6/8⠴ Extracting... ------------------------------ --------- 6/8⠧ Extracting... ------------------------------ --------- 6/8⠇ Extracting... ------------------------------ --------- 6/8⠋ Extracting... ------------------------------ --------- 6/8⠙ Extracting... ------------------------------ --------- 6/8⠹ Extracting... ------------------------------ --------- 6/8⠼ Extracting... ------------------------------ --------- 6/8⠴ Extracting... ------------------------------ --------- 6/8⠧ Extracting... ------------------------------ --------- 6/8⠇ Extracting... ------------------------------ --------- 6/8⠏ Extracting... ------------------------------ --------- 6/8⠙ Extracting... ------------------------------ --------- 6/8⠹ Extracting... ------------------------------ --------- 6/8⠼ Extracting... ------------------------------ --------- 6/8⠴ Extracting... ------------------------------ --------- 6/8⠦ Extracting... ------------------------------ --------- 6/8⠇ Extracting... ------------------------------ --------- 6/8⠏ Extracting... ------------------------------ --------- 6/8⠋ Extracting... ------------------------------ --------- 6/8⠹ Extracting... ------------------------------ --------- 6/8⠸ Extracting... ------------------------------ --------- 6/8⠴ Extracting... ------------------------------ --------- 6/8⠦ Extracting... ------------------------------ --------- 6/8⠧ Extracting... ------------------------------ --------- 6/8⠏ Extracting... ------------------------------ --------- 6/8⠋ Extracting... ------------------------------ --------- 6/8⠙ Extracting... ------------------------------ --------- 6/8⠸ Extracting... ------------------------------ --------- 6/8⠼ Extracting... ------------------------------ --------- 6/8⠦ Extracting... ------------------------------ --------- 6/8⠧ Extracting... ------------------------------ --------- 6/8⠇ Extracting... ------------------------------ --------- 6/8⠋ Extracting... ------------------------------ --------- 6/8⠙ Extracting... ------------------------------ --------- 6/8⠸ Extracting... ------------------------------ --------- 6/8⠼ Extracting... ------------------------------ --------- 6/8⠦ Extracting... ------------------------------ --------- 6/8⠧ Extracting... ------------------------------ --------- 6/8⠇ Extracting... ------------------------------ --------- 6/8⠋ Extracting... ------------------------------ --------- 6/8⠙ Extracting... ------------------------------ --------- 6/8⠸ Extracting... ------------------------------ --------- 6/8⠼ Extracting... ------------------------------ --------- 6/8⠴ Extracting... ------------------------------ --------- 6/8⠧ Extracting... ------------------------------ --------- 6/8⠇ Extracting... ------------------------------ --------- 6/8⠏ Extracting... ------------------------------ --------- 6/8⠙ Extracting... ------------------------------ --------- 6/8⠹ Extracting... ------------------------------ --------- 6/8⠼ Extracting... ------------------------------ --------- 6/8⠴ Extracting... ------------------------------ --------- 6/8⠦ Extracting... ------------------------------ --------- 6/8⠇ Extracting... ------------------------------ --------- 6/8⠏ Extracting... ------------------------------ --------- 6/8⠋ Extracting... ------------------------------ --------- 6/8⠹ Extracting... ------------------------------ --------- 6/8⠸ Extracting... ------------------------------ --------- 6/8⠴ Extracting... ------------------------------ --------- 6/8⠦ Extracting... ------------------------------ --------- 6/8⠧ Extracting... ------------------------------ --------- 6/8⠏ Extracting... ------------------------------ --------- 6/8⠋ Extracting... ------------------------------ --------- 6/8⠙ Extracting... ------------------------------ --------- 6/8⠸ Extracting... ------------------------------ --------- 6/8⠼ Extracting... ------------------------------ --------- 6/8⠦ Extracting... ------------------------------ --------- 6/8⠧ Extracting... ------------------------------ --------- 6/8⠇ Extracting... ------------------------------ --------- 6/8⠋ Extracting... ------------------------------ --------- 6/8⠙ Extracting... ------------------------------ --------- 6/8⠸ Extracting... ------------------------------ --------- 6/8⠼ Extracting... ------------------------------ --------- 6/8⠴ Extracting... ------------------------------ --------- 6/8⠧ Extracting... ------------------------------ --------- 6/8⠇ Extracting... ------------------------------ --------- 6/8⠏ Extracting... ------------------------------ --------- 6/8⠙ Extracting... ------------------------------ --------- 6/8⠹ Extracting... ------------------------------ --------- 6/8⠼ Extracting... ------------------------------ --------- 6/8⠴ Extracting... ------------------------------ --------- 6/8⠦ Extracting... ------------------------------ --------- 6/8⠇ Extracting... ------------------------------ --------- 6/8⠏ Extracting... ------------------------------ --------- 6/8⠙ Extracting... ------------------------------ --------- 6/8⠹ Extracting... ------------------------------ --------- 6/8⠸ Extracting... ------------------------------ --------- 6/8⠴ Extracting... ------------------------------ --------- 6/8⠦ Extracting... ------------------------------ --------- 6/8⠧ Extracting... ------------------------------ --------- 6/8⠏ Extracting... ------------------------------ --------- 6/8⠋ Extracting... ------------------------------ --------- 6/8⠹ Extracting... ------------------------------ --------- 6/8⠸ Extracting... ------------------------------ --------- 6/8⠼ Extracting... ------------------------------ --------- 6/8⠦ Extracting... ------------------------------ --------- 6/8⠧ Extracting... ------------------------------ --------- 6/8⠏ Extracting... ------------------------------ --------- 6/8⠋ Extracting... ------------------------------ --------- 6/8⠙ Extracting... ------------------------------ --------- 6/8⠸ Extracting... ------------------------------ --------- 6/8⠼ Extracting... ------------------------------ --------- 6/8⠦ Extracting... ------------------------------ --------- 6/8⠧ Extracting... ------------------------------ --------- 6/8⠇ Extracting... ------------------------------ --------- 6/8⠋ Extracting... ------------------------------ --------- 6/8⠙ Extracting... ------------------------------ --------- 6/8⠸ Extracting... ------------------------------ --------- 6/8⠼ Extracting... ------------------------------ --------- 6/8⠴ Extracting... ------------------------------ --------- 6/8⠧ Extracting... ------------------------------ --------- 6/8⠇ Extracting... ------------------------------ --------- 6/8⠏ Extracting... ------------------------------ --------- 6/8⠙ Extracting... ------------------------------ --------- 6/8⠹ Extracting... ------------------------------ --------- 6/8⠼ Extracting... ------------------------------ --------- 6/8⠴ Extracting... ------------------------------ --------- 6/8⠦ Extracting... ------------------------------ --------- 6/8⠇ Extracting... ------------------------------ --------- 6/8⠏ Extracting... ------------------------------ --------- 6/8⠋ Extracting... ------------------------------ --------- 6/8⠹ Extracting... ------------------------------ --------- 6/8⠸ Extracting... ------------------------------ --------- 6/8⠴ Extracting... ------------------------------ --------- 6/8⠦ Extracting... ------------------------------ --------- 6/8⠇ Extracting... ------------------------------ --------- 6/8⠏ Extracting... ------------------------------ --------- 6/8⠋ Extracting... ------------------------------ --------- 6/8⠹ Extracting... ------------------------------ --------- 6/8⠸ Extracting... ------------------------------ --------- 6/8⠼ Extracting... ------------------------------ --------- 6/8⠦ Extracting... ------------------------------ --------- 6/8⠧ Extracting... ------------------------------ --------- 6/8⠏ Extracting... ------------------------------ --------- 6/8⠋ Extracting... ------------------------------ --------- 6/8⠙ Extracting... ------------------------------ --------- 6/8⠸ Extracting... ------------------------------ --------- 6/8⠼ Extracting... ------------------------------ --------- 6/8⠦ Extracting... ------------------------------ --------- 6/8⠧ Extracting... ------------------------------ --------- 6/8⠇ Extracting... ------------------------------ --------- 6/8⠋ Extracting... ------------------------------ --------- 6/8⠙ Extracting... ------------------------------ --------- 6/8⠹ Extracting... ------------------------------ --------- 6/8⠼ Extracting... ------------------------------ --------- 6/8⠴ Extracting... ------------------------------ --------- 6/8⠧ Extracting... ------------------------------ --------- 6/8⠇ Extracting... ------------------------------ --------- 6/8⠏ Extracting... ------------------------------ --------- 6/8⠙ Extracting... ------------------------------ --------- 6/8⠹ Extracting... ------------------------------ --------- 6/8⠼ Extracting... ------------------------------ --------- 6/8⠴ Extracting... ------------------------------ --------- 6/8⠦ Extracting... ------------------------------ --------- 6/8⠇ Extracting... ------------------------------ --------- 6/8⠏ Extracting... ------------------------------ --------- 6/8⠋ Extracting... ------------------------------ --------- 6/8⠹ Extracting... ------------------------------ --------- 6/8⠸ Extracting... ------------------------------ --------- 6/8⠴ Extracting... ------------------------------ --------- 6/8⠦ Extracting... ------------------------------ --------- 6/8⠧ Extracting... ------------------------------ --------- 6/8⠏ Extracting... ------------------------------ --------- 6/8⠋ Extracting... ------------------------------ --------- 6/8⠹ Extracting... ------------------------------ --------- 6/8⠸ Extracting... ------------------------------ --------- 6/8⠼ Extracting... ------------------------------ --------- 6/8⠦ Extracting... ------------------------------ --------- 6/8⠧ Extracting... ------------------------------ --------- 6/8⠇ Extracting... ------------------------------ --------- 6/8⠋ Extracting... ------------------------------ --------- 6/8⠙ Extracting... ------------------------------ --------- 6/8⠸ Extracting... ------------------------------ --------- 6/8⠼ Extracting... ------------------------------ --------- 6/8⠴ Extracting... ------------------------------ --------- 6/8⠧ Extracting... ------------------------------ --------- 6/8⠇ Extracting... ------------------------------ --------- 6/8⠋ Extracting... ------------------------------ --------- 6/8⠙ Extracting... ------------------------------ --------- 6/8⠹ Extracting... ------------------------------ --------- 6/8⠼ Extracting... ------------------------------ --------- 6/8⠴ Extracting... ------------------------------ --------- 6/8⠦ Extracting... ------------------------------ --------- 6/8⠇ Extracting... ------------------------------ --------- 6/8⠏ Extracting... ------------------------------ --------- 6/8⠙ Extracting... ------------------------------ --------- 6/8⠹ Extracting... ------------------------------ --------- 6/8⠸ Extracting... ------------------------------ --------- 6/8⠴ Extracting... ------------------------------ --------- 6/8⠦ Extracting... ------------------------------ --------- 6/8⠇ Extracting... ------------------------------ --------- 6/8⠏ Extracting... ------------------------------ --------- 6/8⠋ Extracting... ------------------------------ --------- 6/8⠹ Extracting... ------------------------------ --------- 6/8⠸ Extracting... ------------------------------ --------- 6/8⠼ Extracting... ------------------------------ --------- 6/8⠦ Extracting... ------------------------------ --------- 6/8⠧ Extracting... ------------------------------ --------- 6/8⠏ Extracting... ------------------------------ --------- 6/8⠋ Extracting... ------------------------------ --------- 6/8⠙ Extracting... ------------------------------ --------- 6/8⠸ Extracting... ------------------------------ --------- 6/8⠼ Extracting... ------------------------------ --------- 6/8⠦ Extracting... ------------------------------ --------- 6/8⠧ Extracting... ------------------------------ --------- 6/8⠇ Extracting... ------------------------------ --------- 6/8⠋ Extracting... ------------------------------ --------- 6/8⠙ Extracting... ------------------------------ --------- 6/8⠹ Extracting... ------------------------------ --------- 6/8⠼ Extracting... ------------------------------ --------- 6/8⠴ Extracting... ------------------------------ --------- 6/8⠧ Extracting... ------------------------------ --------- 6/8⠇ Extracting... ------------------------------ --------- 6/8⠏ Extracting... ------------------------------ --------- 6/8⠙ Extracting... ------------------------------ --------- 6/8⠹ Extracting... ------------------------------ --------- 6/8⠼ Extracting... ------------------------------ --------- 6/8⠴ Extracting... ------------------------------ --------- 6/8⠦ Extracting... ------------------------------ --------- 6/8⠇ Extracting... ------------------------------ --------- 6/8⠏ Extracting... ------------------------------ --------- 6/8⠙ Extracting... ------------------------------ --------- 6/8⠹ Extracting... ------------------------------ --------- 6/8⠸ Extracting... ------------------------------ --------- 6/8⠴ Extracting... ------------------------------ --------- 6/8⠦ Extracting... ------------------------------ --------- 6/8⠧ Extracting... ------------------------------ --------- 6/8⠏ Extracting... ------------------------------ --------- 6/8⠋ Extracting... ------------------------------ --------- 6/8⠹ Extracting... ------------------------------ --------- 6/8⠸ Extracting... ------------------------------ --------- 6/8⠼ Extracting... ------------------------------ --------- 6/8⠦ Extracting... ------------------------------ --------- 6/8⠧ Extracting... ------------------------------ --------- 6/8⠇ Extracting... ------------------------------ --------- 6/8⠋ Extracting... ------------------------------ --------- 6/8⠙ Extracting... ------------------------------ --------- 6/8⠸ Extracting... ------------------------------ --------- 6/8⠼ Extracting... ------------------------------ --------- 6/8⠴ Extracting... ------------------------------ --------- 6/8⠧ Extracting... ------------------------------ --------- 6/8⠇ Extracting... ------------------------------ --------- 6/8⠋ Extracting... ------------------------------ --------- 6/8⠙ Extracting... ------------------------------ --------- 6/8⠹ Extracting... ------------------------------ --------- 6/8⠼ Extracting... ------------------------------ --------- 6/8⠴ Extracting... ------------------------------ --------- 6/8⠦ Extracting... ------------------------------ --------- 6/8⠇ Extracting... ------------------------------ --------- 6/8⠏ Extracting... ------------------------------ --------- 6/8⠙ Extracting... ------------------------------ --------- 6/8⠹ Extracting... ------------------------------ --------- 6/8⠸ Extracting... ------------------------------ --------- 6/8⠴ Extracting... ------------------------------ --------- 6/8⠦ Extracting... ------------------------------ --------- 6/8⠇ Extracting... ------------------------------ --------- 6/8⠏ Extracting... ------------------------------ --------- 6/8⠋ Extracting... ------------------------------ --------- 6/8⠹ Extracting... ------------------------------ --------- 6/8⠸ Extracting... ------------------------------ --------- 6/8⠼ Extracting... ------------------------------ --------- 6/8⠦ Extracting... ------------------------------ --------- 6/8⠧ Extracting... ------------------------------ --------- 6/8⠏ Extracting... ------------------------------ --------- 6/8⠋ Extracting... ------------------------------ --------- 6/8⠙ Extracting... ------------------------------ --------- 6/8⠸ Extracting... ------------------------------ --------- 6/8⠼ Extracting... ------------------------------ --------- 6/8⠦ Extracting... ------------------------------ --------- 6/8⠧ Extracting... ------------------------------ --------- 6/8⠇ Extracting... ------------------------------ --------- 6/8⠋ Extracting... ------------------------------ --------- 6/8⠙ Extracting... ------------------------------ --------- 6/8⠹ Extracting... ------------------------------ --------- 6/8⠼ Extracting... ------------------------------ --------- 6/8⠴ Extracting... ------------------------------ --------- 6/8⠧ Extracting... ------------------------------ --------- 6/8⠇ Extracting... ------------------------------ --------- 6/8⠏ Extracting... ------------------------------ --------- 6/8⠙ Extracting... ------------------------------ --------- 6/8⠹ Extracting... ------------------------------ --------- 6/8⠼ Extracting... ------------------------------ --------- 6/8⠴ Extracting... ------------------------------ --------- 6/8⠦ Extracting... ------------------------------ --------- 6/8⠇ Extracting... ------------------------------ --------- 6/8⠏ Extracting... ------------------------------ --------- 6/8⠋ Extracting... ------------------------------ --------- 6/8⠹ Extracting... ------------------------------ --------- 6/8⠸ Extracting... ------------------------------ --------- 6/8⠴ Extracting... ------------------------------ --------- 6/8⠦ Extracting... ------------------------------ --------- 6/8⠧ Extracting... ------------------------------ --------- 6/8⠏ Extracting... ------------------------------ --------- 6/8⠋ Extracting... ------------------------------ --------- 6/8⠹ Extracting... ------------------------------ --------- 6/8⠸ Extracting... ------------------------------ --------- 6/8⠼ Extracting... ------------------------------ --------- 6/8⠦ Extracting... ------------------------------ --------- 6/8⠧ Extracting... ------------------------------ --------- 6/8⠏ Extracting... ------------------------------ --------- 6/8⠋ Extracting... ------------------------------ --------- 6/8⠙ Extracting... ------------------------------ --------- 6/8⠸ Extracting... ------------------------------ --------- 6/8⠼ Extracting... ------------------------------ --------- 6/8⠦ Extracting... ------------------------------ --------- 6/8⠧ Extracting... ------------------------------ --------- 6/8⠏ Extracting... ------------------------------ --------- 6/8⠋ Extracting... ------------------------------ --------- 6/8⠙ Extracting... ------------------------------ --------- 6/8⠸ Extracting... ------------------------------ --------- 6/8⠼ Extracting... ------------------------------ --------- 6/8⠴ Extracting... ------------------------------ --------- 6/8⠧ Extracting... ------------------------------ --------- 6/8⠇ Extracting... ------------------------------ --------- 6/8⠋ Extracting... ------------------------------ --------- 6/8⠙ Extracting... ------------------------------ --------- 6/8⠹ Extracting... ------------------------------ --------- 6/8⠼ Extracting... ------------------------------ --------- 6/8⠴ Extracting... ------------------------------ --------- 6/8⠧ Extracting... ------------------------------ --------- 6/8⠇ Extracting... ------------------------------ --------- 6/8⠏ Extracting... ------------------------------ --------- 6/8⠙ Extracting... ------------------------------ --------- 6/8⠹ Extracting... ------------------------------ --------- 6/8⠸ Extracting... ------------------------------ --------- 6/8⠴ Extracting... ------------------------------ --------- 6/8⠦ Extracting... ------------------------------ --------- 6/8⠇ Extracting... ------------------------------ --------- 6/8⠏ Extracting... ------------------------------ --------- 6/8⠋ Extracting... ------------------------------ --------- 6/8⠹ Extracting... ------------------------------ --------- 6/8⠸ Extracting... ------------------------------ --------- 6/8⠴ Extracting... ------------------------------ --------- 6/8⠦ Extracting... ------------------------------ --------- 6/8⠧ Extracting... ------------------------------ --------- 6/8⠏ Extracting... ------------------------------ --------- 6/8⠋ Extracting... ------------------------------ --------- 6/8⠙ Extracting... ------------------------------ --------- 6/8⠸ Extracting... ------------------------------ --------- 6/8⠼ Extracting... ------------------------------ --------- 6/8⠦ Extracting... ------------------------------ --------- 6/8⠧ Extracting... ------------------------------ --------- 6/8⠇ Extracting... ------------------------------ --------- 6/8⠋ Extracting... ------------------------------ --------- 6/8⠙ Extracting... ------------------------------ --------- 6/8⠸ Extracting... ------------------------------ --------- 6/8⠼ Extracting... ------------------------------ --------- 6/8⠴ Extracting... ------------------------------ --------- 6/8⠧ Extracting... ------------------------------ --------- 6/8⠇ Extracting... ------------------------------ --------- 6/8⠏ Extracting... ------------------------------ --------- 6/8⠙ Extracting... ------------------------------ --------- 6/8⠹ Extracting... ------------------------------ --------- 6/8⠼ Extracting... ------------------------------ --------- 6/8⠴ Extracting... ------------------------------ --------- 6/8⠦ Extracting... ------------------------------ --------- 6/8⠇ Extracting... ------------------------------ --------- 6/8⠏ Extracting... ------------------------------ --------- 6/8⠙ Extracting... ------------------------------ --------- 6/8⠹ Extracting... ------------------------------ --------- 6/8⠸ Extracting... ------------------------------ --------- 6/8⠴ Extracting... ------------------------------ --------- 6/8⠦ Extracting... ------------------------------ --------- 6/8⠧ Extracting... ------------------------------ --------- 6/8⠏ Extracting... ------------------------------ --------- 6/8⠋ Extracting... ------------------------------ --------- 6/8⠹ Extracting... ------------------------------ --------- 6/8⠸ Extracting... ------------------------------ --------- 6/8⠼ Extracting... ------------------------------ --------- 6/8⠦ Extracting... ------------------------------ --------- 6/8⠧ Extracting... ------------------------------ --------- 6/8⠏ Extracting... ------------------------------ --------- 6/8⠋ Extracting... ------------------------------ --------- 6/8⠙ Extracting... ------------------------------ --------- 6/8⠸ Extracting... ------------------------------ --------- 6/8⠼ Extracting... ------------------------------ --------- 6/8⠴ Extracting... ------------------------------ --------- 6/8⠧ Extracting... ------------------------------ --------- 6/8⠇ Extracting... ------------------------------ --------- 6/8⠋ Extracting... ------------------------------ --------- 6/8⠙ Extracting... ------------------------------ --------- 6/8⠹ Extracting... ------------------------------ --------- 6/8⠼ Extracting... ------------------------------ --------- 6/8⠴ Extracting... ------------------------------ --------- 6/8⠧ Extracting... ------------------------------ --------- 6/8⠇ Extracting... ------------------------------ --------- 6/8⠏ Extracting... ------------------------------ --------- 6/8⠙ Extracting... ------------------------------ --------- 6/8⠹ Extracting... ------------------------------ --------- 6/8⠼ Extracting... ------------------------------ --------- 6/8⠴ Extracting... ------------------------------ --------- 6/8⠧ Extracting... ------------------------------ --------- 6/8⠇ Extracting... ------------------------------ --------- 6/8⠏ Extracting... ------------------------------ --------- 6/8⠙ Extracting... ------------------------------ --------- 6/8⠹ Extracting... ------------------------------ --------- 6/8⠼ Extracting... ------------------------------ --------- 6/8⠴ Extracting... ------------------------------ --------- 6/8⠦ Extracting... ------------------------------ --------- 6/8⠇ Extracting... ------------------------------ --------- 6/8⠏ Extracting... ------------------------------ --------- 6/8⠋ Extracting... ------------------------------ --------- 6/8⠹ Extracting... ------------------------------ --------- 6/8⠸ Extracting... ------------------------------ --------- 6/8⠴ Extracting... ------------------------------ --------- 6/8⠦ Extracting... ------------------------------ --------- 6/8⠧ Extracting... ------------------------------ --------- 6/8⠏ Extracting... ------------------------------ --------- 6/8⠋ Extracting... ------------------------------ --------- 6/8⠙ Extracting... ------------------------------ --------- 6/8⠸ Extracting... ------------------------------ --------- 6/8⠼ Extracting... ------------------------------ --------- 6/8⠦ Extracting... ------------------------------ --------- 6/8⠧ Extracting... ------------------------------ --------- 6/8⠇ Extracting... ------------------------------ --------- 6/8⠋ Extracting... ------------------------------ --------- 6/8⠙ Extracting... ------------------------------ --------- 6/8⠸ Extracting... ------------------------------ --------- 6/8⠼ Extracting... ------------------------------ --------- 6/8⠴ Extracting... ------------------------------ --------- 6/8⠧ Extracting... ------------------------------ --------- 6/8⠇ Extracting... ------------------------------ --------- 6/8⠋ Extracting... ------------------------------ --------- 6/8⠙ Extracting... ------------------------------ --------- 6/8⠹ Extracting... ------------------------------ --------- 6/8⠼ Extracting... ------------------------------ --------- 6/8⠴ Extracting... ------------------------------ --------- 6/8⠦ Extracting... ------------------------------ --------- 6/8⠇ Extracting... ------------------------------ --------- 6/8⠏ Extracting... ------------------------------ --------- 6/8⠙ Extracting... ------------------------------ --------- 6/8⠹ Extracting... ------------------------------ --------- 6/8⠸ Extracting... ------------------------------ --------- 6/8⠴ Extracting... ------------------------------ --------- 6/8⠦ Extracting... ------------------------------ --------- 6/8⠇ Extracting... ------------------------------ --------- 6/8⠏ Extracting... ------------------------------ --------- 6/8⠋ Extracting... ------------------------------ --------- 6/8⠹ Extracting... ------------------------------ --------- 6/8⠸ Extracting... ------------------------------ --------- 6/8⠴ Extracting... ------------------------------ --------- 6/8⠦ Extracting... ------------------------------ --------- 6/8⠧ Extracting... ------------------------------ --------- 6/8⠏ Extracting... ------------------------------ --------- 6/8⠋ Extracting... ------------------------------ --------- 6/8⠹ Extracting... ------------------------------ --------- 6/8⠸ Extracting... ------------------------------ --------- 6/8⠼ Extracting... ------------------------------ --------- 6/8⠦ Extracting... ------------------------------ --------- 6/8⠧ Extracting... ------------------------------ --------- 6/8⠇ Extracting... ------------------------------ --------- 6/8⠋ Extracting... ------------------------------ --------- 6/8⠙ Extracting... ------------------------------ --------- 6/8⠸ Extracting... ------------------------------ --------- 6/8⠼ Extracting... ------------------------------ --------- 6/8⠴ Extracting... ------------------------------ --------- 6/8⠧ Extracting... ------------------------------ --------- 6/8⠇ Extracting... ------------------------------ --------- 6/8⠋ Extracting... ------------------------------ --------- 6/8⠙ Extracting... ------------------------------ --------- 6/8⠹ Extracting... ------------------------------ --------- 6/8⠼ Extracting... ------------------------------ --------- 6/8⠴ Extracting... ------------------------------ --------- 6/8⠦ Extracting... ------------------------------ --------- 6/8⠇ Extracting... ------------------------------ --------- 6/8⠏ Extracting... ------------------------------ --------- 6/8⠙ Extracting... ------------------------------ --------- 6/8⠹ Extracting... ------------------------------ --------- 6/8⠸ Extracting... ------------------------------ --------- 6/8⠴ Extracting... ------------------------------ --------- 6/8⠦ Extracting... ------------------------------ --------- 6/8⠇ Extracting... ------------------------------ --------- 6/8⠏ Extracting... ------------------------------ --------- 6/8⠋ Extracting... ------------------------------ --------- 6/8⠹ Extracting... ------------------------------ --------- 6/8⠸ Extracting... ------------------------------ --------- 6/8⠴ Extracting... ------------------------------ --------- 6/8⠦ Extracting... ------------------------------ --------- 6/8⠧ Extracting... ------------------------------ --------- 6/8⠏ Extracting... ------------------------------ --------- 6/8⠋ Extracting... ------------------------------ --------- 6/8⠹ Extracting... ------------------------------ --------- 6/8⠸ Extracting... ------------------------------ --------- 6/8⠼ Extracting... ------------------------------ --------- 6/8⠦ Extracting... ------------------------------ --------- 6/8⠧ Extracting... ------------------------------ --------- 6/8⠇ Extracting... ------------------------------ --------- 6/8⠋ Extracting... ------------------------------ --------- 6/8⠙ Extracting... ------------------------------ --------- 6/8⠸ Extracting... ------------------------------ --------- 6/8⠼ Extracting... ------------------------------ --------- 6/8⠴ Extracting... ------------------------------ --------- 6/8⠧ Extracting... ------------------------------ --------- 6/8⠇ Extracting... ------------------------------ --------- 6/8⠋ Extracting... ------------------------------ --------- 6/8⠙ Extracting... ------------------------------ --------- 6/8⠹ Extracting... ------------------------------ --------- 6/8⠼ Extracting... ------------------------------ --------- 6/8⠴ Extracting... ------------------------------ --------- 6/8⠧ Extracting... ------------------------------ --------- 6/8⠇ Extracting... ------------------------------ --------- 6/8⠏ Extracting... ------------------------------ --------- 6/8⠙ Extracting... ------------------------------ --------- 6/8⠹ Extracting... ------------------------------ --------- 6/8⠸ Extracting... ------------------------------ --------- 6/8⠴ Extracting... ------------------------------ --------- 6/8⠦ Extracting... ------------------------------ --------- 6/8⠇ Extracting... ------------------------------ --------- 6/8⠏ Extracting... ------------------------------ --------- 6/8⠋ Extracting... ------------------------------ --------- 6/8⠹ Extracting... ------------------------------ --------- 6/8⠸ Extracting... ------------------------------ --------- 6/8⠴ Extracting... ------------------------------ --------- 6/8⠦ Extracting... ------------------------------ --------- 6/8⠧ Extracting... ------------------------------ --------- 6/8⠏ Extracting... ------------------------------ --------- 6/8⠋ Extracting... ------------------------------ --------- 6/8⠹ Extracting... ------------------------------ --------- 6/8⠸ Extracting... ------------------------------ --------- 6/8⠼ Extracting... ------------------------------ --------- 6/8⠦ Extracting... ------------------------------ --------- 6/8⠧ Extracting... ------------------------------ --------- 6/8⠇ Extracting... ------------------------------ --------- 6/8⠋ Extracting... ------------------------------ --------- 6/8⠙ Extracting... ------------------------------ --------- 6/8⠸ Extracting... ------------------------------ --------- 6/8⠼ Extracting... ------------------------------ --------- 6/8⠴ Extracting... ------------------------------ --------- 6/8⠧ Extracting... ------------------------------ --------- 6/8⠇ Extracting... ------------------------------ --------- 6/8⠋ Extracting... ------------------------------ --------- 6/8⠙ Extracting... ------------------------------ --------- 6/8⠹ Extracting... ------------------------------ --------- 6/8⠼ Extracting... ------------------------------ --------- 6/8⠴ Extracting... ------------------------------ --------- 6/8⠦ Extracting... ------------------------------ --------- 6/8⠇ Extracting... ------------------------------ --------- 6/8⠏ Extracting... ------------------------------ --------- 6/8⠙ Extracting... ------------------------------ --------- 6/8⠹ Extracting... ------------------------------ --------- 6/8⠸ Extracting... ------------------------------ --------- 6/8⠴ Extracting... ------------------------------ --------- 6/8⠦ Extracting... ------------------------------ --------- 6/8⠇ Extracting... ------------------------------ --------- 6/8⠏ Extracting... ------------------------------ --------- 6/8⠋ Extracting... ------------------------------ --------- 6/8⠹ Extracting... ------------------------------ --------- 6/8⠸ Extracting... ------------------------------ --------- 6/8⠼ Extracting... ------------------------------ --------- 6/8⠦ Extracting... ------------------------------ --------- 6/8⠧ Extracting... ------------------------------ --------- 6/8⠏ Extracting... ------------------------------ --------- 6/8⠋ Extracting... ------------------------------ --------- 6/8⠙ Extracting... ------------------------------ --------- 6/8⠸ Extracting... ------------------------------ --------- 6/8⠼ Extracting... ------------------------------ --------- 6/8⠦ Extracting... ------------------------------ --------- 6/8⠧ Extracting... ------------------------------ --------- 6/8⠇ Extracting... ------------------------------ --------- 6/8⠋ Extracting... ------------------------------ --------- 6/8⠙ Extracting... ------------------------------ --------- 6/8⠹ Extracting... ------------------------------ --------- 6/8⠼ Extracting... ------------------------------ --------- 6/8⠴ Extracting... ------------------------------ --------- 6/8⠧ Extracting... ------------------------------ --------- 6/8⠇ Extracting... ------------------------------ --------- 6/8⠏ Extracting... ------------------------------ --------- 6/8⠙ Extracting... ------------------------------ --------- 6/8⠹ Extracting... ------------------------------ --------- 6/8⠼ Extracting... ------------------------------ --------- 6/8⠴ Extracting... ------------------------------ --------- 6/8⠦ Extracting... ------------------------------ --------- 6/8⠇ Extracting... ------------------------------ --------- 6/8⠏ Extracting... ------------------------------ --------- 6/8⠋ Extracting... ------------------------------ --------- 6/8⠹ Extracting... ------------------------------ --------- 6/8⠸ Extracting... ------------------------------ --------- 6/8⠴ Extracting... ------------------------------ --------- 6/8⠦ Extracting... ------------------------------ --------- 6/8⠧ Extracting... ------------------------------ --------- 6/8⠏ Extracting... ------------------------------ --------- 6/8⠋ Extracting... ------------------------------ --------- 6/8⠹ Extracting... ------------------------------ --------- 6/8⠸ Extracting... ------------------------------ --------- 6/8⠼ Extracting... ------------------------------ --------- 6/8⠦ Extracting... ------------------------------ --------- 6/8⠧ Extracting... ------------------------------ --------- 6/8⠇ Extracting... ------------------------------ --------- 6/8⠋ Extracting... ------------------------------ --------- 6/8⠙ Extracting... ------------------------------ --------- 6/8⠸ Extracting... ------------------------------ --------- 6/8⠼ Extracting... ------------------------------ --------- 6/8⠴ Extracting... ------------------------------ --------- 6/8⠧ Extracting... ------------------------------ --------- 6/8⠇ Extracting... ------------------------------ --------- 6/8⠋ Extracting... ------------------------------ --------- 6/8⠙ Extracting... ------------------------------ --------- 6/8⠹ Extracting... ------------------------------ --------- 6/8⠼ Extracting... ------------------------------ --------- 6/8⠴ Extracting... ------------------------------ --------- 6/8⠦ Extracting... ------------------------------ --------- 6/8⠇ Extracting... ------------------------------ --------- 6/8⠏ Extracting... ------------------------------ --------- 6/8⠙ Extracting... ------------------------------ --------- 6/8⠹ Extracting... ------------------------------ --------- 6/8⠸ Extracting... ------------------------------ --------- 6/8⠴ Extracting... ------------------------------ --------- 6/8⠦ Extracting... ------------------------------ --------- 6/8⠇ Extracting... ------------------------------ --------- 6/8⠏ Extracting... ------------------------------ --------- 6/8⠋ Extracting... ------------------------------ --------- 6/8⠹ Extracting... ------------------------------ --------- 6/8⠸ Extracting... ------------------------------ --------- 6/8⠼ Extracting... ------------------------------ --------- 6/8⠦ Extracting... ------------------------------ --------- 6/8⠧ Extracting... ------------------------------ --------- 6/8⠏ Extracting... ------------------------------ --------- 6/8⠋ Extracting... ------------------------------ --------- 6/8⠙ Extracting... ------------------------------ --------- 6/8⠸ Extracting... ------------------------------ --------- 6/8⠼ Extracting... ------------------------------ --------- 6/8⠦ Extracting... ------------------------------ --------- 6/8⠧ Extracting... ------------------------------ --------- 6/8⠇ Extracting... ------------------------------ --------- 6/8⠋ Extracting... ------------------------------ --------- 6/8⠙ Extracting... ------------------------------ --------- 6/8⠸ Extracting... ------------------------------ --------- 6/8⠼ Extracting... ------------------------------ --------- 6/8⠴ Extracting... ------------------------------ --------- 6/8⠧ Extracting... ------------------------------ --------- 6/8⠇ Extracting... ------------------------------ --------- 6/8⠋ Extracting... ------------------------------ --------- 6/8⠙ Extracting... ------------------------------ --------- 6/8⠹ Extracting... ------------------------------ --------- 6/8⠼ Extracting... ------------------------------ --------- 6/8⠴ Extracting... ------------------------------ --------- 6/8⠧ Extracting... ------------------------------ --------- 6/8⠇ Extracting... ------------------------------ --------- 6/8⠏ Extracting... ------------------------------ --------- 6/8⠙ Extracting... ------------------------------ --------- 6/8⠹ Extracting... ------------------------------ --------- 6/8⠸ Extracting... ------------------------------ --------- 6/8⠴ Extracting... ------------------------------ --------- 6/8⠦ Extracting... ------------------------------ --------- 6/8⠇ Extracting... ------------------------------ --------- 6/8⠏ Extracting... ------------------------------ --------- 6/8⠋ Extracting... ------------------------------ --------- 6/8⠹ Extracting... ------------------------------ --------- 6/8⠸ Extracting... ------------------------------ --------- 6/8⠼ Extracting... ------------------------------ --------- 6/8⠦ Extracting... ------------------------------ --------- 6/8⠧ Extracting... ------------------------------ --------- 6/8⠏ Extracting... ------------------------------ --------- 6/8⠋ Extracting... ------------------------------ --------- 6/8⠙ Extracting... ------------------------------ --------- 6/8⠸ Extracting... ------------------------------ --------- 6/8⠼ Extracting... ------------------------------ --------- 6/8⠦ Extracting... ------------------------------ --------- 6/8⠧ Extracting... ------------------------------ --------- 6/8⠇ Extracting... ------------------------------ --------- 6/8⠋ Extracting... ------------------------------ --------- 6/8⠙ Extracting... ------------------------------ --------- 6/8⠸ Extracting... ------------------------------ --------- 6/8⠼ Extracting... ------------------------------ --------- 6/8⠴ Extracting... ------------------------------ --------- 6/8⠧ Extracting... ------------------------------ --------- 6/8⠇ Extracting... ------------------------------ --------- 6/8⠏ Extracting... ------------------------------ --------- 6/8⠙ Extracting... ------------------------------ --------- 6/8⠹ Extracting... ------------------------------ --------- 6/8⠼ Extracting... ------------------------------ --------- 6/8⠴ Extracting... ------------------------------ --------- 6/8⠦ Extracting... ------------------------------ --------- 6/8⠇ Extracting... ------------------------------ --------- 6/8⠏ Extracting... ------------------------------ --------- 6/8⠙ Extracting... ------------------------------ --------- 6/8⠹ Extracting... ------------------------------ --------- 6/8⠸ Extracting... ------------------------------ --------- 6/8⠴ Extracting... ------------------------------ --------- 6/8⠦ Extracting... ------------------------------ --------- 6/8⠇ Extracting... ------------------------------ --------- 6/8⠏ Extracting... ------------------------------ --------- 6/8⠋ Extracting... ------------------------------ --------- 6/8⠹ Extracting... ------------------------------ --------- 6/8⠸ Extracting... ------------------------------ --------- 6/8⠼ Extracting... ------------------------------ --------- 6/8⠦ Extracting... ------------------------------ --------- 6/8⠧ Extracting... ------------------------------ --------- 6/8⠏ Extracting... ------------------------------ --------- 6/8⠋ Extracting... ------------------------------ --------- 6/8⠙ Extracting... ------------------------------ --------- 6/8⠸ Extracting... ------------------------------ --------- 6/8⠼ Extracting... ------------------------------ --------- 6/8⠦ Extracting... ------------------------------ --------- 6/8⠧ Extracting... ------------------------------ --------- 6/8⠇ Extracting... ------------------------------ --------- 6/8⠋ Extracting... ------------------------------ --------- 6/8⠙ Extracting... ------------------------------ --------- 6/8⠹ Extracting... ------------------------------ --------- 6/8⠼ Extracting... ------------------------------ --------- 6/8⠴ Extracting... ------------------------------ --------- 6/8⠧ Extracting... ------------------------------ --------- 6/8⠇ Extracting... ------------------------------ --------- 6/8⠏ Extracting... ------------------------------ --------- 6/8⠙ Extracting... ------------------------------ --------- 6/8⠹ Extracting... ------------------------------ --------- 6/8⠼ Extracting... ------------------------------ --------- 6/8⠴ Extracting... ------------------------------ --------- 6/8⠦ Extracting... ------------------------------ --------- 6/8⠇ Extracting... ------------------------------ --------- 6/8⠏ Extracting... ------------------------------ --------- 6/8⠙ Extracting... ------------------------------ --------- 6/8⠹ Extracting... ------------------------------ --------- 6/8⠸ Extracting... ------------------------------ --------- 6/8⠴ Extracting... ------------------------------ --------- 6/8⠦ Extracting... ------------------------------ --------- 6/8⠧ Extracting... ------------------------------ --------- 6/8⠏ Extracting... ------------------------------ --------- 6/8⠋ Extracting... ------------------------------ --------- 6/8⠹ Extracting... ------------------------------ --------- 6/8⠸ Extracting... ------------------------------ --------- 6/8⠼ Extracting... ------------------------------ --------- 6/8⠦ Extracting... ------------------------------ --------- 6/8⠧ Extracting... ------------------------------ --------- 6/8⠏ Extracting... ------------------------------ --------- 6/8⠋ Extracting... ------------------------------ --------- 6/8⠙ Extracting... ------------------------------ --------- 6/8⠸ Extracting... ------------------------------ --------- 6/8⠼ Extracting... ------------------------------ --------- 6/8⠦ Extracting... ------------------------------ --------- 6/8⠧ Extracting... ------------------------------ --------- 6/8⠇ Extracting... ------------------------------ --------- 6/8⠋ Extracting... ------------------------------ --------- 6/8⠙ Extracting... ------------------------------ --------- 6/8⠹ Extracting... ------------------------------ --------- 6/8⠼ Extracting... ------------------------------ --------- 6/8⠴ Extracting... ------------------------------ --------- 6/8⠧ Extracting... ------------------------------ --------- 6/8⠇ Extracting... ------------------------------ --------- 6/8⠏ Extracting... ------------------------------ --------- 6/8⠙ Extracting... ------------------------------ --------- 6/8⠹ Extracting... ------------------------------ --------- 6/8⠼ Extracting... ------------------------------ --------- 6/8⠴ Extracting... ------------------------------ --------- 6/8⠦ Extracting... ------------------------------ --------- 6/8⠇ Extracting... ------------------------------ --------- 6/8⠏ Extracting... ------------------------------ --------- 6/8⠋ Extracting... ------------------------------ --------- 6/8⠹ Extracting... ------------------------------ --------- 6/8⠸ Extracting... ------------------------------ --------- 6/8⠴ Extracting... ------------------------------ --------- 6/8⠦ Extracting... ------------------------------ --------- 6/8⠧ Extracting... ------------------------------ --------- 6/8⠏ Extracting... ------------------------------ --------- 6/8⠋ Extracting... ------------------------------ --------- 6/8⠹ Extracting... ------------------------------ --------- 6/8⠸ Extracting... ------------------------------ --------- 6/8⠼ Extracting... ------------------------------ --------- 6/8⠦ Extracting... ------------------------------ --------- 6/8⠧ Extracting... ------------------------------ --------- 6/8⠇ Extracting... ------------------------------ --------- 6/8⠋ Extracting... ------------------------------ --------- 6/8⠙ Extracting... ------------------------------ --------- 6/8⠸ Extracting... ------------------------------ --------- 6/8⠼ Extracting... ------------------------------ --------- 6/8⠴ Extracting... ------------------------------ --------- 6/8⠧ Extracting... ------------------------------ --------- 6/8⠇ Extracting... ------------------------------ --------- 6/8⠏ Extracting... ------------------------------ --------- 6/8⠙ Extracting... ------------------------------ --------- 6/8⠹ Extracting... ------------------------------ --------- 6/8⠼ Extracting... ------------------------------ --------- 6/8⠴ Extracting... ------------------------------ --------- 6/8⠦ Extracting... ------------------------------ --------- 6/8⠇ Extracting... ------------------------------ --------- 6/8⠏ Extracting... ------------------------------ --------- 6/8⠙ Extracting... ------------------------------ --------- 6/8⠹ Extracting... ------------------------------ --------- 6/8⠸ Extracting... ------------------------------ --------- 6/8⠴ Extracting... ------------------------------ --------- 6/8⠦ Extracting... ------------------------------ --------- 6/8⠧ Extracting... ------------------------------ --------- 6/8⠏ Extracting... ------------------------------ --------- 6/8⠋ Extracting... ------------------------------ --------- 6/8⠹ Extracting... ------------------------------ --------- 6/8⠸ Extracting... ------------------------------ --------- 6/8⠼ Extracting... ------------------------------ --------- 6/8⠦ Extracting... ------------------------------ --------- 6/8⠧ Extracting... ------------------------------ --------- 6/8⠏ Extracting... ------------------------------ --------- 6/8⠋ Extracting... ------------------------------ --------- 6/8⠙ Extracting... ------------------------------ --------- 6/8⠸ Extracting... ------------------------------ --------- 6/8⠼ Extracting... ------------------------------ --------- 6/8⠦ Extracting... ------------------------------ --------- 6/8⠧ Extracting... ------------------------------ --------- 6/8⠇ Extracting... ------------------------------ --------- 6/8⠋ Extracting... ------------------------------ --------- 6/8⠙ Extracting... ------------------------------ --------- 6/8⠹ Extracting... ------------------------------ --------- 6/8⠼ Extracting... ------------------------------ --------- 6/8⠴ Extracting... ------------------------------ --------- 6/8⠧ Extracting... ------------------------------ --------- 6/8⠇ Extracting... ------------------------------ --------- 6/8⠏ Extracting... ------------------------------ --------- 6/8⠙ Extracting... ------------------------------ --------- 6/8⠹ Extracting... ------------------------------ --------- 6/8⠼ Extracting... ------------------------------ --------- 6/8⠴ Extracting... ------------------------------ --------- 6/8⠦ Extracting... ------------------------------ --------- 6/8⠇ Extracting... ------------------------------ --------- 6/8⠏ Extracting... ------------------------------ --------- 6/8⠋ Extracting... ------------------------------ --------- 6/8⠹ Extracting... ------------------------------ --------- 6/8⠸ Extracting... ------------------------------ --------- 6/8⠴ Extracting... ------------------------------ --------- 6/8⠦ Extracting... ------------------------------ --------- 6/8⠧ Extracting... ------------------------------ --------- 6/8⠏ Extracting... ------------------------------ --------- 6/8⠋ Extracting... ------------------------------ --------- 6/8⠹ Extracting... ------------------------------ --------- 6/8⠸ Extracting... ------------------------------ --------- 6/8⠼ Extracting... ------------------------------ --------- 6/8⠦ Extracting... ------------------------------ --------- 6/8⠧ Extracting... ------------------------------ --------- 6/8⠏ Extracting... ------------------------------ --------- 6/8⠋ Extracting... ------------------------------ --------- 6/8⠙ Extracting... ------------------------------ --------- 6/8⠸ Extracting... ------------------------------ --------- 6/8⠼ Extracting... ------------------------------ --------- 6/8⠦ Extracting... ------------------------------ --------- 6/8⠧ Extracting... ------------------------------ --------- 6/8⠇ Extracting... ------------------------------ --------- 6/8⠋ Extracting... ------------------------------ --------- 6/8⠙ Extracting... ------------------------------ --------- 6/8⠹ Extracting... ------------------------------ --------- 6/8⠼ Extracting... ------------------------------ --------- 6/8⠴ Extracting... ------------------------------ --------- 6/8⠧ Extracting... ------------------------------ --------- 6/8⠇ Extracting... ------------------------------ --------- 6/8⠏ Extracting... ------------------------------ --------- 6/8⠙ Extracting... ------------------------------ --------- 6/8⠹ Extracting... ------------------------------ --------- 6/8⠼ Extracting... ------------------------------ --------- 6/8⠴ Extracting... ------------------------------ --------- 6/8⠦ Extracting... ------------------------------ --------- 6/8⠇ Extracting... ------------------------------ --------- 6/8⠏ Extracting... ------------------------------ --------- 6/8⠙ Extracting... ------------------------------ --------- 6/8⠹ Extracting... ------------------------------ --------- 6/8⠸ Extracting... ------------------------------ --------- 6/8⠴ Extracting... ------------------------------ --------- 6/8⠦ Extracting... ------------------------------ --------- 6/8⠧ Extracting... ------------------------------ --------- 6/8⠏ Extracting... ------------------------------ --------- 6/8⠋ Extracting... ------------------------------ --------- 6/8⠹ Extracting... ------------------------------ --------- 6/8⠸ Extracting... ------------------------------ --------- 6/8⠼ Extracting... ------------------------------ --------- 6/8⠦ Extracting... ------------------------------ --------- 6/8⠧ Extracting... ------------------------------ --------- 6/8⠇ Extracting... ------------------------------ --------- 6/8⠋ Extracting... ------------------------------ --------- 6/8⠙ Extracting... ------------------------------ --------- 6/8⠸ Extracting... ------------------------------ --------- 6/8⠼ Extracting... ------------------------------ --------- 6/8⠴ Extracting... ------------------------------ --------- 6/8⠧ Extracting... ------------------------------ --------- 6/8⠇ Extracting... ------------------------------ --------- 6/8⠋ Extracting... ------------------------------ --------- 6/8⠙ Extracting... ------------------------------ --------- 6/8⠹ Extracting... ------------------------------ --------- 6/8⠼ Extracting... ------------------------------ --------- 6/8⠴ Extracting... ------------------------------ --------- 6/8⠧ Extracting... ------------------------------ --------- 6/8⠇ Extracting... ------------------------------ --------- 6/8⠏ Extracting... ------------------------------ --------- 6/8⠙ Extracting... ------------------------------ --------- 6/8⠹ Extracting... ------------------------------ --------- 6/8⠸ Extracting... ------------------------------ --------- 6/8⠴ Extracting... ------------------------------ --------- 6/8⠦ Extracting... ------------------------------ --------- 6/8⠇ Extracting... ------------------------------ --------- 6/8⠏ Extracting... ------------------------------ --------- 6/8⠋ Extracting... ------------------------------ --------- 6/8⠹ Extracting... ------------------------------ --------- 6/8⠸ Extracting... ------------------------------ --------- 6/8⠼ Extracting... ------------------------------ --------- 6/8⠦ Extracting... ------------------------------ --------- 6/8⠧ Extracting... ------------------------------ --------- 6/8⠏ Extracting... ------------------------------ --------- 6/8⠋ Extracting... ------------------------------ --------- 6/8⠙ Extracting... ------------------------------ --------- 6/8⠸ Extracting... ------------------------------ --------- 6/8⠼ Extracting... ------------------------------ --------- 6/8⠦ Extracting... ------------------------------ --------- 6/8⠧ Extracting... ------------------------------ --------- 6/8⠇ Extracting... ------------------------------ --------- 6/8⠋ Extracting... ------------------------------ --------- 6/8⠙ Extracting... ------------------------------ --------- 6/8⠸ Extracting... ------------------------------ --------- 6/8⠼ Extracting... ------------------------------ --------- 6/8⠴ Extracting... ------------------------------ --------- 6/8⠧ Extracting... ------------------------------ --------- 6/8⠇ Extracting... ------------------------------ --------- 6/8⠏ Extracting... ------------------------------ --------- 6/8⠙ Extracting... ------------------------------ --------- 6/8⠹ Extracting... ------------------------------ --------- 6/8⠼ Extracting... ------------------------------ --------- 6/8⠴ Extracting... ------------------------------ --------- 6/8⠦ Extracting... ------------------------------ --------- 6/8⠇ Extracting... ------------------------------ --------- 6/8⠏ Extracting... ------------------------------ --------- 6/8⠙ Extracting... ------------------------------ --------- 6/8⠹ Extracting... ------------------------------ --------- 6/8⠸ Extracting... ------------------------------ --------- 6/8⠴ Extracting... ------------------------------ --------- 6/8⠦ Extracting... ------------------------------ --------- 6/8⠧ Extracting... ------------------------------ --------- 6/8⠏ Extracting... ------------------------------ --------- 6/8⠋ Extracting... ------------------------------ --------- 6/8⠹ Extracting... ------------------------------ --------- 6/8⠸ Extracting... ------------------------------ --------- 6/8⠼ Extracting... ------------------------------ --------- 6/8⠦ Extracting... ------------------------------ --------- 6/8⠧ Extracting... ------------------------------ --------- 6/8⠇ Extracting... ------------------------------ --------- 6/8⠋ Extracting... ------------------------------ --------- 6/8⠙ Extracting... ------------------------------ --------- 6/8⠸ Extracting... ------------------------------ --------- 6/8⠼ Extracting... ------------------------------ --------- 6/8⠴ Extracting... ------------------------------ --------- 6/8⠧ Extracting... ------------------------------ --------- 6/8⠇ Extracting... ------------------------------ --------- 6/8⠋ Extracting... ------------------------------ --------- 6/8⠙ Extracting... ------------------------------ --------- 6/8⠹ Extracting... ------------------------------ --------- 6/8⠼ Extracting... ------------------------------ --------- 6/8⠴ Extracting... ------------------------------ --------- 6/8⠧ Extracting... ------------------------------ --------- 6/8⠇ Extracting... ------------------------------ --------- 6/8⠏ Extracting... ------------------------------ --------- 6/8⠙ Extracting... ------------------------------ --------- 6/8⠹ Extracting... ------------------------------ --------- 6/8⠸ Extracting... ------------------------------ --------- 6/8⠴ Extracting... ------------------------------ --------- 6/8⠦ Extracting... ------------------------------ --------- 6/8⠇ Extracting... ------------------------------ --------- 6/8⠏ Extracting... ------------------------------ --------- 6/8⠋ Extracting... ------------------------------ --------- 6/8⠹ Extracting... ------------------------------ --------- 6/8⠸ Extracting... ------------------------------ --------- 6/8⠴ Extracting... ------------------------------ --------- 6/8⠦ Extracting... ------------------------------ --------- 6/8⠧ Extracting... ------------------------------ --------- 6/8⠏ Extracting... ------------------------------ --------- 6/8⠋ Extracting... ------------------------------ --------- 6/8⠙ Extracting... ------------------------------ --------- 6/8⠸ Extracting... ------------------------------ --------- 6/8⠼ Extracting... ------------------------------ --------- 6/8⠦ Extracting... ------------------------------ --------- 6/8⠧ Extracting... ------------------------------ --------- 6/8⠇ Extracting... ------------------------------ --------- 6/8⠋ Extracting... ------------------------------ --------- 6/8⠙ Extracting... ------------------------------ --------- 6/8⠸ Extracting... ------------------------------ --------- 6/8⠼ Extracting... ------------------------------ --------- 6/8⠴ Extracting... ------------------------------ --------- 6/8⠧ Extracting... ------------------------------ --------- 6/8⠇ Extracting... ------------------------------ --------- 6/8⠏ Extracting... ------------------------------ --------- 6/8⠙ Extracting... ------------------------------ --------- 6/8⠹ Extracting... ------------------------------ --------- 6/8⠼ Extracting... ------------------------------ --------- 6/8⠴ Extracting... ------------------------------ --------- 6/8⠦ Extracting... ------------------------------ --------- 6/8⠇ Extracting... ------------------------------ --------- 6/8⠏ Extracting... ------------------------------ --------- 6/8⠙ Extracting... ------------------------------ --------- 6/8⠹ Extracting... ------------------------------ --------- 6/8⠸ Extracting... ------------------------------ --------- 6/8⠴ Extracting... ------------------------------ --------- 6/8⠦ Extracting... ------------------------------ --------- 6/8⠇ Extracting... ------------------------------ --------- 6/8⠏ Extracting... ------------------------------ --------- 6/8⠋ Extracting... ------------------------------ --------- 6/8⠹ Extracting... ------------------------------ --------- 6/8⠸ Extracting... ------------------------------ --------- 6/8⠼ Extracting... ------------------------------ --------- 6/8⠦ Extracting... ------------------------------ --------- 6/8⠧ Extracting... ------------------------------ --------- 6/8⠏ Extracting... ------------------------------ --------- 6/8⠋ Extracting... ------------------------------ --------- 6/8⠹ Extracting... ------------------------------ --------- 6/8⠸ Extracting... ------------------------------ --------- 6/8⠼ Extracting... ------------------------------ --------- 6/8⠦ Extracting... ------------------------------ --------- 6/8⠧ Extracting... ------------------------------ --------- 6/8⠇ Extracting... ------------------------------ --------- 6/8⠋ Extracting... ------------------------------ --------- 6/8⠙ Extracting... ------------------------------ --------- 6/8⠸ Extracting... ------------------------------ --------- 6/8⠼ Extracting... ------------------------------ --------- 6/8⠴ Extracting... ------------------------------ --------- 6/8⠧ Extracting... ------------------------------ --------- 6/8⠇ Extracting... ------------------------------ --------- 6/8⠏ Extracting... ------------------------------ --------- 6/8⠙ Extracting... ------------------------------ --------- 6/8⠹ Extracting... ------------------------------ --------- 6/8⠼ Extracting... ------------------------------ --------- 6/8⠴ Extracting... ------------------------------ --------- 6/8⠦ Extracting... ------------------------------ --------- 6/8⠇ Extracting... ------------------------------ --------- 6/8⠏ Extracting... ------------------------------ --------- 6/8⠙ Extracting... ------------------------------ --------- 6/8⠹ Extracting... ------------------------------ --------- 6/8⠼ Extracting... ------------------------------ --------- 6/8⠴ Extracting... ------------------------------ --------- 6/8⠧ Extracting... ------------------------------ --------- 6/8⠇ Extracting... ------------------------------ --------- 6/8⠋ Extracting... ------------------------------ --------- 6/8⠙ Extracting... ------------------------------ --------- 6/8⠹ Extracting... ------------------------------ --------- 6/8⠼ Extracting... ------------------------------ --------- 6/8⠴ Extracting... ------------------------------ --------- 6/8⠦ Extracting... ------------------------------ --------- 6/8⠇ Extracting... ------------------------------ --------- 6/8⠏ Extracting... ------------------------------ --------- 6/8⠙ Extracting... ------------------------------ --------- 6/8⠸ Extracting... ------------------------------ --------- 6/8⠴ Extracting... ------------------------------ --------- 6/8⠧ Extracting... ------------------------------ --------- 6/8⠏ Extracting... ------------------------------ --------- 6/8⠋ Extracting... ------------------------------ --------- 6/8⠹ Extracting... ------------------------------ --------- 6/8⠸ Extracting... ------------------------------ --------- 6/8⠴ Extracting... ------------------------------ --------- 6/8⠧ Extracting... ------------------------------ --------- 6/8⠇ Extracting... ------------------------------ --------- 6/8⠋ Extracting... ------------------------------ --------- 6/8⠙ Extracting... ------------------------------ --------- 6/8⠸ Extracting... ------------------------------ --------- 6/8⠴ Extracting... ------------------------------ --------- 6/8⠧ Extracting... ------------------------------ --------- 6/8⠇ Extracting... ------------------------------ --------- 6/8⠋ Extracting... ------------------------------ --------- 6/8⠹ Extracting... ------------------------------ --------- 6/8⠸ Extracting... ------------------------------ --------- 6/8⠴ Extracting... ------------------------------ --------- 6/8⠦ Extracting... ------------------------------ --------- 6/8⠇ Extracting... ------------------------------ --------- 6/8⠏ Extracting... ------------------------------ --------- 6/8⠙ Extracting... ------------------------------ --------- 6/8⠸ Extracting... ------------------------------ --------- 6/8⠼ Extracting... ------------------------------ --------- 6/8⠴ Extracting... ------------------------------ --------- 6/8⠧ Extracting... ------------------------------ --------- 6/8⠇ Extracting... ------------------------------ --------- 6/8⠋ Extracting... ------------------------------ --------- 6/8⠙ Extracting... ------------------------------ --------- 6/8⠸ Extracting... ------------------------------ --------- 6/8⠼ Extracting... ------------------------------ --------- 6/8⠦ Extracting... ------------------------------ --------- 6/8⠧ Extracting... ------------------------------ --------- 6/8⠇ Extracting... ------------------------------ --------- 6/8⠋ Extracting... ------------------------------ --------- 6/8⠹ Extracting... ------------------------------ --------- 6/8⠼ Extracting... ------------------------------ --------- 6/8⠴ Extracting... ------------------------------ --------- 6/8⠧ Extracting... ------------------------------ --------- 6/8⠏ Extracting... ------------------------------ --------- 6/8⠋ Extracting... ------------------------------ --------- 6/8⠹ Extracting... ------------------------------ --------- 6/8⠸ Extracting... ------------------------------ --------- 6/8⠴ Extracting... ------------------------------ --------- 6/8⠦ Extracting... ------------------------------ --------- 6/8⠇ Extracting... ------------------------------ --------- 6/8⠏ Extracting... ------------------------------ --------- 6/8⠋ Extracting... ------------------------------ --------- 6/8⠹ Extracting... ------------------------------ --------- 6/8⠸ Extracting... ------------------------------ --------- 6/8⠴ Extracting... ------------------------------ --------- 6/8⠦ Extracting... ------------------------------ --------- 6/8⠇ Extracting... ------------------------------ --------- 6/8⠏ Extracting... ------------------------------ --------- 6/8⠙ Extracting... ------------------------------ --------- 6/8⠹ Extracting... ------------------------------ --------- 6/8⠸ Extracting... ------------------------------ --------- 6/8⠴ Extracting... ------------------------------ --------- 6/8⠦ Extracting... ------------------------------ --------- 6/8⠇ Extracting... ------------------------------ --------- 6/8⠏ Extracting... ------------------------------ --------- 6/8⠋ Extracting... ------------------------------ --------- 6/8⠹ Extracting... ------------------------------ --------- 6/8⠸ Extracting... ------------------------------ --------- 6/8⠴ Extracting... ------------------------------ --------- 6/8⠦ Extracting... ------------------------------ --------- 6/8⠧ Extracting... ------------------------------ --------- 6/8⠏ Extracting... ------------------------------ --------- 6/8⠋ Extracting... ------------------------------ --------- 6/8⠙ Extracting... ------------------------------ --------- 6/8⠸ Extracting... ------------------------------ --------- 6/8⠼ Extracting... ------------------------------ --------- 6/8⠦ Extracting... ------------------------------ --------- 6/8⠧ Extracting... ------------------------------ --------- 6/8⠇ Extracting... ------------------------------ --------- 6/8⠋ Extracting... ------------------------------ --------- 6/8⠙ Extracting... ------------------------------ --------- 6/8⠸ Extracting... ------------------------------ --------- 6/8⠼ Extracting... ------------------------------ --------- 6/8⠴ Extracting... ------------------------------ --------- 6/8⠧ Extracting... ------------------------------ --------- 6/8⠇ Extracting... ------------------------------ --------- 6/8⠏ Extracting... ------------------------------ --------- 6/8⠙ Extracting... ------------------------------ --------- 6/8⠹ Extracting... ------------------------------ --------- 6/8⠼ Extracting... ------------------------------ --------- 6/8⠴ Extracting... ------------------------------ --------- 6/8⠦ Extracting... ------------------------------ --------- 6/8⠇ Extracting... ------------------------------ --------- 6/8⠏ Extracting... ------------------------------ --------- 6/8⠙ Extracting... ------------------------------ --------- 6/8⠹ Extracting... ------------------------------ --------- 6/8⠸ Extracting... ------------------------------ --------- 6/8⠴ Extracting... ------------------------------ --------- 6/8⠦ Extracting... ------------------------------ --------- 6/8⠇ Extracting... ------------------------------ --------- 6/8⠏ Extracting... ------------------------------ --------- 6/8⠋ Extracting... ------------------------------ --------- 6/8⠹ Extracting... ------------------------------ --------- 6/8⠸ Extracting... ------------------------------ --------- 6/8⠴ Extracting... ------------------------------ --------- 6/8⠦ Extracting... ------------------------------ --------- 6/8⠧ Extracting... ------------------------------ --------- 6/8⠏ Extracting... ------------------------------ --------- 6/8⠋ Extracting... ------------------------------ --------- 6/8⠙ Extracting... ------------------------------ --------- 6/8⠸ Extracting... ------------------------------ --------- 6/8⠼ Extracting... ------------------------------ --------- 6/8⠦ Extracting... ------------------------------ --------- 6/8⠧ Extracting... ------------------------------ --------- 6/8⠇ Extracting... ------------------------------ --------- 6/8⠋ Extracting... ------------------------------ --------- 6/8⠙ Extracting... ------------------------------ --------- 6/8⠹ Extracting... ------------------------------ --------- 6/8⠼ Extracting... ------------------------------ --------- 6/8⠴ Extracting... ------------------------------ --------- 6/8⠧ Extracting... ------------------------------ --------- 6/8⠇ Extracting... ------------------------------ --------- 6/8⠏ Extracting... ------------------------------ --------- 6/8⠙ Extracting... ------------------------------ --------- 6/8⠹ Extracting... ------------------------------ --------- 6/8⠼ Extracting... ------------------------------ --------- 6/8⠴ Extracting... ------------------------------ --------- 6/8⠦ Extracting... ------------------------------ --------- 6/8⠇ Extracting... ------------------------------ --------- 6/8⠏ Extracting... ------------------------------ --------- 6/8⠙ Extracting... ------------------------------ --------- 6/8⠹ Extracting... ------------------------------ --------- 6/8⠸ Extracting... ------------------------------ --------- 6/8⠴ Extracting... ------------------------------ --------- 6/8⠦ Extracting... ------------------------------ --------- 6/8⠧ Extracting... ------------------------------ --------- 6/8⠏ Extracting... ------------------------------ --------- 6/8⠋ Extracting... ------------------------------ --------- 6/8⠹ Extracting... ------------------------------ --------- 6/8⠸ Extracting... ------------------------------ --------- 6/8⠼ Extracting... ------------------------------ --------- 6/8⠦ Extracting... ------------------------------ --------- 6/8⠧ Extracting... ------------------------------ --------- 6/8⠏ Extracting... ------------------------------ --------- 6/8⠋ Extracting... ------------------------------ --------- 6/8⠙ Extracting... ------------------------------ --------- 6/8⠸ Extracting... ------------------------------ --------- 6/8⠼ Extracting... ------------------------------ --------- 6/8⠴ Extracting... ------------------------------ --------- 6/8⠧ Extracting... ------------------------------ --------- 6/8⠇ Extracting... ------------------------------ --------- 6/8⠋ Extracting... ------------------------------ --------- 6/8⠙ Extracting... ------------------------------ --------- 6/8⠹ Extracting... ------------------------------ --------- 6/8⠼ Extracting... ------------------------------ --------- 6/8⠴ Extracting... ------------------------------ --------- 6/8⠦ Extracting... ------------------------------ --------- 6/8⠇ Extracting... ------------------------------ --------- 6/8⠏ Extracting... ------------------------------ --------- 6/8⠙ Extracting... ------------------------------ --------- 6/8⠹ Extracting... ------------------------------ --------- 6/8⠸ Extracting... ------------------------------ --------- 6/8⠴ Extracting... ------------------------------ --------- 6/8⠦ Extracting... ------------------------------ --------- 6/8⠇ Extracting... ------------------------------ --------- 6/8⠏ Extracting... ------------------------------ --------- 6/8⠋ Extracting... ------------------------------ --------- 6/8⠹ Extracting... ------------------------------ --------- 6/8⠸ Extracting... ------------------------------ --------- 6/8⠼ Extracting... ------------------------------ --------- 6/8⠦ Extracting... ------------------------------ --------- 6/8⠧ Extracting... ------------------------------ --------- 6/8⠏ Extracting... ------------------------------ --------- 6/8⠋ Extracting... ------------------------------ --------- 6/8⠙ Extracting... ------------------------------ --------- 6/8⠸ Extracting... ------------------------------ --------- 6/8⠼ Extracting... ------------------------------ --------- 6/8⠦ Extracting... ------------------------------ --------- 6/8⠧ Extracting... ------------------------------ --------- 6/8⠇ Extracting... ------------------------------ --------- 6/8⠋ Extracting... ------------------------------ --------- 6/8⠙ Extracting... ------------------------------ --------- 6/8⠹ Extracting... ------------------------------ --------- 6/8⠼ Extracting... ------------------------------ --------- 6/8⠴ Extracting... ------------------------------ --------- 6/8⠧ Extracting... ------------------------------ --------- 6/8⠇ Extracting... ------------------------------ --------- 6/8⠋ Extracting... ------------------------------ --------- 6/8⠙ Extracting... ------------------------------ --------- 6/8⠹ Extracting... ------------------------------ --------- 6/8⠼ Extracting... ------------------------------ --------- 6/8⠴ Extracting... ------------------------------ --------- 6/8⠦ Extracting... ------------------------------ --------- 6/8⠇ Extracting... ------------------------------ --------- 6/8⠏ Extracting... ------------------------------ --------- 6/8⠙ Extracting... ------------------------------ --------- 6/8⠹ Extracting... ------------------------------ --------- 6/8⠸ Extracting... ------------------------------ --------- 6/8⠴ Extracting... ------------------------------ --------- 6/8⠦ Extracting... ------------------------------ --------- 6/8⠇ Extracting... ------------------------------ --------- 6/8⠏ Extracting... ------------------------------ --------- 6/8⠋ Extracting... ------------------------------ --------- 6/8⠹ Extracting... ------------------------------ --------- 6/8⠸ Extracting... ------------------------------ --------- 6/8⠴ Extracting... ------------------------------ --------- 6/8⠦ Extracting... ------------------------------ --------- 6/8⠧ Extracting... ------------------------------ --------- 6/8⠏ Extracting... ------------------------------ --------- 6/8⠋ Extracting... ------------------------------ --------- 6/8⠹ Extracting... ------------------------------ --------- 6/8⠸ Extracting... ------------------------------ --------- 6/8⠼ Extracting... ------------------------------ --------- 6/8⠦ Extracting... ------------------------------ --------- 6/8⠧ Extracting... ------------------------------ --------- 6/8⠇ Extracting... ------------------------------ --------- 6/8⠋ Extracting... ------------------------------ --------- 6/8⠙ Extracting... ------------------------------ --------- 6/8⠸ Extracting... ------------------------------ --------- 6/8⠼ Extracting... ------------------------------ --------- 6/8⠴ Extracting... ------------------------------ --------- 6/8⠧ Extracting... ------------------------------ --------- 6/8⠇ Extracting... ------------------------------ --------- 6/8⠏ Extracting... ------------------------------ --------- 6/8⠙ Extracting... ------------------------------ --------- 6/8⠹ Extracting... ------------------------------ --------- 6/8⠼ Extracting... ------------------------------ --------- 6/8⠴ Extracting... ------------------------------ --------- 6/8⠦ Extracting... ------------------------------ --------- 6/8⠇ Extracting... ------------------------------ --------- 6/8⠏ Extracting... ------------------------------ --------- 6/8⠋ Extracting... ------------------------------ --------- 6/8⠹ Extracting... ------------------------------ --------- 6/8⠸ Extracting... ------------------------------ --------- 6/8⠴ Extracting... ------------------------------ --------- 6/8⠦ Extracting... ------------------------------ --------- 6/8⠧ Extracting... ------------------------------ --------- 6/8⠏ Extracting... ------------------------------ --------- 6/8⠋ Extracting... ------------------------------ --------- 6/8⠹ Extracting... ------------------------------ --------- 6/8⠸ Extracting... ------------------------------ --------- 6/8⠼ Extracting... ------------------------------ --------- 6/8⠦ Extracting... ------------------------------ --------- 6/8⠧ Extracting... ------------------------------ --------- 6/8⠏ Extracting... ------------------------------ --------- 6/8⠋ Extracting... ------------------------------ --------- 6/8⠙ Extracting... ------------------------------ --------- 6/8⠸ Extracting... ------------------------------ --------- 6/8⠼ Extracting... ------------------------------ --------- 6/8⠦ Extracting... ------------------------------ --------- 6/8⠧ Extracting... ------------------------------ --------- 6/8⠇ Extracting... ------------------------------ --------- 6/8⠋ Extracting... ------------------------------ --------- 6/8⠙ Extracting... ------------------------------ --------- 6/8⠹ Extracting... ------------------------------ --------- 6/8⠼ Extracting... ------------------------------ --------- 6/8⠴ Extracting... ------------------------------ --------- 6/8⠧ Extracting... ------------------------------ --------- 6/8⠇ Extracting... ------------------------------ --------- 6/8⠏ Extracting... ------------------------------ --------- 6/8⠙ Extracting... ------------------------------ --------- 6/8⠹ Extracting... ------------------------------ --------- 6/8⠼ Extracting... ------------------------------ --------- 6/8⠴ Extracting... ------------------------------ --------- 6/8⠦ Extracting... ------------------------------ --------- 6/8⠇ Extracting... ------------------------------ --------- 6/8⠏ Extracting... ------------------------------ --------- 6/8⠋ Extracting... ------------------------------ --------- 6/8⠹ Extracting... ------------------------------ --------- 6/8⠸ Extracting... ------------------------------ --------- 6/8⠴ Extracting... ------------------------------ --------- 6/8⠦ Extracting... ------------------------------ --------- 6/8⠧ Extracting... ------------------------------ --------- 6/8⠏ Extracting... ------------------------------ --------- 6/8⠋ Extracting... ------------------------------ --------- 6/8⠹ Extracting... ------------------------------ --------- 6/8⠸ Extracting... ------------------------------ --------- 6/8⠼ Extracting... ------------------------------ --------- 6/8⠦ Extracting... ------------------------------ --------- 6/8⠧ Extracting... ------------------------------ --------- 6/8⠏ Extracting... ------------------------------ --------- 6/8⠋ Extracting... ------------------------------ --------- 6/8⠙ Extracting... ------------------------------ --------- 6/8⠸ Extracting... ------------------------------ --------- 6/8⠼ Extracting... ------------------------------ --------- 6/8⠴ Extracting... ------------------------------ --------- 6/8⠧ Extracting... ------------------------------ --------- 6/8⠇ Extracting... ------------------------------ --------- 6/8⠋ Extracting... ------------------------------ --------- 6/8⠙ Extracting... ------------------------------ --------- 6/8⠹ Extracting... ------------------------------ --------- 6/8⠼ Extracting... ------------------------------ --------- 6/8⠴ Extracting... ------------------------------ --------- 6/8⠧ Extracting... ------------------------------ --------- 6/8⠇ Extracting... ------------------------------ --------- 6/8⠏ Extracting... ------------------------------ --------- 6/8⠙ Extracting... ------------------------------ --------- 6/8⠹ Extracting... ------------------------------ --------- 6/8⠸ Extracting... ------------------------------ --------- 6/8⠴ Extracting... ------------------------------ --------- 6/8⠦ Extracting... ------------------------------ --------- 6/8⠇ Extracting... ------------------------------ --------- 6/8⠏ Extracting... ------------------------------ --------- 6/8⠋ Extracting... ------------------------------ --------- 6/8⠹ Extracting... ------------------------------ --------- 6/8⠸ Extracting... ------------------------------ --------- 6/8⠴ Extracting... ------------------------------ --------- 6/8⠦ Extracting... ------------------------------ --------- 6/8⠧ Extracting... ------------------------------ --------- 6/8⠏ Extracting... ------------------------------ --------- 6/8⠋ Extracting... ------------------------------ --------- 6/8⠙ Extracting... ------------------------------ --------- 6/8⠸ Extracting... ------------------------------ --------- 6/8⠼ Extracting... ------------------------------ --------- 6/8⠦ Extracting... ------------------------------ --------- 6/8⠧ Extracting... ------------------------------ --------- 6/8⠇ Extracting... ------------------------------ --------- 6/8⠋ Extracting... ------------------------------ --------- 6/8⠙ Extracting... ------------------------------ --------- 6/8⠸ Extracting... ------------------------------ --------- 6/8⠼ Extracting... ------------------------------ --------- 6/8⠴ Extracting... ------------------------------ --------- 6/8⠧ Extracting... ------------------------------ --------- 6/8⠇ Extracting... ------------------------------ --------- 6/8⠏ Extracting... ------------------------------ --------- 6/8⠙ Extracting... ------------------------------ --------- 6/8⠹ Extracting... ------------------------------ --------- 6/8⠼ Extracting... ------------------------------ --------- 6/8⠴ Extracting... ------------------------------ --------- 6/8⠦ Extracting... ------------------------------ --------- 6/8⠇ Extracting... ------------------------------ --------- 6/8⠏ Extracting... ------------------------------ --------- 6/8⠙ Extracting... ------------------------------ --------- 6/8⠹ Extracting... ------------------------------ --------- 6/8⠸ Extracting... ------------------------------ --------- 6/8⠴ Extracting... ------------------------------ --------- 6/8⠦ Extracting... ------------------------------ --------- 6/8⠇ Extracting... ------------------------------ --------- 6/8⠏ Extracting... ------------------------------ --------- 6/8⠋ Extracting... ------------------------------ --------- 6/8⠹ Extracting... ------------------------------ --------- 6/8⠸ Extracting... ------------------------------ --------- 6/8⠼ Extracting... ------------------------------ --------- 6/8⠦ Extracting... ------------------------------ --------- 6/8⠧ Extracting... ------------------------------ --------- 6/8⠏ Extracting... ------------------------------ --------- 6/8⠋ Extracting... ------------------------------ --------- 6/8⠙ Extracting... ------------------------------ --------- 6/8⠸ Extracting... ------------------------------ --------- 6/8⠼ Extracting... ------------------------------ --------- 6/8⠦ Extracting... ------------------------------ --------- 6/8⠧ Extracting... ------------------------------ --------- 6/8⠇ Extracting... ------------------------------ --------- 6/8⠋ Extracting... ------------------------------ --------- 6/8⠙ Extracting... ------------------------------ --------- 6/8⠹ Extracting... ------------------------------ --------- 6/8⠼ Extracting... ------------------------------ --------- 6/8⠴ Extracting... ------------------------------ --------- 6/8⠧ Extracting... ------------------------------ --------- 6/8⠇ Extracting... ------------------------------ --------- 6/8⠏ Extracting... ------------------------------ --------- 6/8⠙ Extracting... ------------------------------ --------- 6/8⠹ Extracting... ------------------------------ --------- 6/8⠸ Extracting... ------------------------------ --------- 6/8⠴ Extracting... ------------------------------ --------- 6/8⠦ Extracting... ------------------------------ --------- 6/8⠇ Extracting... ------------------------------ --------- 6/8⠏ Extracting... ------------------------------ --------- 6/8⠋ Extracting... ------------------------------ --------- 6/8⠹ Extracting... ------------------------------ --------- 6/8⠸ Extracting... ------------------------------ --------- 6/8⠴ Extracting... ------------------------------ --------- 6/8⠦ Extracting... ------------------------------ --------- 6/8⠧ Extracting... ------------------------------ --------- 6/8⠏ Extracting... ------------------------------ --------- 6/8⠋ Extracting... ------------------------------ --------- 6/8⠙ Extracting... ------------------------------ --------- 6/8⠸ Extracting... ------------------------------ --------- 6/8⠼ Extracting... ------------------------------ --------- 6/8⠦ Extracting... ------------------------------ --------- 6/8⠧ Extracting... ------------------------------ --------- 6/8⠇ Extracting... ------------------------------ --------- 6/8⠋ Extracting... ------------------------------ --------- 6/8⠙ Extracting... ------------------------------ --------- 6/8⠸ Extracting... ------------------------------ --------- 6/8⠼ Extracting... ------------------------------ --------- 6/8⠴ Extracting... ------------------------------ --------- 6/8⠧ Extracting... ------------------------------ --------- 6/8⠇ Extracting... ------------------------------ --------- 6/8⠋ Extracting... ------------------------------ --------- 6/8⠙ Extracting... ------------------------------ --------- 6/8⠹ Extracting... ------------------------------ --------- 6/8⠼ Extracting... ------------------------------ --------- 6/8⠴ Extracting... ------------------------------ --------- 6/8⠦ Extracting... ------------------------------ --------- 6/8⠇ Extracting... ------------------------------ --------- 6/8⠏ Extracting... ------------------------------ --------- 6/8⠙ Extracting... ------------------------------ --------- 6/8⠹ Extracting... ------------------------------ --------- 6/8⠸ Extracting... ------------------------------ --------- 6/8⠴ Extracting... ------------------------------ --------- 6/8⠦ Extracting... ------------------------------ --------- 6/8⠇ Extracting... ------------------------------ --------- 6/8⠏ Extracting... ------------------------------ --------- 6/8⠋ Extracting... ------------------------------ --------- 6/8⠹ Extracting... ------------------------------ --------- 6/8⠸ Extracting... ------------------------------ --------- 6/8⠼ Extracting... ------------------------------ --------- 6/8⠦ Extracting... ------------------------------ --------- 6/8⠧ Extracting... ------------------------------ --------- 6/8⠏ Extracting... ------------------------------ --------- 6/8⠋ Extracting... ------------------------------ --------- 6/8⠙ Extracting... ------------------------------ --------- 6/8⠸ Extracting... ------------------------------ --------- 6/8⠼ Extracting... ------------------------------ --------- 6/8⠦ Extracting... ------------------------------ --------- 6/8⠧ Extracting... ------------------------------ --------- 6/8⠇ Extracting... ------------------------------ --------- 6/8⠋ Extracting... ------------------------------ --------- 6/8⠙ Extracting... ------------------------------ --------- 6/8⠹ Extracting... ------------------------------ --------- 6/8⠼ Extracting... ------------------------------ --------- 6/8⠴ Extracting... ------------------------------ --------- 6/8⠧ Extracting... ------------------------------ --------- 6/8⠇ Extracting... ------------------------------ --------- 6/8⠏ Extracting... ------------------------------ --------- 6/8⠙ Extracting... ------------------------------ --------- 6/8⠹ Extracting... ------------------------------ --------- 6/8⠼ Extracting... ------------------------------ --------- 6/8⠴ Extracting... ------------------------------ --------- 6/8⠦ Extracting... ------------------------------ --------- 6/8⠇ Extracting... ------------------------------ --------- 6/8⠏ Extracting... ------------------------------ --------- 6/8⠋ Extracting... ------------------------------ --------- 6/8⠹ Extracting... ------------------------------ --------- 6/8⠸ Extracting... ------------------------------ --------- 6/8⠴ Extracting... ------------------------------ --------- 6/8⠦ Extracting... ------------------------------ --------- 6/8⠧ Extracting... ------------------------------ --------- 6/8⠏ Extracting... ------------------------------ --------- 6/8⠋ Extracting... ------------------------------ --------- 6/8⠹ Extracting... ------------------------------ --------- 6/8⠸ Extracting... ------------------------------ --------- 6/8⠴ Extracting... ------------------------------ --------- 6/8⠦ Extracting... ------------------------------ --------- 6/8⠧ Extracting... ------------------------------ --------- 6/8⠏ Extracting... ------------------------------ --------- 6/8⠋ Extracting... ------------------------------ --------- 6/8⠙ Extracting... ------------------------------ --------- 6/8⠸ Extracting... ------------------------------ --------- 6/8⠼ Extracting... ------------------------------ --------- 6/8⠦ Extracting... ------------------------------ --------- 6/8⠧ Extracting... ------------------------------ --------- 6/8⠇ Extracting... ------------------------------ --------- 6/8⠋ Extracting... ------------------------------ --------- 6/8⠙ Extracting... ------------------------------ --------- 6/8⠸ Extracting... ------------------------------ --------- 6/8⠼ Extracting... ------------------------------ --------- 6/8⠴ Extracting... ------------------------------ --------- 6/8⠧ Extracting... ------------------------------ --------- 6/8⠇ Extracting... ------------------------------ --------- 6/8⠏ Extracting... ------------------------------ --------- 6/8⠙ Extracting... ------------------------------ --------- 6/8⠹ Extracting... ------------------------------ --------- 6/8⠼ Extracting... ------------------------------ --------- 6/8⠴ Extracting... ------------------------------ --------- 6/8⠦ Extracting... ------------------------------ --------- 6/8⠇ Extracting... ------------------------------ --------- 6/8⠏ Extracting... ------------------------------ --------- 6/8⠙ Extracting... ------------------------------ --------- 6/8⠹ Extracting... ------------------------------ --------- 6/8⠸ Extracting... ------------------------------ --------- 6/8⠴ Extracting... ------------------------------ --------- 6/8⠦ Extracting... ------------------------------ --------- 6/8⠇ Extracting... ------------------------------ --------- 6/8⠏ Extracting... ------------------------------ --------- 6/8⠋ Extracting... ------------------------------ --------- 6/8⠹ Extracting... ------------------------------ --------- 6/8⠸ Extracting... ------------------------------ --------- 6/8⠼ Extracting... ------------------------------ --------- 6/8⠦ Extracting... ------------------------------ --------- 6/8⠧ Extracting... ------------------------------ --------- 6/8⠏ Extracting... ------------------------------ --------- 6/8⠋ Extracting... ------------------------------ --------- 6/8⠙ Extracting... ------------------------------ --------- 6/8⠸ Extracting... ------------------------------ --------- 6/8⠼ Extracting... ------------------------------ --------- 6/8⠴ Extracting... ------------------------------ --------- 6/8⠧ Extracting... ------------------------------ --------- 6/8⠇ Extracting... ------------------------------ --------- 6/8⠋ Extracting... ------------------------------ --------- 6/8⠙ Extracting... ------------------------------ --------- 6/8⠹ Extracting... ------------------------------ --------- 6/8⠼ Extracting... ------------------------------ --------- 6/8⠴ Extracting... ------------------------------ --------- 6/8⠧ Extracting... ------------------------------ --------- 6/8⠇ Extracting... ------------------------------ --------- 6/8⠏ Extracting... ------------------------------ --------- 6/8⠙ Extracting... ------------------------------ --------- 6/8⠹ Extracting... ------------------------------ --------- 6/8⠼ Extracting... ------------------------------ --------- 6/8⠴ Extracting... ------------------------------ --------- 6/8⠦ Extracting... ------------------------------ --------- 6/8⠇ Extracting... ------------------------------ --------- 6/8⠏ Extracting... ------------------------------ --------- 6/8⠋ Extracting... ------------------------------ --------- 6/8⠹ Extracting... ------------------------------ --------- 6/8⠸ Extracting... ------------------------------ --------- 6/8⠴ Extracting... ------------------------------ --------- 6/8⠦ Extracting... ------------------------------ --------- 6/8⠧ Extracting... ------------------------------ --------- 6/8⠏ Extracting... ------------------------------ --------- 6/8⠋ Extracting... ------------------------------ --------- 6/8⠹ Extracting... ------------------------------ --------- 6/8⠸ Extracting... ------------------------------ --------- 6/8⠼ Extracting... ------------------------------ --------- 6/8⠦ Extracting... ------------------------------ --------- 6/8⠧ Extracting... ------------------------------ --------- 6/8⠏ Extracting... ------------------------------ --------- 6/8⠋ Extracting... ------------------------------ --------- 6/8⠙ Extracting... ------------------------------ --------- 6/8⠸ Extracting... ------------------------------ --------- 6/8⠼ Extracting... ------------------------------ --------- 6/8⠦ Extracting... ------------------------------ --------- 6/8⠧ Extracting... ------------------------------ --------- 6/8⠏ Extracting... ------------------------------ --------- 6/8⠋ Extracting... ------------------------------ --------- 6/8⠹ Extracting... ------------------------------ --------- 6/8⠸ Extracting... ------------------------------ --------- 6/8⠼ Extracting... ------------------------------ --------- 6/8⠦ Extracting... ------------------------------ --------- 6/8⠧ Extracting... ------------------------------ --------- 6/8⠏ Extracting... ------------------------------ --------- 6/8⠋ Extracting... ------------------------------ --------- 6/8⠙ Extracting... ------------------------------ --------- 6/8⠸ Extracting... ------------------------------ --------- 6/8⠼ Extracting... ------------------------------ --------- 6/8⠦ Extracting... ------------------------------ --------- 6/8⠧ Extracting... ------------------------------ --------- 6/8⠇ Extracting... ------------------------------ --------- 6/8⠋ Extracting... ------------------------------ --------- 6/8⠙ Extracting... ------------------------------ --------- 6/8⠸ Extracting... ------------------------------ --------- 6/8⠼ Extracting... ------------------------------ --------- 6/8⠴ Extracting... ------------------------------ --------- 6/8⠧ Extracting... ------------------------------ --------- 6/8⠇ Extracting... ------------------------------ --------- 6/8⠋ Extracting... ------------------------------ --------- 6/8⠙ Extracting... ------------------------------ --------- 6/8⠹ Extracting... ------------------------------ --------- 6/8⠼ Extracting... ------------------------------ --------- 6/8⠴ Extracting... ------------------------------ --------- 6/8⠦ Extracting... ------------------------------ --------- 6/8⠇ Extracting... ------------------------------ --------- 6/8⠏ Extracting... ------------------------------ --------- 6/8⠙ Extracting... ------------------------------ --------- 6/8⠹ Extracting... ------------------------------ --------- 6/8⠸ Extracting... ------------------------------ --------- 6/8⠴ Extracting... ------------------------------ --------- 6/8⠦ Extracting... ------------------------------ --------- 6/8⠇ Extracting... ------------------------------ --------- 6/8⠏ Extracting... ------------------------------ --------- 6/8⠋ Extracting... ------------------------------ --------- 6/8⠹ Extracting... ------------------------------ --------- 6/8⠸ Extracting... ------------------------------ --------- 6/8⠴ Extracting... ------------------------------ --------- 6/8⠦ Extracting... ------------------------------ --------- 6/8⠧ Extracting... ------------------------------ --------- 6/8⠏ Extracting... ------------------------------ --------- 6/8⠋ Extracting... ------------------------------ --------- 6/8⠙ Extracting... ------------------------------ --------- 6/8⠸ Extracting... ------------------------------ --------- 6/8⠼ Extracting... ------------------------------ --------- 6/8⠦ Extracting... ------------------------------ --------- 6/8⠧ Extracting... ------------------------------ --------- 6/8⠇ Extracting... ------------------------------ --------- 6/8⠋ Extracting... ------------------------------ --------- 6/8⠙ Extracting... ------------------------------ --------- 6/8⠸ Extracting... ------------------------------ --------- 6/8⠼ Extracting... ------------------------------ --------- 6/8⠦ Extracting... ------------------------------ --------- 6/8⠧ Extracting... ------------------------------ --------- 6/8⠇ Extracting... ------------------------------ --------- 6/8⠋ Extracting... ------------------------------ --------- 6/8⠙ Extracting... ------------------------------ --------- 6/8⠹ Extracting... ------------------------------ --------- 6/8⠼ Extracting... ------------------------------ --------- 6/8⠴ Extracting... ------------------------------ --------- 6/8⠧ Extracting... ------------------------------ --------- 6/8⠇ Extracting... ------------------------------ --------- 6/8⠏ Extracting... ------------------------------ --------- 6/8⠙ Extracting... ------------------------------ --------- 6/8⠹ Extracting... ------------------------------ --------- 6/8⠼ Extracting... ------------------------------ --------- 6/8⠴ Extracting... ------------------------------ --------- 6/8⠦ Extracting... ------------------------------ --------- 6/8⠇ Extracting... ------------------------------ --------- 6/8⠏ Extracting... ------------------------------ --------- 6/8⠙ Extracting... ------------------------------ --------- 6/8⠹ Extracting... ------------------------------ --------- 6/8⠸ Extracting... ------------------------------ --------- 6/8⠴ Extracting... ------------------------------ --------- 6/8⠦ Extracting... ------------------------------ --------- 6/8⠧ Extracting... ------------------------------ --------- 6/8⠏ Extracting... ------------------------------ --------- 6/8⠋ Extracting... ------------------------------ --------- 6/8⠹ Extracting... ------------------------------ --------- 6/8⠸ Extracting... ------------------------------ --------- 6/8⠴ Extracting... ------------------------------ --------- 6/8⠦ Extracting... ------------------------------ --------- 6/8⠧ Extracting... ------------------------------ --------- 6/8⠏ Extracting... ------------------------------ --------- 6/8⠋ Extracting... ------------------------------ --------- 6/8⠙ Extracting... ------------------------------ --------- 6/8⠸ Extracting... ------------------------------ --------- 6/8⠼ Extracting... ------------------------------ --------- 6/8⠦ Extracting... ------------------------------ --------- 6/8⠧ Extracting... ------------------------------ --------- 6/8⠇ Extracting... ------------------------------ --------- 6/8⠋ Extracting... ------------------------------ --------- 6/8⠙ Extracting... ------------------------------ --------- 6/8⠹ Extracting... ------------------------------ --------- 6/8⠼ Extracting... ------------------------------ --------- 6/8⠴ Extracting... ------------------------------ --------- 6/8⠧ Extracting... ------------------------------ --------- 6/8⠇ Extracting... ------------------------------ --------- 6/8⠏ Extracting... ------------------------------ --------- 6/8⠙ Extracting... ------------------------------ --------- 6/8⠹ Extracting... ------------------------------ --------- 6/8⠼ Extracting... ------------------------------ --------- 6/8⠴ Extracting... ------------------------------ --------- 6/8⠦ Extracting... ------------------------------ --------- 6/8⠇ Extracting... ------------------------------ --------- 6/8⠏ Extracting... ------------------------------ --------- 6/8⠙ Extracting... ------------------------------ --------- 6/8⠹ Extracting... ------------------------------ --------- 6/8⠸ Extracting... ------------------------------ --------- 6/8⠴ Extracting... ------------------------------ --------- 6/8⠦ Extracting... ------------------------------ --------- 6/8⠇ Extracting... ------------------------------ --------- 6/8⠏ Extracting... ------------------------------ --------- 6/8⠋ Extracting... ------------------------------ --------- 6/8⠹ Extracting... ------------------------------ --------- 6/8⠸ Extracting... ------------------------------ --------- 6/8⠼ Extracting... ------------------------------ --------- 6/8⠦ Extracting... ------------------------------ --------- 6/8⠧ Extracting... ------------------------------ --------- 6/8⠏ Extracting... ------------------------------ --------- 6/8⠋ Extracting... ------------------------------ --------- 6/8⠙ Extracting... ------------------------------ --------- 6/8⠸ Extracting... ------------------------------ --------- 6/8⠼ Extracting... ------------------------------ --------- 6/8⠦ Extracting... ------------------------------ --------- 6/8⠧ Extracting... ------------------------------ --------- 6/8⠇ Extracting... ------------------------------ --------- 6/8⠋ Extracting... ------------------------------ --------- 6/8⠙ Extracting... ------------------------------ --------- 6/8⠹ Extracting... ------------------------------ --------- 6/8⠼ Extracting... ------------------------------ --------- 6/8⠴ Extracting... ------------------------------ --------- 6/8⠧ Extracting... ------------------------------ --------- 6/8⠇ Extracting... ------------------------------ --------- 6/8⠏ Extracting... ------------------------------ --------- 6/8⠙ Extracting... ------------------------------ --------- 6/8⠹ Extracting... ------------------------------ --------- 6/8⠼ Extracting... ------------------------------ --------- 6/8⠴ Extracting... ------------------------------ --------- 6/8⠦ Extracting... ------------------------------ --------- 6/8⠇ Extracting... ------------------------------ --------- 6/8⠏ Extracting... ------------------------------ --------- 6/8⠙ Extracting... ------------------------------ --------- 6/8⠹ Extracting... ------------------------------ --------- 6/8⠸ Extracting... ------------------------------ --------- 6/8⠴ Extracting... ------------------------------ --------- 6/8⠦ Extracting... ------------------------------ --------- 6/8⠧ Extracting... ------------------------------ --------- 6/8⠏ Extracting... ------------------------------ --------- 6/8⠋ Extracting... ------------------------------ --------- 6/8⠹ Extracting... ------------------------------ --------- 6/8⠸ Extracting... ------------------------------ --------- 6/8⠼ Extracting... ------------------------------ --------- 6/8⠦ Extracting... ------------------------------ --------- 6/8⠧ Extracting... ------------------------------ --------- 6/8⠏ Extracting... ------------------------------ --------- 6/8⠋ Extracting... ------------------------------ --------- 6/8⠙ Extracting... ------------------------------ --------- 6/8⠸ Extracting... ------------------------------ --------- 6/8⠼ Extracting... ------------------------------ --------- 6/8⠴ Extracting... ------------------------------ --------- 6/8⠧ Extracting... ------------------------------ --------- 6/8⠇ Extracting... ------------------------------ --------- 6/8⠋ Extracting... ------------------------------ --------- 6/8⠙ Extracting... ------------------------------ --------- 6/8⠹ Extracting... ------------------------------ --------- 6/8⠼ Extracting... ------------------------------ --------- 6/8⠴ Extracting... ------------------------------ --------- 6/8⠧ Extracting... ------------------------------ --------- 6/8⠇ Extracting... ------------------------------ --------- 6/8⠏ Extracting... ------------------------------ --------- 6/8⠙ Extracting... ------------------------------ --------- 6/8⠹ Extracting... ------------------------------ --------- 6/8⠸ Extracting... ------------------------------ --------- 6/8⠴ Extracting... ------------------------------ --------- 6/8⠦ Extracting... ------------------------------ --------- 6/8⠇ Extracting... ------------------------------ --------- 6/8⠏ Extracting... ------------------------------ --------- 6/8⠋ Extracting... ------------------------------ --------- 6/8⠹ Extracting... ------------------------------ --------- 6/8⠸ Extracting... ------------------------------ --------- 6/8⠼ Extracting... ------------------------------ --------- 6/8⠦ Extracting... ------------------------------ --------- 6/8⠧ Extracting... ------------------------------ --------- 6/8⠏ Extracting... ------------------------------ --------- 6/8⠋ Extracting... ------------------------------ --------- 6/8⠙ Extracting... ------------------------------ --------- 6/8⠸ Extracting... ------------------------------ --------- 6/8⠼ Extracting... ------------------------------ --------- 6/8⠴ Extracting... ------------------------------ --------- 6/8⠧ Extracting... ------------------------------ --------- 6/8⠇ Extracting... ------------------------------ --------- 6/8⠋ Extracting... ------------------------------ --------- 6/8⠙ Extracting... ------------------------------ --------- 6/8⠹ Extracting... ------------------------------ --------- 6/8⠼ Extracting... ------------------------------ --------- 6/8⠴ Extracting... ------------------------------ --------- 6/8⠧ Extracting... ------------------------------ --------- 6/8⠇ Extracting... ------------------------------ --------- 6/8⠏ Extracting... ------------------------------ --------- 6/8⠙ Extracting... ------------------------------ --------- 6/8⠹ Extracting... ------------------------------ --------- 6/8⠼ Extracting... ------------------------------ --------- 6/8⠴ Extracting... ------------------------------ --------- 6/8⠦ Extracting... ------------------------------ --------- 6/8⠇ Extracting... ------------------------------ --------- 6/8⠏ Extracting... ------------------------------ --------- 6/8⠋ Extracting... ------------------------------ --------- 6/8⠹ Extracting... ------------------------------ --------- 6/8⠸ Extracting... ------------------------------ --------- 6/8⠴ Extracting... ------------------------------ --------- 6/8⠦ Extracting... ------------------------------ --------- 6/8⠧ Extracting... ------------------------------ --------- 6/8⠏ Extracting... ------------------------------ --------- 6/8⠋ Extracting... ------------------------------ --------- 6/8⠹ Extracting... ------------------------------ --------- 6/8⠸ Extracting... ------------------------------ --------- 6/8⠼ Extracting... ------------------------------ --------- 6/8⠦ Extracting... ------------------------------ --------- 6/8⠧ Extracting... ------------------------------ --------- 6/8⠇ Extracting... ------------------------------ --------- 6/8⠋ Extracting... ------------------------------ --------- 6/8⠙ Extracting... ------------------------------ --------- 6/8⠸ Extracting... ------------------------------ --------- 6/8⠼ Extracting... ------------------------------ --------- 6/8⠴ Extracting... ------------------------------ --------- 6/8⠧ Extracting... ------------------------------ --------- 6/8⠇ Extracting... ------------------------------ --------- 6/8⠏ Extracting... ------------------------------ --------- 6/8⠙ Extracting... ------------------------------ --------- 6/8⠹ Extracting... ------------------------------ --------- 6/8⠼ Extracting... ------------------------------ --------- 6/8⠴ Extracting... ------------------------------ --------- 6/8⠦ Extracting... ------------------------------ --------- 6/8⠇ Extracting... ------------------------------ --------- 6/8⠏ Extracting... ------------------------------ --------- 6/8⠋ Extracting... ------------------------------ --------- 6/8⠹ Extracting... ------------------------------ --------- 6/8⠸ Extracting... ------------------------------ --------- 6/8⠴ Extracting... ------------------------------ --------- 6/8⠦ Extracting... ------------------------------ --------- 6/8⠧ Extracting... ------------------------------ --------- 6/8⠏ Extracting... ------------------------------ --------- 6/8⠋ Extracting... ------------------------------ --------- 6/8⠹ Extracting... ------------------------------ --------- 6/8⠸ Extracting... ------------------------------ --------- 6/8⠼ Extracting... ------------------------------ --------- 6/8⠦ Extracting... ------------------------------ --------- 6/8⠧ Extracting... ------------------------------ --------- 6/8⠇ Extracting... ------------------------------ --------- 6/8⠋ Extracting... ------------------------------ --------- 6/8⠙ Extracting... ------------------------------ --------- 6/8⠸ Extracting... ------------------------------ --------- 6/8⠼ Extracting... ------------------------------ --------- 6/8⠴ Extracting... ------------------------------ --------- 6/8⠧ Extracting... ------------------------------ --------- 6/8⠇ Extracting... ------------------------------ --------- 6/8⠏ Extracting... ------------------------------ --------- 6/8⠙ Extracting... ------------------------------ --------- 6/8⠹ Extracting... ------------------------------ --------- 6/8⠼ Extracting... ------------------------------ --------- 6/8⠴ Extracting... ------------------------------ --------- 6/8⠦ Extracting... ------------------------------ --------- 6/8⠇ Extracting... ------------------------------ --------- 6/8⠏ Extracting... ------------------------------ --------- 6/8⠙ Extracting... ------------------------------ --------- 6/8⠹ Extracting... ------------------------------ --------- 6/8⠸ Extracting... ------------------------------ --------- 6/8⠴ Extracting... ------------------------------ --------- 6/8⠦ Extracting... ------------------------------ --------- 6/8⠧ Extracting... ------------------------------ --------- 6/8⠏ Extracting... ------------------------------ --------- 6/8⠋ Extracting... ------------------------------ --------- 6/8⠹ Extracting... ------------------------------ --------- 6/8⠸ Extracting... ------------------------------ --------- 6/8⠼ Extracting... ------------------------------ --------- 6/8⠦ Extracting... ------------------------------ --------- 6/8⠧ Extracting... ------------------------------ --------- 6/8⠇ Extracting... ------------------------------ --------- 6/8⠋ Extracting... ------------------------------ --------- 6/8⠙ Extracting... ------------------------------ --------- 6/8⠸ Extracting... ------------------------------ --------- 6/8⠼ Extracting... ------------------------------ --------- 6/8⠴ Extracting... ------------------------------ --------- 6/8⠧ Extracting... ------------------------------ --------- 6/8⠇ Extracting... ------------------------------ --------- 6/8⠏ Extracting... ------------------------------ --------- 6/8⠙ Extracting... ------------------------------ --------- 6/8⠹ Extracting... ------------------------------ --------- 6/8⠼ Extracting... ------------------------------ --------- 6/8⠴ Extracting... ------------------------------ --------- 6/8⠦ Extracting... ------------------------------ --------- 6/8⠇ Extracting... ------------------------------ --------- 6/8⠏ Extracting... ------------------------------ --------- 6/8⠙ Extracting... ------------------------------ --------- 6/8⠹ Extracting... ------------------------------ --------- 6/8⠸ Extracting... ------------------------------ --------- 6/8⠴ Extracting... ------------------------------ --------- 6/8⠦ Extracting... ------------------------------ --------- 6/8⠧ Extracting... ------------------------------ --------- 6/8⠏ Extracting... ------------------------------ --------- 6/8⠋ Extracting... ------------------------------ --------- 6/8⠹ Extracting... ------------------------------ --------- 6/8⠸ Extracting... ------------------------------ --------- 6/8⠼ Extracting... ------------------------------ --------- 6/8⠦ Extracting... ------------------------------ --------- 6/8⠧ Extracting... ------------------------------ --------- 6/8⠇ Extracting... ------------------------------ --------- 6/8⠋ Extracting... ------------------------------ --------- 6/8⠙ Extracting... ------------------------------ --------- 6/8⠸ Extracting... ------------------------------ --------- 6/8⠼ Extracting... ------------------------------ --------- 6/8⠴ Extracting... ------------------------------ --------- 6/8⠧ Extracting... ------------------------------ --------- 6/8⠇ Extracting... ------------------------------ --------- 6/8⠋ Extracting... ------------------------------ --------- 6/8⠙ Extracting... ------------------------------ --------- 6/8⠹ Extracting... ------------------------------ --------- 6/8⠼ Extracting... ------------------------------ --------- 6/8⠴ Extracting... ------------------------------ --------- 6/8⠦ Extracting... ------------------------------ --------- 6/8⠇ Extracting... ------------------------------ --------- 6/8⠏ Extracting... ------------------------------ --------- 6/8⠙ Extracting... ------------------------------ --------- 6/8⠹ Extracting... ------------------------------ --------- 6/8⠸ Extracting... ------------------------------ --------- 6/8⠴ Extracting... ------------------------------ --------- 6/8⠦ Extracting... ------------------------------ --------- 6/8⠧ Extracting... ------------------------------ --------- 6/8⠏ Extracting... ------------------------------ --------- 6/8⠋ Extracting... ------------------------------ --------- 6/8⠹ Extracting... ------------------------------ --------- 6/8⠸ Extracting... ------------------------------ --------- 6/8⠼ Extracting... ------------------------------ --------- 6/8⠦ Extracting... ------------------------------ --------- 6/8⠧ Extracting... ------------------------------ --------- 6/8⠏ Extracting... ------------------------------ --------- 6/8⠋ Extracting... ------------------------------ --------- 6/8⠙ Extracting... ------------------------------ --------- 6/8⠸ Extracting... ------------------------------ --------- 6/8⠼ Extracting... ------------------------------ --------- 6/8⠴ Extracting... ------------------------------ --------- 6/8⠧ Extracting... ------------------------------ --------- 6/8⠇ Extracting... ------------------------------ --------- 6/8⠋ Extracting... ------------------------------ --------- 6/8⠙ Extracting... ------------------------------ --------- 6/8⠸ Extracting... ------------------------------ --------- 6/8⠼ Extracting... ------------------------------ --------- 6/8⠴ Extracting... ------------------------------ --------- 6/8⠧ Extracting... ------------------------------ --------- 6/8⠇ Extracting... ------------------------------ --------- 6/8⠏ Extracting... ------------------------------ --------- 6/8⠙ Extracting... ------------------------------ --------- 6/8⠹ Extracting... ------------------------------ --------- 6/8⠼ Extracting... ------------------------------ --------- 6/8⠴ Extracting... ------------------------------ --------- 6/8⠦ Extracting... ------------------------------ --------- 6/8⠇ Extracting... ------------------------------ --------- 6/8⠏ Extracting... ------------------------------ --------- 6/8⠙ Extracting... ------------------------------ --------- 6/8⠹ Extracting... ------------------------------ --------- 6/8⠸ Extracting... ------------------------------ --------- 6/8⠴ Extracting... ------------------------------ --------- 6/8⠦ Extracting... ------------------------------ --------- 6/8⠇ Extracting... ------------------------------ --------- 6/8⠏ Extracting... ------------------------------ --------- 6/8⠋ Extracting... ------------------------------ --------- 6/8⠹ Extracting... ------------------------------ --------- 6/8⠸ Extracting... ------------------------------ --------- 6/8⠼ Extracting... ------------------------------ --------- 6/8⠦ Extracting... ------------------------------ --------- 6/8⠧ Extracting... ------------------------------ --------- 6/8⠏ Extracting... ------------------------------ --------- 6/8⠋ Extracting... ------------------------------ --------- 6/8⠙ Extracting... ------------------------------ --------- 6/8⠸ Extracting... ------------------------------ --------- 6/8⠼ Extracting... ------------------------------ --------- 6/8⠴ Extracting... ------------------------------ --------- 6/8⠧ Extracting... ------------------------------ --------- 6/8⠇ Extracting... ------------------------------ --------- 6/8⠋ Extracting... ------------------------------ --------- 6/8⠙ Extracting... ------------------------------ --------- 6/8⠹ Extracting... ------------------------------ --------- 6/8⠼ Extracting... ------------------------------ --------- 6/8⠴ Extracting... ------------------------------ --------- 6/8⠧ Extracting... ------------------------------ --------- 6/8⠇ Extracting... ------------------------------ --------- 6/8⠏ Extracting... ------------------------------ --------- 6/8⠙ Extracting... ------------------------------ --------- 6/8⠹ Extracting... ------------------------------ --------- 6/8⠸ Extracting... ------------------------------ --------- 6/8⠴ Extracting... ------------------------------ --------- 6/8⠦ Extracting... ------------------------------ --------- 6/8⠇ Extracting... ------------------------------ --------- 6/8⠏ Extracting... ------------------------------ --------- 6/8⠋ Extracting... ------------------------------ --------- 6/8⠹ Extracting... ------------------------------ --------- 6/8⠸ Extracting... ------------------------------ --------- 6/8⠼ Extracting... ------------------------------ --------- 6/8⠦ Extracting... ------------------------------ --------- 6/8⠧ Extracting... ------------------------------ --------- 6/8⠏ Extracting... ------------------------------ --------- 6/8⠋ Extracting... ------------------------------ --------- 6/8⠙ Extracting... ------------------------------ --------- 6/8⠸ Extracting... ------------------------------ --------- 6/8⠼ Extracting... ------------------------------ --------- 6/8⠦ Extracting... ------------------------------ --------- 6/8⠧ Extracting... ------------------------------ --------- 6/8⠇ Extracting... ------------------------------ --------- 6/8⠋ Extracting... ------------------------------ --------- 6/8⠙ Extracting... ------------------------------ --------- 6/8⠹ Extracting... ------------------------------ --------- 6/8⠼ Extracting... ------------------------------ --------- 6/8⠴ Extracting... ------------------------------ --------- 6/8⠧ Extracting... ------------------------------ --------- 6/8⠇ Extracting... ------------------------------ --------- 6/8⠏ Extracting... ------------------------------ --------- 6/8⠙ Extracting... ------------------------------ --------- 6/8⠹ Extracting... ------------------------------ --------- 6/8⠸ Extracting... ------------------------------ --------- 6/8⠴ Extracting... ------------------------------ --------- 6/8⠦ Extracting... ------------------------------ --------- 6/8⠇ Extracting... ------------------------------ --------- 6/8⠏ Extracting... ------------------------------ --------- 6/8⠋ Extracting... ------------------------------ --------- 6/8⠹ Extracting... ------------------------------ --------- 6/8⠸ Extracting... ------------------------------ --------- 6/8⠴ Extracting... ------------------------------ --------- 6/8⠦ Extracting... ------------------------------ --------- 6/8⠧ Extracting... ------------------------------ --------- 6/8⠏ Extracting... ------------------------------ --------- 6/8⠋ Extracting... ------------------------------ --------- 6/8⠙ Extracting... ------------------------------ --------- 6/8⠸ Extracting... ------------------------------ --------- 6/8⠼ Extracting... ------------------------------ --------- 6/8⠦ Extracting... ------------------------------ --------- 6/8⠧ Extracting... ------------------------------ --------- 6/8⠇ Extracting... ------------------------------ --------- 6/8⠋ Extracting... ------------------------------ --------- 6/8⠙ Extracting... ------------------------------ --------- 6/8⠸ Extracting... ------------------------------ --------- 6/8⠼ Extracting... ------------------------------ --------- 6/8⠴ Extracting... ------------------------------ --------- 6/8⠧ Extracting... ------------------------------ --------- 6/8⠇ Extracting... ------------------------------ --------- 6/8⠋ Extracting... ------------------------------ --------- 6/8⠙ Extracting... ------------------------------ --------- 6/8⠹ Extracting... ------------------------------ --------- 6/8⠼ Extracting... ------------------------------ --------- 6/8⠴ Extracting... ------------------------------ --------- 6/8⠦ Extracting... ------------------------------ --------- 6/8⠇ Extracting... ------------------------------ --------- 6/8⠏ Extracting... ------------------------------ --------- 6/8⠙ Extracting... ------------------------------ --------- 6/8⠹ Extracting... ------------------------------ --------- 6/8⠸ Extracting... ------------------------------ --------- 6/8⠴ Extracting... ------------------------------ --------- 6/8⠦ Extracting... ------------------------------ --------- 6/8⠧ Extracting... ------------------------------ --------- 6/8⠏ Extracting... ------------------------------ --------- 6/8⠋ Extracting... ------------------------------ --------- 6/8⠹ Extracting... ------------------------------ --------- 6/8⠸ Extracting... ------------------------------ --------- 6/8⠼ Extracting... ------------------------------ --------- 6/8⠦ Extracting... ------------------------------ --------- 6/8⠧ Extracting... ------------------------------ --------- 6/8⠇ Extracting... ------------------------------ --------- 6/8⠋ Extracting... ------------------------------ --------- 6/8⠙ Extracting... ------------------------------ --------- 6/8⠸ Extracting... ------------------------------ --------- 6/8⠼ Extracting... ------------------------------ --------- 6/8⠴ Extracting... ------------------------------ --------- 6/8⠧ Extracting... ------------------------------ --------- 6/8⠇ Extracting... ------------------------------ --------- 6/8⠋ Extracting... ------------------------------ --------- 6/8⠙ Extracting... ------------------------------ --------- 6/8⠹ Extracting... ------------------------------ --------- 6/8⠼ Extracting... ------------------------------ --------- 6/8⠴ Extracting... ------------------------------ --------- 6/8⠦ Extracting... ------------------------------ --------- 6/8⠇ Extracting... ------------------------------ --------- 6/8⠏ Extracting... ------------------------------ --------- 6/8⠙ Extracting... ------------------------------ --------- 6/8⠹ Extracting... ------------------------------ --------- 6/8⠸ Extracting... ------------------------------ --------- 6/8⠴ Extracting... ------------------------------ --------- 6/8⠦ Extracting... ------------------------------ --------- 6/8⠧ Extracting... ------------------------------ --------- 6/8⠏ Extracting... ------------------------------ --------- 6/8⠋ Extracting... ------------------------------ --------- 6/8⠹ Extracting... ------------------------------ --------- 6/8⠸ Extracting... ------------------------------ --------- 6/8⠼ Extracting... ------------------------------ --------- 6/8⠦ Extracting... ------------------------------ --------- 6/8⠧ Extracting... ------------------------------ --------- 6/8⠇ Extracting... ------------------------------ --------- 6/8⠋ Extracting... ------------------------------ --------- 6/8⠙ Extracting... ------------------------------ --------- 6/8⠸ Extracting... ------------------------------ --------- 6/8⠼ Extracting... ------------------------------ --------- 6/8⠴ Extracting... ------------------------------ --------- 6/8⠧ Extracting... ------------------------------ --------- 6/8⠇ Extracting... ------------------------------ --------- 6/8⠋ Extracting... ------------------------------ --------- 6/8⠙ Extracting... ------------------------------ --------- 6/8⠹ Extracting... ------------------------------ --------- 6/8⠼ Extracting... ------------------------------ --------- 6/8⠴ Extracting... ------------------------------ --------- 6/8⠦ Extracting... ------------------------------ --------- 6/8⠇ Extracting... ------------------------------ --------- 6/8⠏ Extracting... ------------------------------ --------- 6/8⠙ Extracting... ------------------------------ --------- 6/8⠹ Extracting... ------------------------------ --------- 6/8⠸ Extracting... ------------------------------ --------- 6/8⠴ Extracting... ------------------------------ --------- 6/8⠦ Extracting... ------------------------------ --------- 6/8⠧ Extracting... ------------------------------ --------- 6/8⠏ Extracting... ------------------------------ --------- 6/8⠋ Extracting... ------------------------------ --------- 6/8⠹ Extracting... ------------------------------ --------- 6/8⠸ Extracting... ------------------------------ --------- 6/8⠼ Extracting... ------------------------------ --------- 6/8⠦ Extracting... ------------------------------ --------- 6/8⠧ Extracting... ------------------------------ --------- 6/8⠏ Extracting... ------------------------------ --------- 6/8⠋ Extracting... ------------------------------ --------- 6/8⠙ Extracting... ------------------------------ --------- 6/8⠸ Extracting... ------------------------------ --------- 6/8⠼ Extracting... ------------------------------ --------- 6/8⠴ Extracting... ------------------------------ --------- 6/8⠧ Extracting... ------------------------------ --------- 6/8⠇ Extracting... ------------------------------ --------- 6/8⠋ Extracting... ------------------------------ --------- 6/8⠙ Extracting... ------------------------------ --------- 6/8⠹ Extracting... ------------------------------ --------- 6/8⠼ Extracting... ------------------------------ --------- 6/8⠴ Extracting... ------------------------------ --------- 6/8⠦ Extracting... ------------------------------ --------- 6/8⠇ Extracting... ------------------------------ --------- 6/8⠏ Extracting... ------------------------------ --------- 6/8⠙ Extracting... ------------------------------ --------- 6/8⠹ Extracting... ------------------------------ --------- 6/8⠸ Extracting... ------------------------------ --------- 6/8⠴ Extracting... ------------------------------ --------- 6/8⠦ Extracting... ------------------------------ --------- 6/8⠇ Extracting... ------------------------------ --------- 6/8⠏ Extracting... ------------------------------ --------- 6/8⠋ Extracting... ------------------------------ --------- 6/8⠹ Extracting... ------------------------------ --------- 6/8⠸ Extracting... ------------------------------ --------- 6/8⠼ Extracting... ------------------------------ --------- 6/8⠦ Extracting... ------------------------------ --------- 6/8⠧ Extracting... ------------------------------ --------- 6/8⠏ Extracting... ------------------------------ --------- 6/8⠋ Extracting... ------------------------------ --------- 6/8⠙ Extracting... ------------------------------ --------- 6/8⠸ Extracting... ------------------------------ --------- 6/8⠼ Extracting... ------------------------------ --------- 6/8⠦ Extracting... ------------------------------ --------- 6/8⠧ Extracting... ------------------------------ --------- 6/8⠇ Extracting... ------------------------------ --------- 6/8⠋ Extracting... ------------------------------ --------- 6/8⠙ Extracting... ------------------------------ --------- 6/8⠹ Extracting... ------------------------------ --------- 6/8⠼ Extracting... ------------------------------ --------- 6/8⠴ Extracting... ------------------------------ --------- 6/8⠧ Extracting... ------------------------------ --------- 6/8⠇ Extracting... ------------------------------ --------- 6/8⠏ Extracting... ------------------------------ --------- 6/8⠙ Extracting... ------------------------------ --------- 6/8⠹ Extracting... ------------------------------ --------- 6/8⠸ Extracting... ------------------------------ --------- 6/8⠴ Extracting... ------------------------------ --------- 6/8⠦ Extracting... ------------------------------ --------- 6/8⠇ Extracting... ------------------------------ --------- 6/8⠏ Extracting... ------------------------------ --------- 6/8⠋ Extracting... ------------------------------ --------- 6/8⠹ Extracting... ------------------------------ --------- 6/8⠸ Extracting... ------------------------------ --------- 6/8⠼ Extracting... ------------------------------ --------- 6/8⠦ Extracting... ------------------------------ --------- 6/8⠧ Extracting... ------------------------------ --------- 6/8⠏ Extracting... ------------------------------ --------- 6/8⠋ Extracting... ------------------------------ --------- 6/8⠙ Extracting... ------------------------------ --------- 6/8⠸ Extracting... ------------------------------ --------- 6/8⠼ Extracting... ------------------------------ --------- 6/8⠦ Extracting... ------------------------------ --------- 6/8⠧ Extracting... ------------------------------ --------- 6/8⠇ Extracting... ------------------------------ --------- 6/8⠋ Extracting... ------------------------------ --------- 6/8⠙ Extracting... ------------------------------ --------- 6/8⠹ Extracting... ------------------------------ --------- 6/8⠼ Extracting... ------------------------------ --------- 6/8⠴ Extracting... ------------------------------ --------- 6/8⠧ Extracting... ------------------------------ --------- 6/8⠇ Extracting... ------------------------------ --------- 6/8⠏ Extracting... ------------------------------ --------- 6/8⠙ Extracting... ------------------------------ --------- 6/8⠹ Extracting... ------------------------------ --------- 6/8⠼ Extracting... ------------------------------ --------- 6/8⠴ Extracting... ------------------------------ --------- 6/8⠦ Extracting... ------------------------------ --------- 6/8⠇ Extracting... ------------------------------ --------- 6/8⠏ Extracting... ------------------------------ --------- 6/8⠙ Extracting... ------------------------------ --------- 6/8⠹ Extracting... ------------------------------ --------- 6/8⠸ Extracting... ------------------------------ --------- 6/8⠴ Extracting... ------------------------------ --------- 6/8⠦ Extracting... ------------------------------ --------- 6/8⠧ Extracting... ------------------------------ --------- 6/8⠏ Extracting... ------------------------------ --------- 6/8⠋ Extracting... ------------------------------ --------- 6/8⠹ Extracting... ------------------------------ --------- 6/8⠸ Extracting... ------------------------------ --------- 6/8⠼ Extracting... ------------------------------ --------- 6/8⠦ Extracting... ------------------------------ --------- 6/8⠧ Extracting... ------------------------------ --------- 6/8⠏ Extracting... ------------------------------ --------- 6/8⠋ Extracting... ------------------------------ --------- 6/8⠙ Extracting... ------------------------------ --------- 6/8⠸ Extracting... ------------------------------ --------- 6/8⠼ Extracting... ------------------------------ --------- 6/8⠦ Extracting... ------------------------------ --------- 6/8⠧ Extracting... ------------------------------ --------- 6/8⠇ Extracting... ------------------------------ --------- 6/8⠋ Extracting... ------------------------------ --------- 6/8⠙ Extracting... ------------------------------ --------- 6/8⠸ Extracting... ------------------------------ --------- 6/8⠼ Extracting... ------------------------------ --------- 6/8⠦ Extracting... ------------------------------ --------- 6/8⠧ Extracting... ------------------------------ --------- 6/8⠇ Extracting... ------------------------------ --------- 6/8⠋ Extracting... ------------------------------ --------- 6/8⠙ Extracting... ------------------------------ --------- 6/8⠸ Extracting... ------------------------------ --------- 6/8⠼ Extracting... ------------------------------ --------- 6/8⠴ Extracting... ------------------------------ --------- 6/8⠧ Extracting... ------------------------------ --------- 6/8⠇ Extracting... ------------------------------ --------- 6/8⠋ Extracting... ------------------------------ --------- 6/8⠙ Extracting... ------------------------------ --------- 6/8⠹ Extracting... ------------------------------ --------- 6/8⠼ Extracting... ------------------------------ --------- 6/8⠴ Extracting... ------------------------------ --------- 6/8⠦ Extracting... ------------------------------ --------- 6/8⠇ Extracting... ------------------------------ --------- 6/8⠏ Extracting... ------------------------------ --------- 6/8⠙ Extracting... ------------------------------ --------- 6/8⠹ Extracting... ------------------------------ --------- 6/8⠸ Extracting... ------------------------------ --------- 6/8⠴ Extracting... ------------------------------ --------- 6/8⠦ Extracting... ------------------------------ --------- 6/8⠇ Extracting... ------------------------------ --------- 6/8⠏ Extracting... ------------------------------ --------- 6/8⠋ Extracting... ------------------------------ --------- 6/8⠹ Extracting... ------------------------------ --------- 6/8⠸ Extracting... ------------------------------ --------- 6/8⠼ Extracting... ------------------------------ --------- 6/8⠦ Extracting... ------------------------------ --------- 6/8⠧ Extracting... ------------------------------ --------- 6/8⠏ Extracting... ------------------------------ --------- 6/8⠋ Extracting... ------------------------------ --------- 6/8⠙ Extracting... ------------------------------ --------- 6/8⠸ Extracting... ------------------------------ --------- 6/8⠼ Extracting... ------------------------------ --------- 6/8⠴ Extracting... ------------------------------ --------- 6/8⠧ Extracting... ------------------------------ --------- 6/8⠇ Extracting... ------------------------------ --------- 6/8⠋ Extracting... ------------------------------ --------- 6/8⠙ Extracting... ------------------------------ --------- 6/8⠹ Extracting... ------------------------------ --------- 6/8⠼ Extracting... ------------------------------ --------- 6/8⠴ Extracting... ------------------------------ --------- 6/8⠧ Extracting... ------------------------------ --------- 6/8⠇ Extracting... ------------------------------ --------- 6/8⠏ Extracting... ------------------------------ --------- 6/8⠙ Extracting... ------------------------------ --------- 6/8⠹ Extracting... ------------------------------ --------- 6/8⠸ Extracting... ------------------------------ --------- 6/8⠴ Extracting... ------------------------------ --------- 6/8⠦ Extracting... ------------------------------ --------- 6/8⠇ Extracting... ------------------------------ --------- 6/8⠏ Extracting... ------------------------------ --------- 6/8⠋ Extracting... ------------------------------ --------- 6/8⠹ Extracting... ------------------------------ --------- 6/8⠸ Extracting... ------------------------------ --------- 6/8⠼ Extracting... ------------------------------ --------- 6/8⠦ Extracting... ------------------------------ --------- 6/8⠧ Extracting... ------------------------------ --------- 6/8⠏ Extracting... ------------------------------ --------- 6/8⠋ Extracting... ------------------------------ --------- 6/8⠙ Extracting... ------------------------------ --------- 6/8⠸ Extracting... ------------------------------ --------- 6/8⠼ Extracting... ------------------------------ --------- 6/8⠦ Extracting... ------------------------------ --------- 6/8⠧ Extracting... ------------------------------ --------- 6/8⠇ Extracting... ------------------------------ --------- 6/8⠋ Extracting... ------------------------------ --------- 6/8⠙ Extracting... ------------------------------ --------- 6/8⠹ Extracting... ------------------------------ --------- 6/8⠼ Extracting... ------------------------------ --------- 6/8⠴ Extracting... ------------------------------ --------- 6/8⠧ Extracting... ------------------------------ --------- 6/8⠇ Extracting... ------------------------------ --------- 6/8⠏ Extracting... ------------------------------ --------- 6/8⠙ Extracting... ------------------------------ --------- 6/8⠹ Extracting... ------------------------------ --------- 6/8⠼ Extracting... ------------------------------ --------- 6/8⠴ Extracting... ------------------------------ --------- 6/8⠦ Extracting... ------------------------------ --------- 6/8⠇ Extracting... ------------------------------ --------- 6/8⠏ Extracting... ------------------------------ --------- 6/8⠋ Extracting... ------------------------------ --------- 6/8⠹ Extracting... ------------------------------ --------- 6/8⠸ Extracting... ------------------------------ --------- 6/8⠴ Extracting... ------------------------------ --------- 6/8[09/09/26 23:07:19] INFO     HTTP Request: POST                 _client.py:1025
                             http://localhost:11434/api/generat                
                             e "HTTP/1.1 200 OK"                               
⠴ Extracting... ------------------------------ --------- 6/8                    INFO     JSON repair: recovered truncated  extractor.py:502
                             output                                            
⠴ Extracting... ------------------------------ --------- 6/8                    WARNING  Validation failed for CDU         validator.py:290
                             operating manual_chunk_0006: 1                    
                             errors, 0 warnings                                
⠴ Extracting... ------------------------------ --------- 6/8⠦ Extracting... ------------------------------ --------- 6/8⠧ Extracting... ------------------------------ --------- 6/8⠏ Extracting... ------------------------------ --------- 6/8⠋ Extracting... ------------------------------ --------- 6/8⠹ Extracting... ------------------------------ --------- 6/8⠸ Extracting... ------------------------------ --------- 6/8⠼ Extracting... ------------------------------ --------- 6/8⠦ Extracting... ------------------------------ --------- 6/8[09/09/26 23:07:20] INFO     Inserted from CDU operating           graph.py:176
                             manual_chunk_0006: 20 entities, 0                 
                             claims, 0 relationships                           
⠦ Extracting... ------------------------------ --------- 6/8⠙ Extracting... ----------------------------------- ---- 7/8⠹ Extracting... ----------------------------------- ---- 7/8⠸ Extracting... ----------------------------------- ---- 7/8⠴ Extracting... ----------------------------------- ---- 7/8⠦ Extracting... ----------------------------------- ---- 7/8⠇ Extracting... ----------------------------------- ---- 7/8⠏ Extracting... ----------------------------------- ---- 7/8⠋ Extracting... ----------------------------------- ---- 7/8⠹ Extracting... ----------------------------------- ---- 7/8⠸ Extracting... ----------------------------------- ---- 7/8⠴ Extracting... ----------------------------------- ---- 7/8⠦ Extracting... ----------------------------------- ---- 7/8⠧ Extracting... ----------------------------------- ---- 7/8⠏ Extracting... ----------------------------------- ---- 7/8⠋ Extracting... ----------------------------------- ---- 7/8⠙ Extracting... ----------------------------------- ---- 7/8⠸ Extracting... ----------------------------------- ---- 7/8⠼ Extracting... ----------------------------------- ---- 7/8⠦ Extracting... ----------------------------------- ---- 7/8⠧ Extracting... ----------------------------------- ---- 7/8⠇ Extracting... ----------------------------------- ---- 7/8⠋ Extracting... ----------------------------------- ---- 7/8⠙ Extracting... ----------------------------------- ---- 7/8⠸ Extracting... ----------------------------------- ---- 7/8⠼ Extracting... ----------------------------------- ---- 7/8⠦ Extracting... ----------------------------------- ---- 7/8⠧ Extracting... ----------------------------------- ---- 7/8⠏ Extracting... ----------------------------------- ---- 7/8⠋ Extracting... ----------------------------------- ---- 7/8⠹ Extracting... ----------------------------------- ---- 7/8⠸ Extracting... ----------------------------------- ---- 7/8⠼ Extracting... ----------------------------------- ---- 7/8⠦ Extracting... ----------------------------------- ---- 7/8⠧ Extracting... ----------------------------------- ---- 7/8⠏ Extracting... ----------------------------------- ---- 7/8⠋ Extracting... ----------------------------------- ---- 7/8⠙ Extracting... ----------------------------------- ---- 7/8⠸ Extracting... ----------------------------------- ---- 7/8⠼ Extracting... ----------------------------------- ---- 7/8⠦ Extracting... ----------------------------------- ---- 7/8⠧ Extracting... ----------------------------------- ---- 7/8⠇ Extracting... ----------------------------------- ---- 7/8⠋ Extracting... ----------------------------------- ---- 7/8⠙ Extracting... ----------------------------------- ---- 7/8⠹ Extracting... ----------------------------------- ---- 7/8⠼ Extracting... ----------------------------------- ---- 7/8⠴ Extracting... ----------------------------------- ---- 7/8⠧ Extracting... ----------------------------------- ---- 7/8⠇ Extracting... ----------------------------------- ---- 7/8⠏ Extracting... ----------------------------------- ---- 7/8⠙ Extracting... ----------------------------------- ---- 7/8⠹ Extracting... ----------------------------------- ---- 7/8⠼ Extracting... ----------------------------------- ---- 7/8⠴ Extracting... ----------------------------------- ---- 7/8⠦ Extracting... ----------------------------------- ---- 7/8⠇ Extracting... ----------------------------------- ---- 7/8⠏ Extracting... ----------------------------------- ---- 7/8⠙ Extracting... ----------------------------------- ---- 7/8⠹ Extracting... ----------------------------------- ---- 7/8⠸ Extracting... ----------------------------------- ---- 7/8⠴ Extracting... ----------------------------------- ---- 7/8⠦ Extracting... ----------------------------------- ---- 7/8⠇ Extracting... ----------------------------------- ---- 7/8⠏ Extracting... ----------------------------------- ---- 7/8⠋ Extracting... ----------------------------------- ---- 7/8⠹ Extracting... ----------------------------------- ---- 7/8⠸ Extracting... ----------------------------------- ---- 7/8⠴ Extracting... ----------------------------------- ---- 7/8⠦ Extracting... ----------------------------------- ---- 7/8⠧ Extracting... ----------------------------------- ---- 7/8⠏ Extracting... ----------------------------------- ---- 7/8⠋ Extracting... ----------------------------------- ---- 7/8⠙ Extracting... ----------------------------------- ---- 7/8⠸ Extracting... ----------------------------------- ---- 7/8⠼ Extracting... ----------------------------------- ---- 7/8⠦ Extracting... ----------------------------------- ---- 7/8⠧ Extracting... ----------------------------------- ---- 7/8⠇ Extracting... ----------------------------------- ---- 7/8⠋ Extracting... ----------------------------------- ---- 7/8⠙ Extracting... ----------------------------------- ---- 7/8⠸ Extracting... ----------------------------------- ---- 7/8⠼ Extracting... ----------------------------------- ---- 7/8⠴ Extracting... ----------------------------------- ---- 7/8⠧ Extracting... ----------------------------------- ---- 7/8⠇ Extracting... ----------------------------------- ---- 7/8⠏ Extracting... ----------------------------------- ---- 7/8⠙ Extracting... ----------------------------------- ---- 7/8⠹ Extracting... ----------------------------------- ---- 7/8⠼ Extracting... ----------------------------------- ---- 7/8⠴ Extracting... ----------------------------------- ---- 7/8⠦ Extracting... ----------------------------------- ---- 7/8⠇ Extracting... ----------------------------------- ---- 7/8⠏ Extracting... ----------------------------------- ---- 7/8⠙ Extracting... ----------------------------------- ---- 7/8⠹ Extracting... ----------------------------------- ---- 7/8⠸ Extracting... ----------------------------------- ---- 7/8⠴ Extracting... ----------------------------------- ---- 7/8⠦ Extracting... ----------------------------------- ---- 7/8⠧ Extracting... ----------------------------------- ---- 7/8⠏ Extracting... ----------------------------------- ---- 7/8⠋ Extracting... ----------------------------------- ---- 7/8⠹ Extracting... ----------------------------------- ---- 7/8⠸ Extracting... ----------------------------------- ---- 7/8⠴ Extracting... ----------------------------------- ---- 7/8⠦ Extracting... ----------------------------------- ---- 7/8⠧ Extracting... ----------------------------------- ---- 7/8⠏ Extracting... ----------------------------------- ---- 7/8⠋ Extracting... ----------------------------------- ---- 7/8⠙ Extracting... ----------------------------------- ---- 7/8⠸ Extracting... ----------------------------------- ---- 7/8⠼ Extracting... ----------------------------------- ---- 7/8⠦ Extracting... ----------------------------------- ---- 7/8⠧ Extracting... ----------------------------------- ---- 7/8⠇ Extracting... ----------------------------------- ---- 7/8⠋ Extracting... ----------------------------------- ---- 7/8⠙ Extracting... ----------------------------------- ---- 7/8⠸ Extracting... ----------------------------------- ---- 7/8⠼ Extracting... ----------------------------------- ---- 7/8⠴ Extracting... ----------------------------------- ---- 7/8⠧ Extracting... ----------------------------------- ---- 7/8⠇ Extracting... ----------------------------------- ---- 7/8⠋ Extracting... ----------------------------------- ---- 7/8⠙ Extracting... ----------------------------------- ---- 7/8⠹ Extracting... ----------------------------------- ---- 7/8⠼ Extracting... ----------------------------------- ---- 7/8⠴ Extracting... ----------------------------------- ---- 7/8⠦ Extracting... ----------------------------------- ---- 7/8⠇ Extracting... ----------------------------------- ---- 7/8⠏ Extracting... ----------------------------------- ---- 7/8⠙ Extracting... ----------------------------------- ---- 7/8⠹ Extracting... ----------------------------------- ---- 7/8⠸ Extracting... ----------------------------------- ---- 7/8⠴ Extracting... ----------------------------------- ---- 7/8⠦ Extracting... ----------------------------------- ---- 7/8⠇ Extracting... ----------------------------------- ---- 7/8⠏ Extracting... ----------------------------------- ---- 7/8⠋ Extracting... ----------------------------------- ---- 7/8⠹ Extracting... ----------------------------------- ---- 7/8⠸ Extracting... ----------------------------------- ---- 7/8⠴ Extracting... ----------------------------------- ---- 7/8⠦ Extracting... ----------------------------------- ---- 7/8⠧ Extracting... ----------------------------------- ---- 7/8⠏ Extracting... ----------------------------------- ---- 7/8⠋ Extracting... ----------------------------------- ---- 7/8⠙ Extracting... ----------------------------------- ---- 7/8⠸ Extracting... ----------------------------------- ---- 7/8⠼ Extracting... ----------------------------------- ---- 7/8⠦ Extracting... ----------------------------------- ---- 7/8⠧ Extracting... ----------------------------------- ---- 7/8⠇ Extracting... ----------------------------------- ---- 7/8⠋ Extracting... ----------------------------------- ---- 7/8⠙ Extracting... ----------------------------------- ---- 7/8⠸ Extracting... ----------------------------------- ---- 7/8⠼ Extracting... ----------------------------------- ---- 7/8⠴ Extracting... ----------------------------------- ---- 7/8⠧ Extracting... ----------------------------------- ---- 7/8⠇ Extracting... ----------------------------------- ---- 7/8⠋ Extracting... ----------------------------------- ---- 7/8⠙ Extracting... ----------------------------------- ---- 7/8⠹ Extracting... ----------------------------------- ---- 7/8⠼ Extracting... ----------------------------------- ---- 7/8⠴ Extracting... ----------------------------------- ---- 7/8⠦ Extracting... ----------------------------------- ---- 7/8⠇ Extracting... ----------------------------------- ---- 7/8⠏ Extracting... ----------------------------------- ---- 7/8⠙ Extracting... ----------------------------------- ---- 7/8⠹ Extracting... ----------------------------------- ---- 7/8⠸ Extracting... ----------------------------------- ---- 7/8⠴ Extracting... ----------------------------------- ---- 7/8⠦ Extracting... ----------------------------------- ---- 7/8⠇ Extracting... ----------------------------------- ---- 7/8⠏ Extracting... ----------------------------------- ---- 7/8⠋ Extracting... ----------------------------------- ---- 7/8⠹ Extracting... ----------------------------------- ---- 7/8⠸ Extracting... ----------------------------------- ---- 7/8⠴ Extracting... ----------------------------------- ---- 7/8⠦ Extracting... ----------------------------------- ---- 7/8⠧ Extracting... ----------------------------------- ---- 7/8⠏ Extracting... ----------------------------------- ---- 7/8⠋ Extracting... ----------------------------------- ---- 7/8⠙ Extracting... ----------------------------------- ---- 7/8⠸ Extracting... ----------------------------------- ---- 7/8⠼ Extracting... ----------------------------------- ---- 7/8⠦ Extracting... ----------------------------------- ---- 7/8⠧ Extracting... ----------------------------------- ---- 7/8⠇ Extracting... ----------------------------------- ---- 7/8⠋ Extracting... ----------------------------------- ---- 7/8⠙ Extracting... ----------------------------------- ---- 7/8⠸ Extracting... ----------------------------------- ---- 7/8⠼ Extracting... ----------------------------------- ---- 7/8⠴ Extracting... ----------------------------------- ---- 7/8⠧ Extracting... ----------------------------------- ---- 7/8⠇ Extracting... ----------------------------------- ---- 7/8⠋ Extracting... ----------------------------------- ---- 7/8⠙ Extracting... ----------------------------------- ---- 7/8⠹ Extracting... ----------------------------------- ---- 7/8⠼ Extracting... ----------------------------------- ---- 7/8⠴ Extracting... ----------------------------------- ---- 7/8⠧ Extracting... ----------------------------------- ---- 7/8⠇ Extracting... ----------------------------------- ---- 7/8⠏ Extracting... ----------------------------------- ---- 7/8⠙ Extracting... ----------------------------------- ---- 7/8⠹ Extracting... ----------------------------------- ---- 7/8⠸ Extracting... ----------------------------------- ---- 7/8⠴ Extracting... ----------------------------------- ---- 7/8⠦ Extracting... ----------------------------------- ---- 7/8⠇ Extracting... ----------------------------------- ---- 7/8⠏ Extracting... ----------------------------------- ---- 7/8⠋ Extracting... ----------------------------------- ---- 7/8⠹ Extracting... ----------------------------------- ---- 7/8⠸ Extracting... ----------------------------------- ---- 7/8⠴ Extracting... ----------------------------------- ---- 7/8⠦ Extracting... ----------------------------------- ---- 7/8⠧ Extracting... ----------------------------------- ---- 7/8⠏ Extracting... ----------------------------------- ---- 7/8⠋ Extracting... ----------------------------------- ---- 7/8⠙ Extracting... ----------------------------------- ---- 7/8⠸ Extracting... ----------------------------------- ---- 7/8⠼ Extracting... ----------------------------------- ---- 7/8⠴ Extracting... ----------------------------------- ---- 7/8⠧ Extracting... ----------------------------------- ---- 7/8⠇ Extracting... ----------------------------------- ---- 7/8⠋ Extracting... ----------------------------------- ---- 7/8⠙ Extracting... ----------------------------------- ---- 7/8⠹ Extracting... ----------------------------------- ---- 7/8⠼ Extracting... ----------------------------------- ---- 7/8⠴ Extracting... ----------------------------------- ---- 7/8⠧ Extracting... ----------------------------------- ---- 7/8⠇ Extracting... ----------------------------------- ---- 7/8⠏ Extracting... ----------------------------------- ---- 7/8⠙ Extracting... ----------------------------------- ---- 7/8⠹ Extracting... ----------------------------------- ---- 7/8⠸ Extracting... ----------------------------------- ---- 7/8⠴ Extracting... ----------------------------------- ---- 7/8⠦ Extracting... ----------------------------------- ---- 7/8⠇ Extracting... ----------------------------------- ---- 7/8⠏ Extracting... ----------------------------------- ---- 7/8⠋ Extracting... ----------------------------------- ---- 7/8⠹ Extracting... ----------------------------------- ---- 7/8⠸ Extracting... ----------------------------------- ---- 7/8⠴ Extracting... ----------------------------------- ---- 7/8⠦ Extracting... ----------------------------------- ---- 7/8⠧ Extracting... ----------------------------------- ---- 7/8⠏ Extracting... ----------------------------------- ---- 7/8⠋ Extracting... ----------------------------------- ---- 7/8⠙ Extracting... ----------------------------------- ---- 7/8⠸ Extracting... ----------------------------------- ---- 7/8⠼ Extracting... ----------------------------------- ---- 7/8⠦ Extracting... ----------------------------------- ---- 7/8⠧ Extracting... ----------------------------------- ---- 7/8⠇ Extracting... ----------------------------------- ---- 7/8⠋ Extracting... ----------------------------------- ---- 7/8⠙ Extracting... ----------------------------------- ---- 7/8⠸ Extracting... ----------------------------------- ---- 7/8⠼ Extracting... ----------------------------------- ---- 7/8⠴ Extracting... ----------------------------------- ---- 7/8⠧ Extracting... ----------------------------------- ---- 7/8⠇ Extracting... ----------------------------------- ---- 7/8⠏ Extracting... ----------------------------------- ---- 7/8⠙ Extracting... ----------------------------------- ---- 7/8⠹ Extracting... ----------------------------------- ---- 7/8⠼ Extracting... ----------------------------------- ---- 7/8⠴ Extracting... ----------------------------------- ---- 7/8⠦ Extracting... ----------------------------------- ---- 7/8⠇ Extracting... ----------------------------------- ---- 7/8⠏ Extracting... ----------------------------------- ---- 7/8⠙ Extracting... ----------------------------------- ---- 7/8⠹ Extracting... ----------------------------------- ---- 7/8⠸ Extracting... ----------------------------------- ---- 7/8⠴ Extracting... ----------------------------------- ---- 7/8⠦ Extracting... ----------------------------------- ---- 7/8⠇ Extracting... ----------------------------------- ---- 7/8⠏ Extracting... ----------------------------------- ---- 7/8⠋ Extracting... ----------------------------------- ---- 7/8⠹ Extracting... ----------------------------------- ---- 7/8⠸ Extracting... ----------------------------------- ---- 7/8⠴ Extracting... ----------------------------------- ---- 7/8⠦ Extracting... ----------------------------------- ---- 7/8⠧ Extracting... ----------------------------------- ---- 7/8⠏ Extracting... ----------------------------------- ---- 7/8⠋ Extracting... ----------------------------------- ---- 7/8⠹ Extracting... ----------------------------------- ---- 7/8⠸ Extracting... ----------------------------------- ---- 7/8⠼ Extracting... ----------------------------------- ---- 7/8⠦ Extracting... ----------------------------------- ---- 7/8⠧ Extracting... ----------------------------------- ---- 7/8⠇ Extracting... ----------------------------------- ---- 7/8⠋ Extracting... ----------------------------------- ---- 7/8⠙ Extracting... ----------------------------------- ---- 7/8⠸ Extracting... ----------------------------------- ---- 7/8⠼ Extracting... ----------------------------------- ---- 7/8⠴ Extracting... ----------------------------------- ---- 7/8⠧ Extracting... ----------------------------------- ---- 7/8⠇ Extracting... ----------------------------------- ---- 7/8⠋ Extracting... ----------------------------------- ---- 7/8⠙ Extracting... ----------------------------------- ---- 7/8⠹ Extracting... ----------------------------------- ---- 7/8⠼ Extracting... ----------------------------------- ---- 7/8⠴ Extracting... ----------------------------------- ---- 7/8⠦ Extracting... ----------------------------------- ---- 7/8⠇ Extracting... ----------------------------------- ---- 7/8⠏ Extracting... ----------------------------------- ---- 7/8⠙ Extracting... ----------------------------------- ---- 7/8⠹ Extracting... ----------------------------------- ---- 7/8⠼ Extracting... ----------------------------------- ---- 7/8⠴ Extracting... ----------------------------------- ---- 7/8⠦ Extracting... ----------------------------------- ---- 7/8⠇ Extracting... ----------------------------------- ---- 7/8⠏ Extracting... ----------------------------------- ---- 7/8⠙ Extracting... ----------------------------------- ---- 7/8⠹ Extracting... ----------------------------------- ---- 7/8⠸ Extracting... ----------------------------------- ---- 7/8⠴ Extracting... ----------------------------------- ---- 7/8⠦ Extracting... ----------------------------------- ---- 7/8⠇ Extracting... ----------------------------------- ---- 7/8⠏ Extracting... ----------------------------------- ---- 7/8⠋ Extracting... ----------------------------------- ---- 7/8⠹ Extracting... ----------------------------------- ---- 7/8⠸ Extracting... ----------------------------------- ---- 7/8⠼ Extracting... ----------------------------------- ---- 7/8⠦ Extracting... ----------------------------------- ---- 7/8⠧ Extracting... ----------------------------------- ---- 7/8⠏ Extracting... ----------------------------------- ---- 7/8⠋ Extracting... ----------------------------------- ---- 7/8⠙ Extracting... ----------------------------------- ---- 7/8⠸ Extracting... ----------------------------------- ---- 7/8⠼ Extracting... ----------------------------------- ---- 7/8⠦ Extracting... ----------------------------------- ---- 7/8⠧ Extracting... ----------------------------------- ---- 7/8⠇ Extracting... ----------------------------------- ---- 7/8⠋ Extracting... ----------------------------------- ---- 7/8⠙ Extracting... ----------------------------------- ---- 7/8⠹ Extracting... ----------------------------------- ---- 7/8⠼ Extracting... ----------------------------------- ---- 7/8⠴ Extracting... ----------------------------------- ---- 7/8⠧ Extracting... ----------------------------------- ---- 7/8⠇ Extracting... ----------------------------------- ---- 7/8⠏ Extracting... ----------------------------------- ---- 7/8⠙ Extracting... ----------------------------------- ---- 7/8⠹ Extracting... ----------------------------------- ---- 7/8⠸ Extracting... ----------------------------------- ---- 7/8⠴ Extracting... ----------------------------------- ---- 7/8⠦ Extracting... ----------------------------------- ---- 7/8⠇ Extracting... ----------------------------------- ---- 7/8⠏ Extracting... ----------------------------------- ---- 7/8⠋ Extracting... ----------------------------------- ---- 7/8⠹ Extracting... ----------------------------------- ---- 7/8⠸ Extracting... ----------------------------------- ---- 7/8⠴ Extracting... ----------------------------------- ---- 7/8⠦ Extracting... ----------------------------------- ---- 7/8⠧ Extracting... ----------------------------------- ---- 7/8⠏ Extracting... ----------------------------------- ---- 7/8⠋ Extracting... ----------------------------------- ---- 7/8⠙ Extracting... ----------------------------------- ---- 7/8⠸ Extracting... ----------------------------------- ---- 7/8⠼ Extracting... ----------------------------------- ---- 7/8⠦ Extracting... ----------------------------------- ---- 7/8⠧ Extracting... ----------------------------------- ---- 7/8⠇ Extracting... ----------------------------------- ---- 7/8⠋ Extracting... ----------------------------------- ---- 7/8⠙ Extracting... ----------------------------------- ---- 7/8⠹ Extracting... ----------------------------------- ---- 7/8⠼ Extracting... ----------------------------------- ---- 7/8⠴ Extracting... ----------------------------------- ---- 7/8⠧ Extracting... ----------------------------------- ---- 7/8⠇ Extracting... ----------------------------------- ---- 7/8⠋ Extracting... ----------------------------------- ---- 7/8⠙ Extracting... ----------------------------------- ---- 7/8⠹ Extracting... ----------------------------------- ---- 7/8⠼ Extracting... ----------------------------------- ---- 7/8⠴ Extracting... ----------------------------------- ---- 7/8⠦ Extracting... ----------------------------------- ---- 7/8⠇ Extracting... ----------------------------------- ---- 7/8⠏ Extracting... ----------------------------------- ---- 7/8⠙ Extracting... ----------------------------------- ---- 7/8⠹ Extracting... ----------------------------------- ---- 7/8⠸ Extracting... ----------------------------------- ---- 7/8⠴ Extracting... ----------------------------------- ---- 7/8⠦ Extracting... ----------------------------------- ---- 7/8⠇ Extracting... ----------------------------------- ---- 7/8⠏ Extracting... ----------------------------------- ---- 7/8⠋ Extracting... ----------------------------------- ---- 7/8⠹ Extracting... ----------------------------------- ---- 7/8⠸ Extracting... ----------------------------------- ---- 7/8⠴ Extracting... ----------------------------------- ---- 7/8⠦ Extracting... ----------------------------------- ---- 7/8⠧ Extracting... ----------------------------------- ---- 7/8⠏ Extracting... ----------------------------------- ---- 7/8⠋ Extracting... ----------------------------------- ---- 7/8⠙ Extracting... ----------------------------------- ---- 7/8⠸ Extracting... ----------------------------------- ---- 7/8⠼ Extracting... ----------------------------------- ---- 7/8⠦ Extracting... ----------------------------------- ---- 7/8⠧ Extracting... ----------------------------------- ---- 7/8⠇ Extracting... ----------------------------------- ---- 7/8⠋ Extracting... ----------------------------------- ---- 7/8⠙ Extracting... ----------------------------------- ---- 7/8⠹ Extracting... ----------------------------------- ---- 7/8⠼ Extracting... ----------------------------------- ---- 7/8⠴ Extracting... ----------------------------------- ---- 7/8⠧ Extracting... ----------------------------------- ---- 7/8⠇ Extracting... ----------------------------------- ---- 7/8⠏ Extracting... ----------------------------------- ---- 7/8⠙ Extracting... ----------------------------------- ---- 7/8⠹ Extracting... ----------------------------------- ---- 7/8⠸ Extracting... ----------------------------------- ---- 7/8⠴ Extracting... ----------------------------------- ---- 7/8⠦ Extracting... ----------------------------------- ---- 7/8⠇ Extracting... ----------------------------------- ---- 7/8⠏ Extracting... ----------------------------------- ---- 7/8⠋ Extracting... ----------------------------------- ---- 7/8⠹ Extracting... ----------------------------------- ---- 7/8⠸ Extracting... ----------------------------------- ---- 7/8⠼ Extracting... ----------------------------------- ---- 7/8⠦ Extracting... ----------------------------------- ---- 7/8⠧ Extracting... ----------------------------------- ---- 7/8⠏ Extracting... ----------------------------------- ---- 7/8⠋ Extracting... ----------------------------------- ---- 7/8⠙ Extracting... ----------------------------------- ---- 7/8⠸ Extracting... ----------------------------------- ---- 7/8⠼ Extracting... ----------------------------------- ---- 7/8⠦ Extracting... ----------------------------------- ---- 7/8⠧ Extracting... ----------------------------------- ---- 7/8⠇ Extracting... ----------------------------------- ---- 7/8⠋ Extracting... ----------------------------------- ---- 7/8⠙ Extracting... ----------------------------------- ---- 7/8⠹ Extracting... ----------------------------------- ---- 7/8⠼ Extracting... ----------------------------------- ---- 7/8⠴ Extracting... ----------------------------------- ---- 7/8⠧ Extracting... ----------------------------------- ---- 7/8⠇ Extracting... ----------------------------------- ---- 7/8⠏ Extracting... ----------------------------------- ---- 7/8⠙ Extracting... ----------------------------------- ---- 7/8⠹ Extracting... ----------------------------------- ---- 7/8⠸ Extracting... ----------------------------------- ---- 7/8⠴ Extracting... ----------------------------------- ---- 7/8⠦ Extracting... ----------------------------------- ---- 7/8⠇ Extracting... ----------------------------------- ---- 7/8⠏ Extracting... ----------------------------------- ---- 7/8⠋ Extracting... ----------------------------------- ---- 7/8⠹ Extracting... ----------------------------------- ---- 7/8⠸ Extracting... ----------------------------------- ---- 7/8⠴ Extracting... ----------------------------------- ---- 7/8⠦ Extracting... ----------------------------------- ---- 7/8⠧ Extracting... ----------------------------------- ---- 7/8⠏ Extracting... ----------------------------------- ---- 7/8⠋ Extracting... ----------------------------------- ---- 7/8⠙ Extracting... ----------------------------------- ---- 7/8⠸ Extracting... ----------------------------------- ---- 7/8⠼ Extracting... ----------------------------------- ---- 7/8⠦ Extracting... ----------------------------------- ---- 7/8⠧ Extracting... ----------------------------------- ---- 7/8⠇ Extracting... ----------------------------------- ---- 7/8⠋ Extracting... ----------------------------------- ---- 7/8⠙ Extracting... ----------------------------------- ---- 7/8⠹ Extracting... ----------------------------------- ---- 7/8⠼ Extracting... ----------------------------------- ---- 7/8⠴ Extracting... ----------------------------------- ---- 7/8⠧ Extracting... ----------------------------------- ---- 7/8⠇ Extracting... ----------------------------------- ---- 7/8⠋ Extracting... ----------------------------------- ---- 7/8⠙ Extracting... ----------------------------------- ---- 7/8⠹ Extracting... ----------------------------------- ---- 7/8⠼ Extracting... ----------------------------------- ---- 7/8⠴ Extracting... ----------------------------------- ---- 7/8⠦ Extracting... ----------------------------------- ---- 7/8⠇ Extracting... ----------------------------------- ---- 7/8⠏ Extracting... ----------------------------------- ---- 7/8⠙ Extracting... ----------------------------------- ---- 7/8⠹ Extracting... ----------------------------------- ---- 7/8⠸ Extracting... ----------------------------------- ---- 7/8⠴ Extracting... ----------------------------------- ---- 7/8⠦ Extracting... ----------------------------------- ---- 7/8⠇ Extracting... ----------------------------------- ---- 7/8⠏ Extracting... ----------------------------------- ---- 7/8⠋ Extracting... ----------------------------------- ---- 7/8⠹ Extracting... ----------------------------------- ---- 7/8⠸ Extracting... ----------------------------------- ---- 7/8⠼ Extracting... ----------------------------------- ---- 7/8⠦ Extracting... ----------------------------------- ---- 7/8⠧ Extracting... ----------------------------------- ---- 7/8⠏ Extracting... ----------------------------------- ---- 7/8⠋ Extracting... ----------------------------------- ---- 7/8⠙ Extracting... ----------------------------------- ---- 7/8⠸ Extracting... ----------------------------------- ---- 7/8⠼ Extracting... ----------------------------------- ---- 7/8⠴ Extracting... ----------------------------------- ---- 7/8⠧ Extracting... ----------------------------------- ---- 7/8⠇ Extracting... ----------------------------------- ---- 7/8⠋ Extracting... ----------------------------------- ---- 7/8⠙ Extracting... ----------------------------------- ---- 7/8⠹ Extracting... ----------------------------------- ---- 7/8⠼ Extracting... ----------------------------------- ---- 7/8⠴ Extracting... ----------------------------------- ---- 7/8⠧ Extracting... ----------------------------------- ---- 7/8⠇ Extracting... ----------------------------------- ---- 7/8⠋ Extracting... ----------------------------------- ---- 7/8⠙ Extracting... ----------------------------------- ---- 7/8⠹ Extracting... ----------------------------------- ---- 7/8⠼ Extracting... ----------------------------------- ---- 7/8⠴ Extracting... ----------------------------------- ---- 7/8⠦ Extracting... ----------------------------------- ---- 7/8⠇ Extracting... ----------------------------------- ---- 7/8⠏ Extracting... ----------------------------------- ---- 7/8⠙ Extracting... ----------------------------------- ---- 7/8⠹ Extracting... ----------------------------------- ---- 7/8⠼ Extracting... ----------------------------------- ---- 7/8⠴ Extracting... ----------------------------------- ---- 7/8⠦ Extracting... ----------------------------------- ---- 7/8⠇ Extracting... ----------------------------------- ---- 7/8⠏ Extracting... ----------------------------------- ---- 7/8⠋ Extracting... ----------------------------------- ---- 7/8⠹ Extracting... ----------------------------------- ---- 7/8⠸ Extracting... ----------------------------------- ---- 7/8⠴ Extracting... ----------------------------------- ---- 7/8⠦ Extracting... ----------------------------------- ---- 7/8⠧ Extracting... ----------------------------------- ---- 7/8⠏ Extracting... ----------------------------------- ---- 7/8⠋ Extracting... ----------------------------------- ---- 7/8⠹ Extracting... ----------------------------------- ---- 7/8⠸ Extracting... ----------------------------------- ---- 7/8⠼ Extracting... ----------------------------------- ---- 7/8⠦ Extracting... ----------------------------------- ---- 7/8⠧ Extracting... ----------------------------------- ---- 7/8⠇ Extracting... ----------------------------------- ---- 7/8⠋ Extracting... ----------------------------------- ---- 7/8⠙ Extracting... ----------------------------------- ---- 7/8⠸ Extracting... ----------------------------------- ---- 7/8⠼ Extracting... ----------------------------------- ---- 7/8⠴ Extracting... ----------------------------------- ---- 7/8⠧ Extracting... ----------------------------------- ---- 7/8⠇ Extracting... ----------------------------------- ---- 7/8⠋ Extracting... ----------------------------------- ---- 7/8⠙ Extracting... ----------------------------------- ---- 7/8⠹ Extracting... ----------------------------------- ---- 7/8⠼ Extracting... ----------------------------------- ---- 7/8⠴ Extracting... ----------------------------------- ---- 7/8⠧ Extracting... ----------------------------------- ---- 7/8⠇ Extracting... ----------------------------------- ---- 7/8⠏ Extracting... ----------------------------------- ---- 7/8⠙ Extracting... ----------------------------------- ---- 7/8⠹ Extracting... ----------------------------------- ---- 7/8⠼ Extracting... ----------------------------------- ---- 7/8⠴ Extracting... ----------------------------------- ---- 7/8⠦ Extracting... ----------------------------------- ---- 7/8⠇ Extracting... ----------------------------------- ---- 7/8⠏ Extracting... ----------------------------------- ---- 7/8⠋ Extracting... ----------------------------------- ---- 7/8⠹ Extracting... ----------------------------------- ---- 7/8⠸ Extracting... ----------------------------------- ---- 7/8⠴ Extracting... ----------------------------------- ---- 7/8⠦ Extracting... ----------------------------------- ---- 7/8⠧ Extracting... ----------------------------------- ---- 7/8⠏ Extracting... ----------------------------------- ---- 7/8⠋ Extracting... ----------------------------------- ---- 7/8⠙ Extracting... ----------------------------------- ---- 7/8⠸ Extracting... ----------------------------------- ---- 7/8⠼ Extracting... ----------------------------------- ---- 7/8⠦ Extracting... ----------------------------------- ---- 7/8⠧ Extracting... ----------------------------------- ---- 7/8⠇ Extracting... ----------------------------------- ---- 7/8⠋ Extracting... ----------------------------------- ---- 7/8⠙ Extracting... ----------------------------------- ---- 7/8⠹ Extracting... ----------------------------------- ---- 7/8⠼ Extracting... ----------------------------------- ---- 7/8⠴ Extracting... ----------------------------------- ---- 7/8⠧ Extracting... ----------------------------------- ---- 7/8⠇ Extracting... ----------------------------------- ---- 7/8⠏ Extracting... ----------------------------------- ---- 7/8⠙ Extracting... ----------------------------------- ---- 7/8⠹ Extracting... ----------------------------------- ---- 7/8⠸ Extracting... ----------------------------------- ---- 7/8⠴ Extracting... ----------------------------------- ---- 7/8⠦ Extracting... ----------------------------------- ---- 7/8⠇ Extracting... ----------------------------------- ---- 7/8⠏ Extracting... ----------------------------------- ---- 7/8⠋ Extracting... ----------------------------------- ---- 7/8⠹ Extracting... ----------------------------------- ---- 7/8⠸ Extracting... ----------------------------------- ---- 7/8⠴ Extracting... ----------------------------------- ---- 7/8⠦ Extracting... ----------------------------------- ---- 7/8⠧ Extracting... ----------------------------------- ---- 7/8⠏ Extracting... ----------------------------------- ---- 7/8⠋ Extracting... ----------------------------------- ---- 7/8⠙ Extracting... ----------------------------------- ---- 7/8⠸ Extracting... ----------------------------------- ---- 7/8⠼ Extracting... ----------------------------------- ---- 7/8⠦ Extracting... ----------------------------------- ---- 7/8⠧ Extracting... ----------------------------------- ---- 7/8⠇ Extracting... ----------------------------------- ---- 7/8⠋ Extracting... ----------------------------------- ---- 7/8⠙ Extracting... ----------------------------------- ---- 7/8⠸ Extracting... ----------------------------------- ---- 7/8⠼ Extracting... ----------------------------------- ---- 7/8⠴ Extracting... ----------------------------------- ---- 7/8⠧ Extracting... ----------------------------------- ---- 7/8⠇ Extracting... ----------------------------------- ---- 7/8⠏ Extracting... ----------------------------------- ---- 7/8⠙ Extracting... ----------------------------------- ---- 7/8⠹ Extracting... ----------------------------------- ---- 7/8⠼ Extracting... ----------------------------------- ---- 7/8⠴ Extracting... ----------------------------------- ---- 7/8⠦ Extracting... ----------------------------------- ---- 7/8⠇ Extracting... ----------------------------------- ---- 7/8⠏ Extracting... ----------------------------------- ---- 7/8⠙ Extracting... ----------------------------------- ---- 7/8⠹ Extracting... ----------------------------------- ---- 7/8⠸ Extracting... ----------------------------------- ---- 7/8⠴ Extracting... ----------------------------------- ---- 7/8⠦ Extracting... ----------------------------------- ---- 7/8⠧ Extracting... ----------------------------------- ---- 7/8⠏ Extracting... ----------------------------------- ---- 7/8⠋ Extracting... ----------------------------------- ---- 7/8⠹ Extracting... ----------------------------------- ---- 7/8⠸ Extracting... ----------------------------------- ---- 7/8⠼ Extracting... ----------------------------------- ---- 7/8⠦ Extracting... ----------------------------------- ---- 7/8⠧ Extracting... ----------------------------------- ---- 7/8⠏ Extracting... ----------------------------------- ---- 7/8⠋ Extracting... ----------------------------------- ---- 7/8⠙ Extracting... ----------------------------------- ---- 7/8⠸ Extracting... ----------------------------------- ---- 7/8⠼ Extracting... ----------------------------------- ---- 7/8⠴ Extracting... ----------------------------------- ---- 7/8⠧ Extracting... ----------------------------------- ---- 7/8⠇ Extracting... ----------------------------------- ---- 7/8⠋ Extracting... ----------------------------------- ---- 7/8⠙ Extracting... ----------------------------------- ---- 7/8⠹ Extracting... ----------------------------------- ---- 7/8⠼ Extracting... ----------------------------------- ---- 7/8⠴ Extracting... ----------------------------------- ---- 7/8⠧ Extracting... ----------------------------------- ---- 7/8⠇ Extracting... ----------------------------------- ---- 7/8⠏ Extracting... ----------------------------------- ---- 7/8⠙ Extracting... ----------------------------------- ---- 7/8⠹ Extracting... ----------------------------------- ---- 7/8⠸ Extracting... ----------------------------------- ---- 7/8⠴ Extracting... ----------------------------------- ---- 7/8⠦ Extracting... ----------------------------------- ---- 7/8⠇ Extracting... ----------------------------------- ---- 7/8⠏ Extracting... ----------------------------------- ---- 7/8⠋ Extracting... ----------------------------------- ---- 7/8⠹ Extracting... ----------------------------------- ---- 7/8⠸ Extracting... ----------------------------------- ---- 7/8⠴ Extracting... ----------------------------------- ---- 7/8⠦ Extracting... ----------------------------------- ---- 7/8⠧ Extracting... ----------------------------------- ---- 7/8⠏ Extracting... ----------------------------------- ---- 7/8⠋ Extracting... ----------------------------------- ---- 7/8⠙ Extracting... ----------------------------------- ---- 7/8⠸ Extracting... ----------------------------------- ---- 7/8⠼ Extracting... ----------------------------------- ---- 7/8⠦ Extracting... ----------------------------------- ---- 7/8⠧ Extracting... ----------------------------------- ---- 7/8⠇ Extracting... ----------------------------------- ---- 7/8⠋ Extracting... ----------------------------------- ---- 7/8⠙ Extracting... ----------------------------------- ---- 7/8⠹ Extracting... ----------------------------------- ---- 7/8⠼ Extracting... ----------------------------------- ---- 7/8⠴ Extracting... ----------------------------------- ---- 7/8⠧ Extracting... ----------------------------------- ---- 7/8⠇ Extracting... ----------------------------------- ---- 7/8⠏ Extracting... ----------------------------------- ---- 7/8⠙ Extracting... ----------------------------------- ---- 7/8⠹ Extracting... ----------------------------------- ---- 7/8⠼ Extracting... ----------------------------------- ---- 7/8⠴ Extracting... ----------------------------------- ---- 7/8⠦ Extracting... ----------------------------------- ---- 7/8⠇ Extracting... ----------------------------------- ---- 7/8⠏ Extracting... ----------------------------------- ---- 7/8⠋ Extracting... ----------------------------------- ---- 7/8⠹ Extracting... ----------------------------------- ---- 7/8⠸ Extracting... ----------------------------------- ---- 7/8⠴ Extracting... ----------------------------------- ---- 7/8⠦ Extracting... ----------------------------------- ---- 7/8⠧ Extracting... ----------------------------------- ---- 7/8⠏ Extracting... ----------------------------------- ---- 7/8⠋ Extracting... ----------------------------------- ---- 7/8⠹ Extracting... ----------------------------------- ---- 7/8⠸ Extracting... ----------------------------------- ---- 7/8⠼ Extracting... ----------------------------------- ---- 7/8⠦ Extracting... ----------------------------------- ---- 7/8⠧ Extracting... ----------------------------------- ---- 7/8⠇ Extracting... ----------------------------------- ---- 7/8⠋ Extracting... ----------------------------------- ---- 7/8⠙ Extracting... ----------------------------------- ---- 7/8⠸ Extracting... ----------------------------------- ---- 7/8⠼ Extracting... ----------------------------------- ---- 7/8⠴ Extracting... ----------------------------------- ---- 7/8⠧ Extracting... ----------------------------------- ---- 7/8⠇ Extracting... ----------------------------------- ---- 7/8⠋ Extracting... ----------------------------------- ---- 7/8⠙ Extracting... ----------------------------------- ---- 7/8⠹ Extracting... ----------------------------------- ---- 7/8⠼ Extracting... ----------------------------------- ---- 7/8⠴ Extracting... ----------------------------------- ---- 7/8⠦ Extracting... ----------------------------------- ---- 7/8⠇ Extracting... ----------------------------------- ---- 7/8⠏ Extracting... ----------------------------------- ---- 7/8⠙ Extracting... ----------------------------------- ---- 7/8⠹ Extracting... ----------------------------------- ---- 7/8⠸ Extracting... ----------------------------------- ---- 7/8⠴ Extracting... ----------------------------------- ---- 7/8⠦ Extracting... ----------------------------------- ---- 7/8⠧ Extracting... ----------------------------------- ---- 7/8⠏ Extracting... ----------------------------------- ---- 7/8⠋ Extracting... ----------------------------------- ---- 7/8⠹ Extracting... ----------------------------------- ---- 7/8⠸ Extracting... ----------------------------------- ---- 7/8⠼ Extracting... ----------------------------------- ---- 7/8⠦ Extracting... ----------------------------------- ---- 7/8⠧ Extracting... ----------------------------------- ---- 7/8⠇ Extracting... ----------------------------------- ---- 7/8⠋ Extracting... ----------------------------------- ---- 7/8⠙ Extracting... ----------------------------------- ---- 7/8⠸ Extracting... ----------------------------------- ---- 7/8⠼ Extracting... ----------------------------------- ---- 7/8⠴ Extracting... ----------------------------------- ---- 7/8⠧ Extracting... ----------------------------------- ---- 7/8⠇ Extracting... ----------------------------------- ---- 7/8⠋ Extracting... ----------------------------------- ---- 7/8⠙ Extracting... ----------------------------------- ---- 7/8⠹ Extracting... ----------------------------------- ---- 7/8⠼ Extracting... ----------------------------------- ---- 7/8⠴ Extracting... ----------------------------------- ---- 7/8⠦ Extracting... ----------------------------------- ---- 7/8⠇ Extracting... ----------------------------------- ---- 7/8⠏ Extracting... ----------------------------------- ---- 7/8⠙ Extracting... ----------------------------------- ---- 7/8⠹ Extracting... ----------------------------------- ---- 7/8⠸ Extracting... ----------------------------------- ---- 7/8⠴ Extracting... ----------------------------------- ---- 7/8⠦ Extracting... ----------------------------------- ---- 7/8⠧ Extracting... ----------------------------------- ---- 7/8⠏ Extracting... ----------------------------------- ---- 7/8⠋ Extracting... ----------------------------------- ---- 7/8⠹ Extracting... ----------------------------------- ---- 7/8⠸ Extracting... ----------------------------------- ---- 7/8⠼ Extracting... ----------------------------------- ---- 7/8⠦ Extracting... ----------------------------------- ---- 7/8⠧ Extracting... ----------------------------------- ---- 7/8⠏ Extracting... ----------------------------------- ---- 7/8⠋ Extracting... ----------------------------------- ---- 7/8⠙ Extracting... ----------------------------------- ---- 7/8⠸ Extracting... ----------------------------------- ---- 7/8⠼ Extracting... ----------------------------------- ---- 7/8⠦ Extracting... ----------------------------------- ---- 7/8⠇ Extracting... ----------------------------------- ---- 7/8⠏ Extracting... ----------------------------------- ---- 7/8⠙ Extracting... ----------------------------------- ---- 7/8⠹ Extracting... ----------------------------------- ---- 7/8⠼ Extracting... ----------------------------------- ---- 7/8⠴ Extracting... ----------------------------------- ---- 7/8⠦ Extracting... ----------------------------------- ---- 7/8⠇ Extracting... ----------------------------------- ---- 7/8⠏ Extracting... ----------------------------------- ---- 7/8⠙ Extracting... ----------------------------------- ---- 7/8⠹ Extracting... ----------------------------------- ---- 7/8⠸ Extracting... ----------------------------------- ---- 7/8⠴ Extracting... ----------------------------------- ---- 7/8⠦ Extracting... ----------------------------------- ---- 7/8⠇ Extracting... ----------------------------------- ---- 7/8⠏ Extracting... ----------------------------------- ---- 7/8⠋ Extracting... ----------------------------------- ---- 7/8⠹ Extracting... ----------------------------------- ---- 7/8⠸ Extracting... ----------------------------------- ---- 7/8⠴ Extracting... ----------------------------------- ---- 7/8⠦ Extracting... ----------------------------------- ---- 7/8⠇ Extracting... ----------------------------------- ---- 7/8⠏ Extracting... ----------------------------------- ---- 7/8⠋ Extracting... ----------------------------------- ---- 7/8⠹ Extracting... ----------------------------------- ---- 7/8⠸ Extracting... ----------------------------------- ---- 7/8⠴ Extracting... ----------------------------------- ---- 7/8⠦ Extracting... ----------------------------------- ---- 7/8⠧ Extracting... ----------------------------------- ---- 7/8⠏ Extracting... ----------------------------------- ---- 7/8⠋ Extracting... ----------------------------------- ---- 7/8⠹ Extracting... ----------------------------------- ---- 7/8⠸ Extracting... ----------------------------------- ---- 7/8⠼ Extracting... ----------------------------------- ---- 7/8⠦ Extracting... ----------------------------------- ---- 7/8⠧ Extracting... ----------------------------------- ---- 7/8⠏ Extracting... ----------------------------------- ---- 7/8⠋ Extracting... ----------------------------------- ---- 7/8⠹ Extracting... ----------------------------------- ---- 7/8⠸ Extracting... ----------------------------------- ---- 7/8⠴ Extracting... ----------------------------------- ---- 7/8⠦ Extracting... ----------------------------------- ---- 7/8⠇ Extracting... ----------------------------------- ---- 7/8⠏ Extracting... ----------------------------------- ---- 7/8⠋ Extracting... ----------------------------------- ---- 7/8⠹ Extracting... ----------------------------------- ---- 7/8⠸ Extracting... ----------------------------------- ---- 7/8⠴ Extracting... ----------------------------------- ---- 7/8⠦ Extracting... ----------------------------------- ---- 7/8⠇ Extracting... ----------------------------------- ---- 7/8⠏ Extracting... ----------------------------------- ---- 7/8⠋ Extracting... ----------------------------------- ---- 7/8⠹ Extracting... ----------------------------------- ---- 7/8⠸ Extracting... ----------------------------------- ---- 7/8⠴ Extracting... ----------------------------------- ---- 7/8⠦ Extracting... ----------------------------------- ---- 7/8⠧ Extracting... ----------------------------------- ---- 7/8⠏ Extracting... ----------------------------------- ---- 7/8⠋ Extracting... ----------------------------------- ---- 7/8⠹ Extracting... ----------------------------------- ---- 7/8⠸ Extracting... ----------------------------------- ---- 7/8⠴ Extracting... ----------------------------------- ---- 7/8⠦ Extracting... ----------------------------------- ---- 7/8⠧ Extracting... ----------------------------------- ---- 7/8⠏ Extracting... ----------------------------------- ---- 7/8⠙ Extracting... ----------------------------------- ---- 7/8⠹ Extracting... ----------------------------------- ---- 7/8⠸ Extracting... ----------------------------------- ---- 7/8⠴ Extracting... ----------------------------------- ---- 7/8⠦ Extracting... ----------------------------------- ---- 7/8⠇ Extracting... ----------------------------------- ---- 7/8⠏ Extracting... ----------------------------------- ---- 7/8⠙ Extracting... ----------------------------------- ---- 7/8⠹ Extracting... ----------------------------------- ---- 7/8⠸ Extracting... ----------------------------------- ---- 7/8⠴ Extracting... ----------------------------------- ---- 7/8⠦ Extracting... ----------------------------------- ---- 7/8⠇ Extracting... ----------------------------------- ---- 7/8⠏ Extracting... ----------------------------------- ---- 7/8⠋ Extracting... ----------------------------------- ---- 7/8⠹ Extracting... ----------------------------------- ---- 7/8⠸ Extracting... ----------------------------------- ---- 7/8⠴ Extracting... ----------------------------------- ---- 7/8⠦ Extracting... ----------------------------------- ---- 7/8⠧ Extracting... ----------------------------------- ---- 7/8⠏ Extracting... ----------------------------------- ---- 7/8⠋ Extracting... ----------------------------------- ---- 7/8⠹ Extracting... ----------------------------------- ---- 7/8⠼ Extracting... ----------------------------------- ---- 7/8⠴ Extracting... ----------------------------------- ---- 7/8⠧ Extracting... ----------------------------------- ---- 7/8⠏ Extracting... ----------------------------------- ---- 7/8⠙ Extracting... ----------------------------------- ---- 7/8⠹ Extracting... ----------------------------------- ---- 7/8⠼ Extracting... ----------------------------------- ---- 7/8⠦ Extracting... ----------------------------------- ---- 7/8⠇ Extracting... ----------------------------------- ---- 7/8⠏ Extracting... ----------------------------------- ---- 7/8⠙ Extracting... ----------------------------------- ---- 7/8⠹ Extracting... ----------------------------------- ---- 7/8⠼ Extracting... ----------------------------------- ---- 7/8⠦ Extracting... ----------------------------------- ---- 7/8⠏ Extracting... ----------------------------------- ---- 7/8⠙ Extracting... ----------------------------------- ---- 7/8⠹ Extracting... ----------------------------------- ---- 7/8⠼ Extracting... ----------------------------------- ---- 7/8⠴ Extracting... ----------------------------------- ---- 7/8⠦ Extracting... ----------------------------------- ---- 7/8⠇ Extracting... ----------------------------------- ---- 7/8⠏ Extracting... ----------------------------------- ---- 7/8⠙ Extracting... ----------------------------------- ---- 7/8⠹ Extracting... ----------------------------------- ---- 7/8⠸ Extracting... ----------------------------------- ---- 7/8⠴ Extracting... ----------------------------------- ---- 7/8⠦ Extracting... ----------------------------------- ---- 7/8⠧ Extracting... ----------------------------------- ---- 7/8⠏ Extracting... ----------------------------------- ---- 7/8⠋ Extracting... ----------------------------------- ---- 7/8⠹ Extracting... ----------------------------------- ---- 7/8⠸ Extracting... ----------------------------------- ---- 7/8⠼ Extracting... ----------------------------------- ---- 7/8⠦ Extracting... ----------------------------------- ---- 7/8⠧ Extracting... ----------------------------------- ---- 7/8⠏ Extracting... ----------------------------------- ---- 7/8⠋ Extracting... ----------------------------------- ---- 7/8⠙ Extracting... ----------------------------------- ---- 7/8⠸ Extracting... ----------------------------------- ---- 7/8⠼ Extracting... ----------------------------------- ---- 7/8⠴ Extracting... ----------------------------------- ---- 7/8⠧ Extracting... ----------------------------------- ---- 7/8⠇ Extracting... ----------------------------------- ---- 7/8⠋ Extracting... ----------------------------------- ---- 7/8⠙ Extracting... ----------------------------------- ---- 7/8⠹ Extracting... ----------------------------------- ---- 7/8⠼ Extracting... ----------------------------------- ---- 7/8⠴ Extracting... ----------------------------------- ---- 7/8⠦ Extracting... ----------------------------------- ---- 7/8⠇ Extracting... ----------------------------------- ---- 7/8⠏ Extracting... ----------------------------------- ---- 7/8⠙ Extracting... ----------------------------------- ---- 7/8⠹ Extracting... ----------------------------------- ---- 7/8⠸ Extracting... ----------------------------------- ---- 7/8⠴ Extracting... ----------------------------------- ---- 7/8⠦ Extracting... ----------------------------------- ---- 7/8⠧ Extracting... ----------------------------------- ---- 7/8⠏ Extracting... ----------------------------------- ---- 7/8⠋ Extracting... ----------------------------------- ---- 7/8⠹ Extracting... ----------------------------------- ---- 7/8⠸ Extracting... ----------------------------------- ---- 7/8⠼ Extracting... ----------------------------------- ---- 7/8⠦ Extracting... ----------------------------------- ---- 7/8⠧ Extracting... ----------------------------------- ---- 7/8⠏ Extracting... ----------------------------------- ---- 7/8⠋ Extracting... ----------------------------------- ---- 7/8⠙ Extracting... ----------------------------------- ---- 7/8⠸ Extracting... ----------------------------------- ---- 7/8⠼ Extracting... ----------------------------------- ---- 7/8⠴ Extracting... ----------------------------------- ---- 7/8⠧ Extracting... ----------------------------------- ---- 7/8⠇ Extracting... ----------------------------------- ---- 7/8⠋ Extracting... ----------------------------------- ---- 7/8⠙ Extracting... ----------------------------------- ---- 7/8⠹ Extracting... ----------------------------------- ---- 7/8⠼ Extracting... ----------------------------------- ---- 7/8⠴ Extracting... ----------------------------------- ---- 7/8⠧ Extracting... ----------------------------------- ---- 7/8⠇ Extracting... ----------------------------------- ---- 7/8⠏ Extracting... ----------------------------------- ---- 7/8⠙ Extracting... ----------------------------------- ---- 7/8⠹ Extracting... ----------------------------------- ---- 7/8⠼ Extracting... ----------------------------------- ---- 7/8⠴ Extracting... ----------------------------------- ---- 7/8⠦ Extracting... ----------------------------------- ---- 7/8⠇ Extracting... ----------------------------------- ---- 7/8⠏ Extracting... ----------------------------------- ---- 7/8⠋ Extracting... ----------------------------------- ---- 7/8⠹ Extracting... ----------------------------------- ---- 7/8⠸ Extracting... ----------------------------------- ---- 7/8⠴ Extracting... ----------------------------------- ---- 7/8⠦ Extracting... ----------------------------------- ---- 7/8⠧ Extracting... ----------------------------------- ---- 7/8⠏ Extracting... ----------------------------------- ---- 7/8⠋ Extracting... ----------------------------------- ---- 7/8⠹ Extracting... ----------------------------------- ---- 7/8⠸ Extracting... ----------------------------------- ---- 7/8⠼ Extracting... ----------------------------------- ---- 7/8⠦ Extracting... ----------------------------------- ---- 7/8⠧ Extracting... ----------------------------------- ---- 7/8⠇ Extracting... ----------------------------------- ---- 7/8⠋ Extracting... ----------------------------------- ---- 7/8⠙ Extracting... ----------------------------------- ---- 7/8⠸ Extracting... ----------------------------------- ---- 7/8⠼ Extracting... ----------------------------------- ---- 7/8⠴ Extracting... ----------------------------------- ---- 7/8⠧ Extracting... ----------------------------------- ---- 7/8⠇ Extracting... ----------------------------------- ---- 7/8⠏ Extracting... ----------------------------------- ---- 7/8⠙ Extracting... ----------------------------------- ---- 7/8⠹ Extracting... ----------------------------------- ---- 7/8⠼ Extracting... ----------------------------------- ---- 7/8⠴ Extracting... ----------------------------------- ---- 7/8⠦ Extracting... ----------------------------------- ---- 7/8⠇ Extracting... ----------------------------------- ---- 7/8⠏ Extracting... ----------------------------------- ---- 7/8⠙ Extracting... ----------------------------------- ---- 7/8⠹ Extracting... ----------------------------------- ---- 7/8⠸ Extracting... ----------------------------------- ---- 7/8⠴ Extracting... ----------------------------------- ---- 7/8⠦ Extracting... ----------------------------------- ---- 7/8⠧ Extracting... ----------------------------------- ---- 7/8⠏ Extracting... ----------------------------------- ---- 7/8⠋ Extracting... ----------------------------------- ---- 7/8⠹ Extracting... ----------------------------------- ---- 7/8⠸ Extracting... ----------------------------------- ---- 7/8⠼ Extracting... ----------------------------------- ---- 7/8⠦ Extracting... ----------------------------------- ---- 7/8⠧ Extracting... ----------------------------------- ---- 7/8⠇ Extracting... ----------------------------------- ---- 7/8⠋ Extracting... ----------------------------------- ---- 7/8⠙ Extracting... ----------------------------------- ---- 7/8⠸ Extracting... ----------------------------------- ---- 7/8⠼ Extracting... ----------------------------------- ---- 7/8⠴ Extracting... ----------------------------------- ---- 7/8⠧ Extracting... ----------------------------------- ---- 7/8⠇ Extracting... ----------------------------------- ---- 7/8⠋ Extracting... ----------------------------------- ---- 7/8⠙ Extracting... ----------------------------------- ---- 7/8⠹ Extracting... ----------------------------------- ---- 7/8⠼ Extracting... ----------------------------------- ---- 7/8⠴ Extracting... ----------------------------------- ---- 7/8⠦ Extracting... ----------------------------------- ---- 7/8⠇ Extracting... ----------------------------------- ---- 7/8⠏ Extracting... ----------------------------------- ---- 7/8⠙ Extracting... ----------------------------------- ---- 7/8⠹ Extracting... ----------------------------------- ---- 7/8⠸ Extracting... ----------------------------------- ---- 7/8⠴ Extracting... ----------------------------------- ---- 7/8⠦ Extracting... ----------------------------------- ---- 7/8⠧ Extracting... ----------------------------------- ---- 7/8⠏ Extracting... ----------------------------------- ---- 7/8⠋ Extracting... ----------------------------------- ---- 7/8⠹ Extracting... ----------------------------------- ---- 7/8⠸ Extracting... ----------------------------------- ---- 7/8⠼ Extracting... ----------------------------------- ---- 7/8⠦ Extracting... ----------------------------------- ---- 7/8⠧ Extracting... ----------------------------------- ---- 7/8⠏ Extracting... ----------------------------------- ---- 7/8⠋ Extracting... ----------------------------------- ---- 7/8⠙ Extracting... ----------------------------------- ---- 7/8⠸ Extracting... ----------------------------------- ---- 7/8⠼ Extracting... ----------------------------------- ---- 7/8⠴ Extracting... ----------------------------------- ---- 7/8⠧ Extracting... ----------------------------------- ---- 7/8⠇ Extracting... ----------------------------------- ---- 7/8⠋ Extracting... ----------------------------------- ---- 7/8⠙ Extracting... ----------------------------------- ---- 7/8⠹ Extracting... ----------------------------------- ---- 7/8⠼ Extracting... ----------------------------------- ---- 7/8⠴ Extracting... ----------------------------------- ---- 7/8⠧ Extracting... ----------------------------------- ---- 7/8⠇ Extracting... ----------------------------------- ---- 7/8⠏ Extracting... ----------------------------------- ---- 7/8⠙ Extracting... ----------------------------------- ---- 7/8⠹ Extracting... ----------------------------------- ---- 7/8⠸ Extracting... ----------------------------------- ---- 7/8⠴ Extracting... ----------------------------------- ---- 7/8⠦ Extracting... ----------------------------------- ---- 7/8⠇ Extracting... ----------------------------------- ---- 7/8⠏ Extracting... ----------------------------------- ---- 7/8⠋ Extracting... ----------------------------------- ---- 7/8⠹ Extracting... ----------------------------------- ---- 7/8⠸ Extracting... ----------------------------------- ---- 7/8⠴ Extracting... ----------------------------------- ---- 7/8⠦ Extracting... ----------------------------------- ---- 7/8⠧ Extracting... ----------------------------------- ---- 7/8⠏ Extracting... ----------------------------------- ---- 7/8⠋ Extracting... ----------------------------------- ---- 7/8⠙ Extracting... ----------------------------------- ---- 7/8⠸ Extracting... ----------------------------------- ---- 7/8⠼ Extracting... ----------------------------------- ---- 7/8⠦ Extracting... ----------------------------------- ---- 7/8⠧ Extracting... ----------------------------------- ---- 7/8⠇ Extracting... ----------------------------------- ---- 7/8⠋ Extracting... ----------------------------------- ---- 7/8⠙ Extracting... ----------------------------------- ---- 7/8⠸ Extracting... ----------------------------------- ---- 7/8⠼ Extracting... ----------------------------------- ---- 7/8⠴ Extracting... ----------------------------------- ---- 7/8⠧ Extracting... ----------------------------------- ---- 7/8⠇ Extracting... ----------------------------------- ---- 7/8⠋ Extracting... ----------------------------------- ---- 7/8⠙ Extracting... ----------------------------------- ---- 7/8⠹ Extracting... ----------------------------------- ---- 7/8⠼ Extracting... ----------------------------------- ---- 7/8⠴ Extracting... ----------------------------------- ---- 7/8⠦ Extracting... ----------------------------------- ---- 7/8⠇ Extracting... ----------------------------------- ---- 7/8⠏ Extracting... ----------------------------------- ---- 7/8⠙ Extracting... ----------------------------------- ---- 7/8⠹ Extracting... ----------------------------------- ---- 7/8⠸ Extracting... ----------------------------------- ---- 7/8⠴ Extracting... ----------------------------------- ---- 7/8⠦ Extracting... ----------------------------------- ---- 7/8⠧ Extracting... ----------------------------------- ---- 7/8⠏ Extracting... ----------------------------------- ---- 7/8⠋ Extracting... ----------------------------------- ---- 7/8⠹ Extracting... ----------------------------------- ---- 7/8⠸ Extracting... ----------------------------------- ---- 7/8⠼ Extracting... ----------------------------------- ---- 7/8⠦ Extracting... ----------------------------------- ---- 7/8⠧ Extracting... ----------------------------------- ---- 7/8⠇ Extracting... ----------------------------------- ---- 7/8⠋ Extracting... ----------------------------------- ---- 7/8⠙ Extracting... ----------------------------------- ---- 7/8⠸ Extracting... ----------------------------------- ---- 7/8⠼ Extracting... ----------------------------------- ---- 7/8⠴ Extracting... ----------------------------------- ---- 7/8⠧ Extracting... ----------------------------------- ---- 7/8⠇ Extracting... ----------------------------------- ---- 7/8⠋ Extracting... ----------------------------------- ---- 7/8⠙ Extracting... ----------------------------------- ---- 7/8⠹ Extracting... ----------------------------------- ---- 7/8⠼ Extracting... ----------------------------------- ---- 7/8⠴ Extracting... ----------------------------------- ---- 7/8⠦ Extracting... ----------------------------------- ---- 7/8⠇ Extracting... ----------------------------------- ---- 7/8⠏ Extracting... ----------------------------------- ---- 7/8⠙ Extracting... ----------------------------------- ---- 7/8⠹ Extracting... ----------------------------------- ---- 7/8⠸ Extracting... ----------------------------------- ---- 7/8⠴ Extracting... ----------------------------------- ---- 7/8⠦ Extracting... ----------------------------------- ---- 7/8⠇ Extracting... ----------------------------------- ---- 7/8⠏ Extracting... ----------------------------------- ---- 7/8⠋ Extracting... ----------------------------------- ---- 7/8⠹ Extracting... ----------------------------------- ---- 7/8⠸ Extracting... ----------------------------------- ---- 7/8⠼ Extracting... ----------------------------------- ---- 7/8⠦ Extracting... ----------------------------------- ---- 7/8⠧ Extracting... ----------------------------------- ---- 7/8⠏ Extracting... ----------------------------------- ---- 7/8⠋ Extracting... ----------------------------------- ---- 7/8⠙ Extracting... ----------------------------------- ---- 7/8⠸ Extracting... ----------------------------------- ---- 7/8⠼ Extracting... ----------------------------------- ---- 7/8⠴ Extracting... ----------------------------------- ---- 7/8⠧ Extracting... ----------------------------------- ---- 7/8⠇ Extracting... ----------------------------------- ---- 7/8⠋ Extracting... ----------------------------------- ---- 7/8⠙ Extracting... ----------------------------------- ---- 7/8⠸ Extracting... ----------------------------------- ---- 7/8⠼ Extracting... ----------------------------------- ---- 7/8⠴ Extracting... ----------------------------------- ---- 7/8⠧ Extracting... ----------------------------------- ---- 7/8⠇ Extracting... ----------------------------------- ---- 7/8⠋ Extracting... ----------------------------------- ---- 7/8⠙ Extracting... ----------------------------------- ---- 7/8⠹ Extracting... ----------------------------------- ---- 7/8⠼ Extracting... ----------------------------------- ---- 7/8⠴ Extracting... ----------------------------------- ---- 7/8⠦ Extracting... ----------------------------------- ---- 7/8⠇ Extracting... ----------------------------------- ---- 7/8⠏ Extracting... ----------------------------------- ---- 7/8⠙ Extracting... ----------------------------------- ---- 7/8⠹ Extracting... ----------------------------------- ---- 7/8⠸ Extracting... ----------------------------------- ---- 7/8⠴ Extracting... ----------------------------------- ---- 7/8⠦ Extracting... ----------------------------------- ---- 7/8⠧ Extracting... ----------------------------------- ---- 7/8⠏ Extracting... ----------------------------------- ---- 7/8⠋ Extracting... ----------------------------------- ---- 7/8⠹ Extracting... ----------------------------------- ---- 7/8⠸ Extracting... ----------------------------------- ---- 7/8⠼ Extracting... ----------------------------------- ---- 7/8⠦ Extracting... ----------------------------------- ---- 7/8⠧ Extracting... ----------------------------------- ---- 7/8⠇ Extracting... ----------------------------------- ---- 7/8⠋ Extracting... ----------------------------------- ---- 7/8⠙ Extracting... ----------------------------------- ---- 7/8⠸ Extracting... ----------------------------------- ---- 7/8⠼ Extracting... ----------------------------------- ---- 7/8⠴ Extracting... ----------------------------------- ---- 7/8⠧ Extracting... ----------------------------------- ---- 7/8⠇ Extracting... ----------------------------------- ---- 7/8⠋ Extracting... ----------------------------------- ---- 7/8⠙ Extracting... ----------------------------------- ---- 7/8⠹ Extracting... ----------------------------------- ---- 7/8⠼ Extracting... ----------------------------------- ---- 7/8⠴ Extracting... ----------------------------------- ---- 7/8⠦ Extracting... ----------------------------------- ---- 7/8⠇ Extracting... ----------------------------------- ---- 7/8⠏ Extracting... ----------------------------------- ---- 7/8⠙ Extracting... ----------------------------------- ---- 7/8⠹ Extracting... ----------------------------------- ---- 7/8⠸ Extracting... ----------------------------------- ---- 7/8⠴ Extracting... ----------------------------------- ---- 7/8⠦ Extracting... ----------------------------------- ---- 7/8⠇ Extracting... ----------------------------------- ---- 7/8⠏ Extracting... ----------------------------------- ---- 7/8⠋ Extracting... ----------------------------------- ---- 7/8⠹ Extracting... ----------------------------------- ---- 7/8⠸ Extracting... ----------------------------------- ---- 7/8⠴ Extracting... ----------------------------------- ---- 7/8⠦ Extracting... ----------------------------------- ---- 7/8⠧ Extracting... ----------------------------------- ---- 7/8⠏ Extracting... ----------------------------------- ---- 7/8⠋ Extracting... ----------------------------------- ---- 7/8⠹ Extracting... ----------------------------------- ---- 7/8⠸ Extracting... ----------------------------------- ---- 7/8⠼ Extracting... ----------------------------------- ---- 7/8⠦ Extracting... ----------------------------------- ---- 7/8⠧ Extracting... ----------------------------------- ---- 7/8⠇ Extracting... ----------------------------------- ---- 7/8⠋ Extracting... ----------------------------------- ---- 7/8⠙ Extracting... ----------------------------------- ---- 7/8⠸ Extracting... ----------------------------------- ---- 7/8⠼ Extracting... ----------------------------------- ---- 7/8⠦ Extracting... ----------------------------------- ---- 7/8⠧ Extracting... ----------------------------------- ---- 7/8⠇ Extracting... ----------------------------------- ---- 7/8⠋ Extracting... ----------------------------------- ---- 7/8⠙ Extracting... ----------------------------------- ---- 7/8⠸ Extracting... ----------------------------------- ---- 7/8⠼ Extracting... ----------------------------------- ---- 7/8⠴ Extracting... ----------------------------------- ---- 7/8⠧ Extracting... ----------------------------------- ---- 7/8⠇ Extracting... ----------------------------------- ---- 7/8⠏ Extracting... ----------------------------------- ---- 7/8⠙ Extracting... ----------------------------------- ---- 7/8⠹ Extracting... ----------------------------------- ---- 7/8⠼ Extracting... ----------------------------------- ---- 7/8⠴ Extracting... ----------------------------------- ---- 7/8⠦ Extracting... ----------------------------------- ---- 7/8⠇ Extracting... ----------------------------------- ---- 7/8⠏ Extracting... ----------------------------------- ---- 7/8⠙ Extracting... ----------------------------------- ---- 7/8⠹ Extracting... ----------------------------------- ---- 7/8⠸ Extracting... ----------------------------------- ---- 7/8⠴ Extracting... ----------------------------------- ---- 7/8⠦ Extracting... ----------------------------------- ---- 7/8⠧ Extracting... ----------------------------------- ---- 7/8⠏ Extracting... ----------------------------------- ---- 7/8⠋ Extracting... ----------------------------------- ---- 7/8⠹ Extracting... ----------------------------------- ---- 7/8⠸ Extracting... ----------------------------------- ---- 7/8⠼ Extracting... ----------------------------------- ---- 7/8⠦ Extracting... ----------------------------------- ---- 7/8⠧ Extracting... ----------------------------------- ---- 7/8⠇ Extracting... ----------------------------------- ---- 7/8⠋ Extracting... ----------------------------------- ---- 7/8⠙ Extracting... ----------------------------------- ---- 7/8⠸ Extracting... ----------------------------------- ---- 7/8⠼ Extracting... ----------------------------------- ---- 7/8⠴ Extracting... ----------------------------------- ---- 7/8⠧ Extracting... ----------------------------------- ---- 7/8⠇ Extracting... ----------------------------------- ---- 7/8⠋ Extracting... ----------------------------------- ---- 7/8⠙ Extracting... ----------------------------------- ---- 7/8⠹ Extracting... ----------------------------------- ---- 7/8⠼ Extracting... ----------------------------------- ---- 7/8⠴ Extracting... ----------------------------------- ---- 7/8⠦ Extracting... ----------------------------------- ---- 7/8⠇ Extracting... ----------------------------------- ---- 7/8⠏ Extracting... ----------------------------------- ---- 7/8⠙ Extracting... ----------------------------------- ---- 7/8⠹ Extracting... ----------------------------------- ---- 7/8⠸ Extracting... ----------------------------------- ---- 7/8⠴ Extracting... ----------------------------------- ---- 7/8⠦ Extracting... ----------------------------------- ---- 7/8⠇ Extracting... ----------------------------------- ---- 7/8⠏ Extracting... ----------------------------------- ---- 7/8⠋ Extracting... ----------------------------------- ---- 7/8⠹ Extracting... ----------------------------------- ---- 7/8⠸ Extracting... ----------------------------------- ---- 7/8⠼ Extracting... ----------------------------------- ---- 7/8⠦ Extracting... ----------------------------------- ---- 7/8⠧ Extracting... ----------------------------------- ---- 7/8⠏ Extracting... ----------------------------------- ---- 7/8⠋ Extracting... ----------------------------------- ---- 7/8⠙ Extracting... ----------------------------------- ---- 7/8⠸ Extracting... ----------------------------------- ---- 7/8⠼ Extracting... ----------------------------------- ---- 7/8⠴ Extracting... ----------------------------------- ---- 7/8⠧ Extracting... ----------------------------------- ---- 7/8⠇ Extracting... ----------------------------------- ---- 7/8⠋ Extracting... ----------------------------------- ---- 7/8⠙ Extracting... ----------------------------------- ---- 7/8⠹ Extracting... ----------------------------------- ---- 7/8⠼ Extracting... ----------------------------------- ---- 7/8⠴ Extracting... ----------------------------------- ---- 7/8⠦ Extracting... ----------------------------------- ---- 7/8⠇ Extracting... ----------------------------------- ---- 7/8⠏ Extracting... ----------------------------------- ---- 7/8⠙ Extracting... ----------------------------------- ---- 7/8⠹ Extracting... ----------------------------------- ---- 7/8⠸ Extracting... ----------------------------------- ---- 7/8⠴ Extracting... ----------------------------------- ---- 7/8⠦ Extracting... ----------------------------------- ---- 7/8⠇ Extracting... ----------------------------------- ---- 7/8⠏ Extracting... ----------------------------------- ---- 7/8⠋ Extracting... ----------------------------------- ---- 7/8⠹ Extracting... ----------------------------------- ---- 7/8⠸ Extracting... ----------------------------------- ---- 7/8⠴ Extracting... ----------------------------------- ---- 7/8⠦ Extracting... ----------------------------------- ---- 7/8⠧ Extracting... ----------------------------------- ---- 7/8⠏ Extracting... ----------------------------------- ---- 7/8⠋ Extracting... ----------------------------------- ---- 7/8⠙ Extracting... ----------------------------------- ---- 7/8⠸ Extracting... ----------------------------------- ---- 7/8⠼ Extracting... ----------------------------------- ---- 7/8⠦ Extracting... ----------------------------------- ---- 7/8⠧ Extracting... ----------------------------------- ---- 7/8⠇ Extracting... ----------------------------------- ---- 7/8⠋ Extracting... ----------------------------------- ---- 7/8⠙ Extracting... ----------------------------------- ---- 7/8⠸ Extracting... ----------------------------------- ---- 7/8⠼ Extracting... ----------------------------------- ---- 7/8⠴ Extracting... ----------------------------------- ---- 7/8⠧ Extracting... ----------------------------------- ---- 7/8⠇ Extracting... ----------------------------------- ---- 7/8⠏ Extracting... ----------------------------------- ---- 7/8⠙ Extracting... ----------------------------------- ---- 7/8⠹ Extracting... ----------------------------------- ---- 7/8⠼ Extracting... ----------------------------------- ---- 7/8⠴ Extracting... ----------------------------------- ---- 7/8⠦ Extracting... ----------------------------------- ---- 7/8⠇ Extracting... ----------------------------------- ---- 7/8⠏ Extracting... ----------------------------------- ---- 7/8⠋ Extracting... ----------------------------------- ---- 7/8⠹ Extracting... ----------------------------------- ---- 7/8⠸ Extracting... ----------------------------------- ---- 7/8⠴ Extracting... ----------------------------------- ---- 7/8⠦ Extracting... ----------------------------------- ---- 7/8⠧ Extracting... ----------------------------------- ---- 7/8⠏ Extracting... ----------------------------------- ---- 7/8⠋ Extracting... ----------------------------------- ---- 7/8⠹ Extracting... ----------------------------------- ---- 7/8⠸ Extracting... ----------------------------------- ---- 7/8⠼ Extracting... ----------------------------------- ---- 7/8⠦ Extracting... ----------------------------------- ---- 7/8⠧ Extracting... ----------------------------------- ---- 7/8⠇ Extracting... ----------------------------------- ---- 7/8⠋ Extracting... ----------------------------------- ---- 7/8⠙ Extracting... ----------------------------------- ---- 7/8⠸ Extracting... ----------------------------------- ---- 7/8⠼ Extracting... ----------------------------------- ---- 7/8⠴ Extracting... ----------------------------------- ---- 7/8⠧ Extracting... ----------------------------------- ---- 7/8⠇ Extracting... ----------------------------------- ---- 7/8⠏ Extracting... ----------------------------------- ---- 7/8⠙ Extracting... ----------------------------------- ---- 7/8⠹ Extracting... ----------------------------------- ---- 7/8⠼ Extracting... ----------------------------------- ---- 7/8⠴ Extracting... ----------------------------------- ---- 7/8⠦ Extracting... ----------------------------------- ---- 7/8⠇ Extracting... ----------------------------------- ---- 7/8⠏ Extracting... ----------------------------------- ---- 7/8⠋ Extracting... ----------------------------------- ---- 7/8⠹ Extracting... ----------------------------------- ---- 7/8⠸ Extracting... ----------------------------------- ---- 7/8⠴ Extracting... ----------------------------------- ---- 7/8⠦ Extracting... ----------------------------------- ---- 7/8⠧ Extracting... ----------------------------------- ---- 7/8⠏ Extracting... ----------------------------------- ---- 7/8⠋ Extracting... ----------------------------------- ---- 7/8⠙ Extracting... ----------------------------------- ---- 7/8⠸ Extracting... ----------------------------------- ---- 7/8⠼ Extracting... ----------------------------------- ---- 7/8⠦ Extracting... ----------------------------------- ---- 7/8⠧ Extracting... ----------------------------------- ---- 7/8⠇ Extracting... ----------------------------------- ---- 7/8⠋ Extracting... ----------------------------------- ---- 7/8⠙ Extracting... ----------------------------------- ---- 7/8⠸ Extracting... ----------------------------------- ---- 7/8⠼ Extracting... ----------------------------------- ---- 7/8⠴ Extracting... ----------------------------------- ---- 7/8⠧ Extracting... ----------------------------------- ---- 7/8⠇ Extracting... ----------------------------------- ---- 7/8⠋ Extracting... ----------------------------------- ---- 7/8⠙ Extracting... ----------------------------------- ---- 7/8⠹ Extracting... ----------------------------------- ---- 7/8⠼ Extracting... ----------------------------------- ---- 7/8⠴ Extracting... ----------------------------------- ---- 7/8⠦ Extracting... ----------------------------------- ---- 7/8⠇ Extracting... ----------------------------------- ---- 7/8⠏ Extracting... ----------------------------------- ---- 7/8⠙ Extracting... ----------------------------------- ---- 7/8⠹ Extracting... ----------------------------------- ---- 7/8⠸ Extracting... ----------------------------------- ---- 7/8⠴ Extracting... ----------------------------------- ---- 7/8⠦ Extracting... ----------------------------------- ---- 7/8⠇ Extracting... ----------------------------------- ---- 7/8⠏ Extracting... ----------------------------------- ---- 7/8⠋ Extracting... ----------------------------------- ---- 7/8⠹ Extracting... ----------------------------------- ---- 7/8⠸ Extracting... ----------------------------------- ---- 7/8⠼ Extracting... ----------------------------------- ---- 7/8⠦ Extracting... ----------------------------------- ---- 7/8⠧ Extracting... ----------------------------------- ---- 7/8⠏ Extracting... ----------------------------------- ---- 7/8⠋ Extracting... ----------------------------------- ---- 7/8⠙ Extracting... ----------------------------------- ---- 7/8⠸ Extracting... ----------------------------------- ---- 7/8⠼ Extracting... ----------------------------------- ---- 7/8⠦ Extracting... ----------------------------------- ---- 7/8⠧ Extracting... ----------------------------------- ---- 7/8⠇ Extracting... ----------------------------------- ---- 7/8⠋ Extracting... ----------------------------------- ---- 7/8⠙ Extracting... ----------------------------------- ---- 7/8⠹ Extracting... ----------------------------------- ---- 7/8⠼ Extracting... ----------------------------------- ---- 7/8⠴ Extracting... ----------------------------------- ---- 7/8⠧ Extracting... ----------------------------------- ---- 7/8⠇ Extracting... ----------------------------------- ---- 7/8⠏ Extracting... ----------------------------------- ---- 7/8⠙ Extracting... ----------------------------------- ---- 7/8⠹ Extracting... ----------------------------------- ---- 7/8⠸ Extracting... ----------------------------------- ---- 7/8⠴ Extracting... ----------------------------------- ---- 7/8⠦ Extracting... ----------------------------------- ---- 7/8⠇ Extracting... ----------------------------------- ---- 7/8⠏ Extracting... ----------------------------------- ---- 7/8⠋ Extracting... ----------------------------------- ---- 7/8⠹ Extracting... ----------------------------------- ---- 7/8⠸ Extracting... ----------------------------------- ---- 7/8⠼ Extracting... ----------------------------------- ---- 7/8⠦ Extracting... ----------------------------------- ---- 7/8⠧ Extracting... ----------------------------------- ---- 7/8⠏ Extracting... ----------------------------------- ---- 7/8⠋ Extracting... ----------------------------------- ---- 7/8⠙ Extracting... ----------------------------------- ---- 7/8⠸ Extracting... ----------------------------------- ---- 7/8⠼ Extracting... ----------------------------------- ---- 7/8⠦ Extracting... ----------------------------------- ---- 7/8⠧ Extracting... ----------------------------------- ---- 7/8⠇ Extracting... ----------------------------------- ---- 7/8⠋ Extracting... ----------------------------------- ---- 7/8⠙ Extracting... ----------------------------------- ---- 7/8⠹ Extracting... ----------------------------------- ---- 7/8⠼ Extracting... ----------------------------------- ---- 7/8⠴ Extracting... ----------------------------------- ---- 7/8⠧ Extracting... ----------------------------------- ---- 7/8⠇ Extracting... ----------------------------------- ---- 7/8⠏ Extracting... ----------------------------------- ---- 7/8⠙ Extracting... ----------------------------------- ---- 7/8⠹ Extracting... ----------------------------------- ---- 7/8⠼ Extracting... ----------------------------------- ---- 7/8⠴ Extracting... ----------------------------------- ---- 7/8⠦ Extracting... ----------------------------------- ---- 7/8⠇ Extracting... ----------------------------------- ---- 7/8⠏ Extracting... ----------------------------------- ---- 7/8⠋ Extracting... ----------------------------------- ---- 7/8⠹ Extracting... ----------------------------------- ---- 7/8⠼ Extracting... ----------------------------------- ---- 7/8⠴ Extracting... ----------------------------------- ---- 7/8⠦ Extracting... ----------------------------------- ---- 7/8⠇ Extracting... ----------------------------------- ---- 7/8⠏ Extracting... ----------------------------------- ---- 7/8⠙ Extracting... ----------------------------------- ---- 7/8⠹ Extracting... ----------------------------------- ---- 7/8⠸ Extracting... ----------------------------------- ---- 7/8⠴ Extracting... ----------------------------------- ---- 7/8⠦ Extracting... ----------------------------------- ---- 7/8⠧ Extracting... ----------------------------------- ---- 7/8⠏ Extracting... ----------------------------------- ---- 7/8⠋ Extracting... ----------------------------------- ---- 7/8⠙ Extracting... ----------------------------------- ---- 7/8⠸ Extracting... ----------------------------------- ---- 7/8⠼ Extracting... ----------------------------------- ---- 7/8⠦ Extracting... ----------------------------------- ---- 7/8⠧ Extracting... ----------------------------------- ---- 7/8⠇ Extracting... ----------------------------------- ---- 7/8⠋ Extracting... ----------------------------------- ---- 7/8⠙ Extracting... ----------------------------------- ---- 7/8⠸ Extracting... ----------------------------------- ---- 7/8⠼ Extracting... ----------------------------------- ---- 7/8⠴ Extracting... ----------------------------------- ---- 7/8⠧ Extracting... ----------------------------------- ---- 7/8⠇ Extracting... ----------------------------------- ---- 7/8⠏ Extracting... ----------------------------------- ---- 7/8⠙ Extracting... ----------------------------------- ---- 7/8⠹ Extracting... ----------------------------------- ---- 7/8⠼ Extracting... ----------------------------------- ---- 7/8⠴ Extracting... ----------------------------------- ---- 7/8⠦ Extracting... ----------------------------------- ---- 7/8⠇ Extracting... ----------------------------------- ---- 7/8⠏ Extracting... ----------------------------------- ---- 7/8⠙ Extracting... ----------------------------------- ---- 7/8⠹ Extracting... ----------------------------------- ---- 7/8⠸ Extracting... ----------------------------------- ---- 7/8⠴ Extracting... ----------------------------------- ---- 7/8⠦ Extracting... ----------------------------------- ---- 7/8⠧ Extracting... ----------------------------------- ---- 7/8⠏ Extracting... ----------------------------------- ---- 7/8⠋ Extracting... ----------------------------------- ---- 7/8⠹ Extracting... ----------------------------------- ---- 7/8⠸ Extracting... ----------------------------------- ---- 7/8⠼ Extracting... ----------------------------------- ---- 7/8⠦ Extracting... ----------------------------------- ---- 7/8⠧ Extracting... ----------------------------------- ---- 7/8⠏ Extracting... ----------------------------------- ---- 7/8⠋ Extracting... ----------------------------------- ---- 7/8⠙ Extracting... ----------------------------------- ---- 7/8⠸ Extracting... ----------------------------------- ---- 7/8⠼ Extracting... ----------------------------------- ---- 7/8⠦ Extracting... ----------------------------------- ---- 7/8⠧ Extracting... ----------------------------------- ---- 7/8⠇ Extracting... ----------------------------------- ---- 7/8⠋ Extracting... ----------------------------------- ---- 7/8⠙ Extracting... ----------------------------------- ---- 7/8⠸ Extracting... ----------------------------------- ---- 7/8⠼ Extracting... ----------------------------------- ---- 7/8⠴ Extracting... ----------------------------------- ---- 7/8⠧ Extracting... ----------------------------------- ---- 7/8⠇ Extracting... ----------------------------------- ---- 7/8⠏ Extracting... ----------------------------------- ---- 7/8⠙ Extracting... ----------------------------------- ---- 7/8⠹ Extracting... ----------------------------------- ---- 7/8⠼ Extracting... ----------------------------------- ---- 7/8⠴ Extracting... ----------------------------------- ---- 7/8⠦ Extracting... ----------------------------------- ---- 7/8⠇ Extracting... ----------------------------------- ---- 7/8⠏ Extracting... ----------------------------------- ---- 7/8⠋ Extracting... ----------------------------------- ---- 7/8⠹ Extracting... ----------------------------------- ---- 7/8⠸ Extracting... ----------------------------------- ---- 7/8⠴ Extracting... ----------------------------------- ---- 7/8⠦ Extracting... ----------------------------------- ---- 7/8⠧ Extracting... ----------------------------------- ---- 7/8⠏ Extracting... ----------------------------------- ---- 7/8⠋ Extracting... ----------------------------------- ---- 7/8⠹ Extracting... ----------------------------------- ---- 7/8⠸ Extracting... ----------------------------------- ---- 7/8⠼ Extracting... ----------------------------------- ---- 7/8⠦ Extracting... ----------------------------------- ---- 7/8⠧ Extracting... ----------------------------------- ---- 7/8⠏ Extracting... ----------------------------------- ---- 7/8⠋ Extracting... ----------------------------------- ---- 7/8⠙ Extracting... ----------------------------------- ---- 7/8⠸ Extracting... ----------------------------------- ---- 7/8⠼ Extracting... ----------------------------------- ---- 7/8⠴ Extracting... ----------------------------------- ---- 7/8⠧ Extracting... ----------------------------------- ---- 7/8⠇ Extracting... ----------------------------------- ---- 7/8⠋ Extracting... ----------------------------------- ---- 7/8⠙ Extracting... ----------------------------------- ---- 7/8⠹ Extracting... ----------------------------------- ---- 7/8⠼ Extracting... ----------------------------------- ---- 7/8⠴ Extracting... ----------------------------------- ---- 7/8⠧ Extracting... ----------------------------------- ---- 7/8⠇ Extracting... ----------------------------------- ---- 7/8⠏ Extracting... ----------------------------------- ---- 7/8⠙ Extracting... ----------------------------------- ---- 7/8⠹ Extracting... ----------------------------------- ---- 7/8⠼ Extracting... ----------------------------------- ---- 7/8⠴ Extracting... ----------------------------------- ---- 7/8⠦ Extracting... ----------------------------------- ---- 7/8⠇ Extracting... ----------------------------------- ---- 7/8⠏ Extracting... ----------------------------------- ---- 7/8⠋ Extracting... ----------------------------------- ---- 7/8⠹ Extracting... ----------------------------------- ---- 7/8⠸ Extracting... ----------------------------------- ---- 7/8⠴ Extracting... ----------------------------------- ---- 7/8⠦ Extracting... ----------------------------------- ---- 7/8⠧ Extracting... ----------------------------------- ---- 7/8⠏ Extracting... ----------------------------------- ---- 7/8⠋ Extracting... ----------------------------------- ---- 7/8⠙ Extracting... ----------------------------------- ---- 7/8⠸ Extracting... ----------------------------------- ---- 7/8⠼ Extracting... ----------------------------------- ---- 7/8⠦ Extracting... ----------------------------------- ---- 7/8⠧ Extracting... ----------------------------------- ---- 7/8⠇ Extracting... ----------------------------------- ---- 7/8⠋ Extracting... ----------------------------------- ---- 7/8⠙ Extracting... ----------------------------------- ---- 7/8⠸ Extracting... ----------------------------------- ---- 7/8⠼ Extracting... ----------------------------------- ---- 7/8⠴ Extracting... ----------------------------------- ---- 7/8⠧ Extracting... ----------------------------------- ---- 7/8⠇ Extracting... ----------------------------------- ---- 7/8⠏ Extracting... ----------------------------------- ---- 7/8⠙ Extracting... ----------------------------------- ---- 7/8⠹ Extracting... ----------------------------------- ---- 7/8⠼ Extracting... ----------------------------------- ---- 7/8⠴ Extracting... ----------------------------------- ---- 7/8⠦ Extracting... ----------------------------------- ---- 7/8⠇ Extracting... ----------------------------------- ---- 7/8⠏ Extracting... ----------------------------------- ---- 7/8⠙ Extracting... ----------------------------------- ---- 7/8⠹ Extracting... ----------------------------------- ---- 7/8⠸ Extracting... ----------------------------------- ---- 7/8⠴ Extracting... ----------------------------------- ---- 7/8⠦ Extracting... ----------------------------------- ---- 7/8⠧ Extracting... ----------------------------------- ---- 7/8⠏ Extracting... ----------------------------------- ---- 7/8⠋ Extracting... ----------------------------------- ---- 7/8⠹ Extracting... ----------------------------------- ---- 7/8⠸ Extracting... ----------------------------------- ---- 7/8⠼ Extracting... ----------------------------------- ---- 7/8⠦ Extracting... ----------------------------------- ---- 7/8⠧ Extracting... ----------------------------------- ---- 7/8⠏ Extracting... ----------------------------------- ---- 7/8⠋ Extracting... ----------------------------------- ---- 7/8⠙ Extracting... ----------------------------------- ---- 7/8⠸ Extracting... ----------------------------------- ---- 7/8⠼ Extracting... ----------------------------------- ---- 7/8⠴ Extracting... ----------------------------------- ---- 7/8⠧ Extracting... ----------------------------------- ---- 7/8⠇ Extracting... ----------------------------------- ---- 7/8⠋ Extracting... ----------------------------------- ---- 7/8⠙ Extracting... ----------------------------------- ---- 7/8⠹ Extracting... ----------------------------------- ---- 7/8⠼ Extracting... ----------------------------------- ---- 7/8⠴ Extracting... ----------------------------------- ---- 7/8⠧ Extracting... ----------------------------------- ---- 7/8⠇ Extracting... ----------------------------------- ---- 7/8⠏ Extracting... ----------------------------------- ---- 7/8⠙ Extracting... ----------------------------------- ---- 7/8⠹ Extracting... ----------------------------------- ---- 7/8⠸ Extracting... ----------------------------------- ---- 7/8⠴ Extracting... ----------------------------------- ---- 7/8⠦ Extracting... ----------------------------------- ---- 7/8⠇ Extracting... ----------------------------------- ---- 7/8⠏ Extracting... ----------------------------------- ---- 7/8⠋ Extracting... ----------------------------------- ---- 7/8⠹ Extracting... ----------------------------------- ---- 7/8⠸ Extracting... ----------------------------------- ---- 7/8⠼ Extracting... ----------------------------------- ---- 7/8⠦ Extracting... ----------------------------------- ---- 7/8⠧ Extracting... ----------------------------------- ---- 7/8⠏ Extracting... ----------------------------------- ---- 7/8⠋ Extracting... ----------------------------------- ---- 7/8⠙ Extracting... ----------------------------------- ---- 7/8⠸ Extracting... ----------------------------------- ---- 7/8⠼ Extracting... ----------------------------------- ---- 7/8⠦ Extracting... ----------------------------------- ---- 7/8⠧ Extracting... ----------------------------------- ---- 7/8⠇ Extracting... ----------------------------------- ---- 7/8⠋ Extracting... ----------------------------------- ---- 7/8⠙ Extracting... ----------------------------------- ---- 7/8⠹ Extracting... ----------------------------------- ---- 7/8⠼ Extracting... ----------------------------------- ---- 7/8⠴ Extracting... ----------------------------------- ---- 7/8⠧ Extracting... ----------------------------------- ---- 7/8⠇ Extracting... ----------------------------------- ---- 7/8⠏ Extracting... ----------------------------------- ---- 7/8⠙ Extracting... ----------------------------------- ---- 7/8⠹ Extracting... ----------------------------------- ---- 7/8⠸ Extracting... ----------------------------------- ---- 7/8⠴ Extracting... ----------------------------------- ---- 7/8⠦ Extracting... ----------------------------------- ---- 7/8⠇ Extracting... ----------------------------------- ---- 7/8⠏ Extracting... ----------------------------------- ---- 7/8⠋ Extracting... ----------------------------------- ---- 7/8⠹ Extracting... ----------------------------------- ---- 7/8⠸ Extracting... ----------------------------------- ---- 7/8⠼ Extracting... ----------------------------------- ---- 7/8⠦ Extracting... ----------------------------------- ---- 7/8⠧ Extracting... ----------------------------------- ---- 7/8⠏ Extracting... ----------------------------------- ---- 7/8⠋ Extracting... ----------------------------------- ---- 7/8⠙ Extracting... ----------------------------------- ---- 7/8⠸ Extracting... ----------------------------------- ---- 7/8⠼ Extracting... ----------------------------------- ---- 7/8⠦ Extracting... ----------------------------------- ---- 7/8⠧ Extracting... ----------------------------------- ---- 7/8⠇ Extracting... ----------------------------------- ---- 7/8⠋ Extracting... ----------------------------------- ---- 7/8⠙ Extracting... ----------------------------------- ---- 7/8⠹ Extracting... ----------------------------------- ---- 7/8⠼ Extracting... ----------------------------------- ---- 7/8⠴ Extracting... ----------------------------------- ---- 7/8⠧ Extracting... ----------------------------------- ---- 7/8⠇ Extracting... ----------------------------------- ---- 7/8⠏ Extracting... ----------------------------------- ---- 7/8⠙ Extracting... ----------------------------------- ---- 7/8⠹ Extracting... ----------------------------------- ---- 7/8⠼ Extracting... ----------------------------------- ---- 7/8⠴ Extracting... ----------------------------------- ---- 7/8⠦ Extracting... ----------------------------------- ---- 7/8⠇ Extracting... ----------------------------------- ---- 7/8⠏ Extracting... ----------------------------------- ---- 7/8⠋ Extracting... ----------------------------------- ---- 7/8⠹ Extracting... ----------------------------------- ---- 7/8⠸ Extracting... ----------------------------------- ---- 7/8⠴ Extracting... ----------------------------------- ---- 7/8⠦ Extracting... ----------------------------------- ---- 7/8⠧ Extracting... ----------------------------------- ---- 7/8⠏ Extracting... ----------------------------------- ---- 7/8⠋ Extracting... ----------------------------------- ---- 7/8⠙ Extracting... ----------------------------------- ---- 7/8⠸ Extracting... ----------------------------------- ---- 7/8⠼ Extracting... ----------------------------------- ---- 7/8⠦ Extracting... ----------------------------------- ---- 7/8⠧ Extracting... ----------------------------------- ---- 7/8⠇ Extracting... ----------------------------------- ---- 7/8⠋ Extracting... ----------------------------------- ---- 7/8⠙ Extracting... ----------------------------------- ---- 7/8⠸ Extracting... ----------------------------------- ---- 7/8⠼ Extracting... ----------------------------------- ---- 7/8⠴ Extracting... ----------------------------------- ---- 7/8⠧ Extracting... ----------------------------------- ---- 7/8⠇ Extracting... ----------------------------------- ---- 7/8⠏ Extracting... ----------------------------------- ---- 7/8⠙ Extracting... ----------------------------------- ---- 7/8⠹ Extracting... ----------------------------------- ---- 7/8⠼ Extracting... ----------------------------------- ---- 7/8⠴ Extracting... ----------------------------------- ---- 7/8⠦ Extracting... ----------------------------------- ---- 7/8⠇ Extracting... ----------------------------------- ---- 7/8⠏ Extracting... ----------------------------------- ---- 7/8⠙ Extracting... ----------------------------------- ---- 7/8⠹ Extracting... ----------------------------------- ---- 7/8⠸ Extracting... ----------------------------------- ---- 7/8⠴ Extracting... ----------------------------------- ---- 7/8⠦ Extracting... ----------------------------------- ---- 7/8⠇ Extracting... ----------------------------------- ---- 7/8⠏ Extracting... ----------------------------------- ---- 7/8⠋ Extracting... ----------------------------------- ---- 7/8⠹ Extracting... ----------------------------------- ---- 7/8⠸ Extracting... ----------------------------------- ---- 7/8⠼ Extracting... ----------------------------------- ---- 7/8⠦ Extracting... ----------------------------------- ---- 7/8⠧ Extracting... ----------------------------------- ---- 7/8⠏ Extracting... ----------------------------------- ---- 7/8⠋ Extracting... ----------------------------------- ---- 7/8⠙ Extracting... ----------------------------------- ---- 7/8⠸ Extracting... ----------------------------------- ---- 7/8⠼ Extracting... ----------------------------------- ---- 7/8⠴ Extracting... ----------------------------------- ---- 7/8⠧ Extracting... ----------------------------------- ---- 7/8⠇ Extracting... ----------------------------------- ---- 7/8⠋ Extracting... ----------------------------------- ---- 7/8⠙ Extracting... ----------------------------------- ---- 7/8⠹ Extracting... ----------------------------------- ---- 7/8⠼ Extracting... ----------------------------------- ---- 7/8⠴ Extracting... ----------------------------------- ---- 7/8⠧ Extracting... ----------------------------------- ---- 7/8⠇ Extracting... ----------------------------------- ---- 7/8⠏ Extracting... ----------------------------------- ---- 7/8⠙ Extracting... ----------------------------------- ---- 7/8⠹ Extracting... ----------------------------------- ---- 7/8⠸ Extracting... ----------------------------------- ---- 7/8⠴ Extracting... ----------------------------------- ---- 7/8⠦ Extracting... ----------------------------------- ---- 7/8⠇ Extracting... ----------------------------------- ---- 7/8⠏ Extracting... ----------------------------------- ---- 7/8⠋ Extracting... ----------------------------------- ---- 7/8⠹ Extracting... ----------------------------------- ---- 7/8⠸ Extracting... ----------------------------------- ---- 7/8⠴ Extracting... ----------------------------------- ---- 7/8⠦ Extracting... ----------------------------------- ---- 7/8⠧ Extracting... ----------------------------------- ---- 7/8⠏ Extracting... ----------------------------------- ---- 7/8⠋ Extracting... ----------------------------------- ---- 7/8⠙ Extracting... ----------------------------------- ---- 7/8⠸ Extracting... ----------------------------------- ---- 7/8⠼ Extracting... ----------------------------------- ---- 7/8⠦ Extracting... ----------------------------------- ---- 7/8⠧ Extracting... ----------------------------------- ---- 7/8⠇ Extracting... ----------------------------------- ---- 7/8⠋ Extracting... ----------------------------------- ---- 7/8⠙ Extracting... ----------------------------------- ---- 7/8⠹ Extracting... ----------------------------------- ---- 7/8⠼ Extracting... ----------------------------------- ---- 7/8⠴ Extracting... ----------------------------------- ---- 7/8⠧ Extracting... ----------------------------------- ---- 7/8⠇ Extracting... ----------------------------------- ---- 7/8⠏ Extracting... ----------------------------------- ---- 7/8⠙ Extracting... ----------------------------------- ---- 7/8⠹ Extracting... ----------------------------------- ---- 7/8⠼ Extracting... ----------------------------------- ---- 7/8⠴ Extracting... ----------------------------------- ---- 7/8⠦ Extracting... ----------------------------------- ---- 7/8⠇ Extracting... ----------------------------------- ---- 7/8⠏ Extracting... ----------------------------------- ---- 7/8⠋ Extracting... ----------------------------------- ---- 7/8⠹ Extracting... ----------------------------------- ---- 7/8⠸ Extracting... ----------------------------------- ---- 7/8⠴ Extracting... ----------------------------------- ---- 7/8⠦ Extracting... ----------------------------------- ---- 7/8⠧ Extracting... ----------------------------------- ---- 7/8⠏ Extracting... ----------------------------------- ---- 7/8⠋ Extracting... ----------------------------------- ---- 7/8⠹ Extracting... ----------------------------------- ---- 7/8⠸ Extracting... ----------------------------------- ---- 7/8⠼ Extracting... ----------------------------------- ---- 7/8⠦ Extracting... ----------------------------------- ---- 7/8⠧ Extracting... ----------------------------------- ---- 7/8⠇ Extracting... ----------------------------------- ---- 7/8⠋ Extracting... ----------------------------------- ---- 7/8⠙ Extracting... ----------------------------------- ---- 7/8⠸ Extracting... ----------------------------------- ---- 7/8⠼ Extracting... ----------------------------------- ---- 7/8⠴ Extracting... ----------------------------------- ---- 7/8⠧ Extracting... ----------------------------------- ---- 7/8⠇ Extracting... ----------------------------------- ---- 7/8⠋ Extracting... ----------------------------------- ---- 7/8⠙ Extracting... ----------------------------------- ---- 7/8⠹ Extracting... ----------------------------------- ---- 7/8⠼ Extracting... ----------------------------------- ---- 7/8⠴ Extracting... ----------------------------------- ---- 7/8⠦ Extracting... ----------------------------------- ---- 7/8⠇ Extracting... ----------------------------------- ---- 7/8⠏ Extracting... ----------------------------------- ---- 7/8⠙ Extracting... ----------------------------------- ---- 7/8⠹ Extracting... ----------------------------------- ---- 7/8⠸ Extracting... ----------------------------------- ---- 7/8⠴ Extracting... ----------------------------------- ---- 7/8⠦ Extracting... ----------------------------------- ---- 7/8⠧ Extracting... ----------------------------------- ---- 7/8⠏ Extracting... ----------------------------------- ---- 7/8⠋ Extracting... ----------------------------------- ---- 7/8⠹ Extracting... ----------------------------------- ---- 7/8⠸ Extracting... ----------------------------------- ---- 7/8⠼ Extracting... ----------------------------------- ---- 7/8⠦ Extracting... ----------------------------------- ---- 7/8⠧ Extracting... ----------------------------------- ---- 7/8⠏ Extracting... ----------------------------------- ---- 7/8⠋ Extracting... ----------------------------------- ---- 7/8⠙ Extracting... ----------------------------------- ---- 7/8⠸ Extracting... ----------------------------------- ---- 7/8⠼ Extracting... ----------------------------------- ---- 7/8⠴ Extracting... ----------------------------------- ---- 7/8⠧ Extracting... ----------------------------------- ---- 7/8⠇ Extracting... ----------------------------------- ---- 7/8⠋ Extracting... ----------------------------------- ---- 7/8⠙ Extracting... ----------------------------------- ---- 7/8⠹ Extracting... ----------------------------------- ---- 7/8⠼ Extracting... ----------------------------------- ---- 7/8⠴ Extracting... ----------------------------------- ---- 7/8⠧ Extracting... ----------------------------------- ---- 7/8⠇ Extracting... ----------------------------------- ---- 7/8⠏ Extracting... ----------------------------------- ---- 7/8⠙ Extracting... ----------------------------------- ---- 7/8⠹ Extracting... ----------------------------------- ---- 7/8⠸ Extracting... ----------------------------------- ---- 7/8⠴ Extracting... ----------------------------------- ---- 7/8⠦ Extracting... ----------------------------------- ---- 7/8⠇ Extracting... ----------------------------------- ---- 7/8⠏ Extracting... ----------------------------------- ---- 7/8⠋ Extracting... ----------------------------------- ---- 7/8⠹ Extracting... ----------------------------------- ---- 7/8⠸ Extracting... ----------------------------------- ---- 7/8⠼ Extracting... ----------------------------------- ---- 7/8⠦ Extracting... ----------------------------------- ---- 7/8⠧ Extracting... ----------------------------------- ---- 7/8⠏ Extracting... ----------------------------------- ---- 7/8⠋ Extracting... ----------------------------------- ---- 7/8⠙ Extracting... ----------------------------------- ---- 7/8⠸ Extracting... ----------------------------------- ---- 7/8⠼ Extracting... ----------------------------------- ---- 7/8⠦ Extracting... ----------------------------------- ---- 7/8⠧ Extracting... ----------------------------------- ---- 7/8⠇ Extracting... ----------------------------------- ---- 7/8⠋ Extracting... ----------------------------------- ---- 7/8⠙ Extracting... ----------------------------------- ---- 7/8⠹ Extracting... ----------------------------------- ---- 7/8⠼ Extracting... ----------------------------------- ---- 7/8⠴ Extracting... ----------------------------------- ---- 7/8⠧ Extracting... ----------------------------------- ---- 7/8⠇ Extracting... ----------------------------------- ---- 7/8⠏ Extracting... ----------------------------------- ---- 7/8⠙ Extracting... ----------------------------------- ---- 7/8⠹ Extracting... ----------------------------------- ---- 7/8⠸ Extracting... ----------------------------------- ---- 7/8⠴ Extracting... ----------------------------------- ---- 7/8⠦ Extracting... ----------------------------------- ---- 7/8⠇ Extracting... ----------------------------------- ---- 7/8⠏ Extracting... ----------------------------------- ---- 7/8⠋ Extracting... ----------------------------------- ---- 7/8⠹ Extracting... ----------------------------------- ---- 7/8⠸ Extracting... ----------------------------------- ---- 7/8⠴ Extracting... ----------------------------------- ---- 7/8⠦ Extracting... ----------------------------------- ---- 7/8⠧ Extracting... ----------------------------------- ---- 7/8⠏ Extracting... ----------------------------------- ---- 7/8⠋ Extracting... ----------------------------------- ---- 7/8⠙ Extracting... ----------------------------------- ---- 7/8⠸ Extracting... ----------------------------------- ---- 7/8⠼ Extracting... ----------------------------------- ---- 7/8⠦ Extracting... ----------------------------------- ---- 7/8⠧ Extracting... ----------------------------------- ---- 7/8⠇ Extracting... ----------------------------------- ---- 7/8⠋ Extracting... ----------------------------------- ---- 7/8⠙ Extracting... ----------------------------------- ---- 7/8⠸ Extracting... ----------------------------------- ---- 7/8⠼ Extracting... ----------------------------------- ---- 7/8⠴ Extracting... ----------------------------------- ---- 7/8⠧ Extracting... ----------------------------------- ---- 7/8⠇ Extracting... ----------------------------------- ---- 7/8⠏ Extracting... ----------------------------------- ---- 7/8⠙ Extracting... ----------------------------------- ---- 7/8⠹ Extracting... ----------------------------------- ---- 7/8⠼ Extracting... ----------------------------------- ---- 7/8⠴ Extracting... ----------------------------------- ---- 7/8⠦ Extracting... ----------------------------------- ---- 7/8⠇ Extracting... ----------------------------------- ---- 7/8⠏ Extracting... ----------------------------------- ---- 7/8⠋ Extracting... ----------------------------------- ---- 7/8⠹ Extracting... ----------------------------------- ---- 7/8⠸ Extracting... ----------------------------------- ---- 7/8⠴ Extracting... ----------------------------------- ---- 7/8⠦ Extracting... ----------------------------------- ---- 7/8⠧ Extracting... ----------------------------------- ---- 7/8⠏ Extracting... ----------------------------------- ---- 7/8⠋ Extracting... ----------------------------------- ---- 7/8⠹ Extracting... ----------------------------------- ---- 7/8⠸ Extracting... ----------------------------------- ---- 7/8⠼ Extracting... ----------------------------------- ---- 7/8⠦ Extracting... ----------------------------------- ---- 7/8⠧ Extracting... ----------------------------------- ---- 7/8⠇ Extracting... ----------------------------------- ---- 7/8⠋ Extracting... ----------------------------------- ---- 7/8⠙ Extracting... ----------------------------------- ---- 7/8⠸ Extracting... ----------------------------------- ---- 7/8⠼ Extracting... ----------------------------------- ---- 7/8⠴ Extracting... ----------------------------------- ---- 7/8⠧ Extracting... ----------------------------------- ---- 7/8⠇ Extracting... ----------------------------------- ---- 7/8⠋ Extracting... ----------------------------------- ---- 7/8⠙ Extracting... ----------------------------------- ---- 7/8⠹ Extracting... ----------------------------------- ---- 7/8⠼ Extracting... ----------------------------------- ---- 7/8⠴ Extracting... ----------------------------------- ---- 7/8⠦ Extracting... ----------------------------------- ---- 7/8⠇ Extracting... ----------------------------------- ---- 7/8⠏ Extracting... ----------------------------------- ---- 7/8⠙ Extracting... ----------------------------------- ---- 7/8⠹ Extracting... ----------------------------------- ---- 7/8⠸ Extracting... ----------------------------------- ---- 7/8⠴ Extracting... ----------------------------------- ---- 7/8⠦ Extracting... ----------------------------------- ---- 7/8⠧ Extracting... ----------------------------------- ---- 7/8⠏ Extracting... ----------------------------------- ---- 7/8⠋ Extracting... ----------------------------------- ---- 7/8⠹ Extracting... ----------------------------------- ---- 7/8⠸ Extracting... ----------------------------------- ---- 7/8⠼ Extracting... ----------------------------------- ---- 7/8⠦ Extracting... ----------------------------------- ---- 7/8⠧ Extracting... ----------------------------------- ---- 7/8⠏ Extracting... ----------------------------------- ---- 7/8⠋ Extracting... ----------------------------------- ---- 7/8⠙ Extracting... ----------------------------------- ---- 7/8⠸ Extracting... ----------------------------------- ---- 7/8⠼ Extracting... ----------------------------------- ---- 7/8⠦ Extracting... ----------------------------------- ---- 7/8⠧ Extracting... ----------------------------------- ---- 7/8⠇ Extracting... ----------------------------------- ---- 7/8⠋ Extracting... ----------------------------------- ---- 7/8⠹ Extracting... ----------------------------------- ---- 7/8⠸ Extracting... ----------------------------------- ---- 7/8⠴ Extracting... ----------------------------------- ---- 7/8⠦ Extracting... ----------------------------------- ---- 7/8⠇ Extracting... ----------------------------------- ---- 7/8⠏ Extracting... ----------------------------------- ---- 7/8⠙ Extracting... ----------------------------------- ---- 7/8⠹ Extracting... ----------------------------------- ---- 7/8⠸ Extracting... ----------------------------------- ---- 7/8⠴ Extracting... ----------------------------------- ---- 7/8⠦ Extracting... ----------------------------------- ---- 7/8⠇ Extracting... ----------------------------------- ---- 7/8⠏ Extracting... ----------------------------------- ---- 7/8⠋ Extracting... ----------------------------------- ---- 7/8⠹ Extracting... ----------------------------------- ---- 7/8⠸ Extracting... ----------------------------------- ---- 7/8⠴ Extracting... ----------------------------------- ---- 7/8⠧ Extracting... ----------------------------------- ---- 7/8⠏ Extracting... ----------------------------------- ---- 7/8⠋ Extracting... ----------------------------------- ---- 7/8⠹ Extracting... ----------------------------------- ---- 7/8⠸ Extracting... ----------------------------------- ---- 7/8⠼ Extracting... ----------------------------------- ---- 7/8⠦ Extracting... ----------------------------------- ---- 7/8⠧ Extracting... ----------------------------------- ---- 7/8⠇ Extracting... ----------------------------------- ---- 7/8⠋ Extracting... ----------------------------------- ---- 7/8⠙ Extracting... ----------------------------------- ---- 7/8⠸ Extracting... ----------------------------------- ---- 7/8⠼ Extracting... ----------------------------------- ---- 7/8⠴ Extracting... ----------------------------------- ---- 7/8⠧ Extracting... ----------------------------------- ---- 7/8⠇ Extracting... ----------------------------------- ---- 7/8⠏ Extracting... ----------------------------------- ---- 7/8⠙ Extracting... ----------------------------------- ---- 7/8⠹ Extracting... ----------------------------------- ---- 7/8⠼ Extracting... ----------------------------------- ---- 7/8⠴ Extracting... ----------------------------------- ---- 7/8⠦ Extracting... ----------------------------------- ---- 7/8⠇ Extracting... ----------------------------------- ---- 7/8⠏ Extracting... ----------------------------------- ---- 7/8⠙ Extracting... ----------------------------------- ---- 7/8⠹ Extracting... ----------------------------------- ---- 7/8⠸ Extracting... ----------------------------------- ---- 7/8⠴ Extracting... ----------------------------------- ---- 7/8⠦ Extracting... ----------------------------------- ---- 7/8⠧ Extracting... ----------------------------------- ---- 7/8⠏ Extracting... ----------------------------------- ---- 7/8⠋ Extracting... ----------------------------------- ---- 7/8⠹ Extracting... ----------------------------------- ---- 7/8⠸ Extracting... ----------------------------------- ---- 7/8⠼ Extracting... ----------------------------------- ---- 7/8⠦ Extracting... ----------------------------------- ---- 7/8⠧ Extracting... ----------------------------------- ---- 7/8⠇ Extracting... ----------------------------------- ---- 7/8⠋ Extracting... ----------------------------------- ---- 7/8⠙ Extracting... ----------------------------------- ---- 7/8⠹ Extracting... ----------------------------------- ---- 7/8⠼ Extracting... ----------------------------------- ---- 7/8⠴ Extracting... ----------------------------------- ---- 7/8⠦ Extracting... ----------------------------------- ---- 7/8⠇ Extracting... ----------------------------------- ---- 7/8⠏ Extracting... ----------------------------------- ---- 7/8⠙ Extracting... ----------------------------------- ---- 7/8⠹ Extracting... ----------------------------------- ---- 7/8⠼ Extracting... ----------------------------------- ---- 7/8⠴ Extracting... ----------------------------------- ---- 7/8⠦ Extracting... ----------------------------------- ---- 7/8⠇ Extracting... ----------------------------------- ---- 7/8⠏ Extracting... ----------------------------------- ---- 7/8⠙ Extracting... ----------------------------------- ---- 7/8⠹ Extracting... ----------------------------------- ---- 7/8⠸ Extracting... ----------------------------------- ---- 7/8⠴ Extracting... ----------------------------------- ---- 7/8⠦ Extracting... ----------------------------------- ---- 7/8⠧ Extracting... ----------------------------------- ---- 7/8⠏ Extracting... ----------------------------------- ---- 7/8⠋ Extracting... ----------------------------------- ---- 7/8⠹ Extracting... ----------------------------------- ---- 7/8⠸ Extracting... ----------------------------------- ---- 7/8⠼ Extracting... ----------------------------------- ---- 7/8⠦ Extracting... ----------------------------------- ---- 7/8⠧ Extracting... ----------------------------------- ---- 7/8⠏ Extracting... ----------------------------------- ---- 7/8⠋ Extracting... ----------------------------------- ---- 7/8⠹ Extracting... ----------------------------------- ---- 7/8⠸ Extracting... ----------------------------------- ---- 7/8⠼ Extracting... ----------------------------------- ---- 7/8⠦ Extracting... ----------------------------------- ---- 7/8⠧ Extracting... ----------------------------------- ---- 7/8⠏ Extracting... ----------------------------------- ---- 7/8⠋ Extracting... ----------------------------------- ---- 7/8⠙ Extracting... ----------------------------------- ---- 7/8⠸ Extracting... ----------------------------------- ---- 7/8⠼ Extracting... ----------------------------------- ---- 7/8⠴ Extracting... ----------------------------------- ---- 7/8⠧ Extracting... ----------------------------------- ---- 7/8⠇ Extracting... ----------------------------------- ---- 7/8⠋ Extracting... ----------------------------------- ---- 7/8⠙ Extracting... ----------------------------------- ---- 7/8⠹ Extracting... ----------------------------------- ---- 7/8⠼ Extracting... ----------------------------------- ---- 7/8⠴ Extracting... ----------------------------------- ---- 7/8⠦ Extracting... ----------------------------------- ---- 7/8⠇ Extracting... ----------------------------------- ---- 7/8⠏ Extracting... ----------------------------------- ---- 7/8⠙ Extracting... ----------------------------------- ---- 7/8⠹ Extracting... ----------------------------------- ---- 7/8⠸ Extracting... ----------------------------------- ---- 7/8⠴ Extracting... ----------------------------------- ---- 7/8⠦ Extracting... ----------------------------------- ---- 7/8⠇ Extracting... ----------------------------------- ---- 7/8⠏ Extracting... ----------------------------------- ---- 7/8⠋ Extracting... ----------------------------------- ---- 7/8⠹ Extracting... ----------------------------------- ---- 7/8⠸ Extracting... ----------------------------------- ---- 7/8⠼ Extracting... ----------------------------------- ---- 7/8⠦ Extracting... ----------------------------------- ---- 7/8⠧ Extracting... ----------------------------------- ---- 7/8⠏ Extracting... ----------------------------------- ---- 7/8⠋ Extracting... ----------------------------------- ---- 7/8⠙ Extracting... ----------------------------------- ---- 7/8⠸ Extracting... ----------------------------------- ---- 7/8⠼ Extracting... ----------------------------------- ---- 7/8⠴ Extracting... ----------------------------------- ---- 7/8⠧ Extracting... ----------------------------------- ---- 7/8⠇ Extracting... ----------------------------------- ---- 7/8⠋ Extracting... ----------------------------------- ---- 7/8⠙ Extracting... ----------------------------------- ---- 7/8⠹ Extracting... ----------------------------------- ---- 7/8⠼ Extracting... ----------------------------------- ---- 7/8⠴ Extracting... ----------------------------------- ---- 7/8⠧ Extracting... ----------------------------------- ---- 7/8⠇ Extracting... ----------------------------------- ---- 7/8⠏ Extracting... ----------------------------------- ---- 7/8⠙ Extracting... ----------------------------------- ---- 7/8⠹ Extracting... ----------------------------------- ---- 7/8⠼ Extracting... ----------------------------------- ---- 7/8⠴ Extracting... ----------------------------------- ---- 7/8⠦ Extracting... ----------------------------------- ---- 7/8⠇ Extracting... ----------------------------------- ---- 7/8⠏ Extracting... ----------------------------------- ---- 7/8⠋ Extracting... ----------------------------------- ---- 7/8⠹ Extracting... ----------------------------------- ---- 7/8⠸ Extracting... ----------------------------------- ---- 7/8⠴ Extracting... ----------------------------------- ---- 7/8⠦ Extracting... ----------------------------------- ---- 7/8⠧ Extracting... ----------------------------------- ---- 7/8⠏ Extracting... ----------------------------------- ---- 7/8⠋ Extracting... ----------------------------------- ---- 7/8⠹ Extracting... ----------------------------------- ---- 7/8⠸ Extracting... ----------------------------------- ---- 7/8⠼ Extracting... ----------------------------------- ---- 7/8⠦ Extracting... ----------------------------------- ---- 7/8⠧ Extracting... ----------------------------------- ---- 7/8⠏ Extracting... ----------------------------------- ---- 7/8⠋ Extracting... ----------------------------------- ---- 7/8⠙ Extracting... ----------------------------------- ---- 7/8⠸ Extracting... ----------------------------------- ---- 7/8⠼ Extracting... ----------------------------------- ---- 7/8⠴ Extracting... ----------------------------------- ---- 7/8⠧ Extracting... ----------------------------------- ---- 7/8⠇ Extracting... ----------------------------------- ---- 7/8⠋ Extracting... ----------------------------------- ---- 7/8⠙ Extracting... ----------------------------------- ---- 7/8⠹ Extracting... ----------------------------------- ---- 7/8⠼ Extracting... ----------------------------------- ---- 7/8⠴ Extracting... ----------------------------------- ---- 7/8⠧ Extracting... ----------------------------------- ---- 7/8⠇ Extracting... ----------------------------------- ---- 7/8⠏ Extracting... ----------------------------------- ---- 7/8⠙ Extracting... ----------------------------------- ---- 7/8⠹ Extracting... ----------------------------------- ---- 7/8⠸ Extracting... ----------------------------------- ---- 7/8⠴ Extracting... ----------------------------------- ---- 7/8⠦ Extracting... ----------------------------------- ---- 7/8⠇ Extracting... ----------------------------------- ---- 7/8⠏ Extracting... ----------------------------------- ---- 7/8⠋ Extracting... ----------------------------------- ---- 7/8⠹ Extracting... ----------------------------------- ---- 7/8⠸ Extracting... ----------------------------------- ---- 7/8⠴ Extracting... ----------------------------------- ---- 7/8⠦ Extracting... ----------------------------------- ---- 7/8⠧ Extracting... ----------------------------------- ---- 7/8⠏ Extracting... ----------------------------------- ---- 7/8⠋ Extracting... ----------------------------------- ---- 7/8⠙ Extracting... ----------------------------------- ---- 7/8⠸ Extracting... ----------------------------------- ---- 7/8⠼ Extracting... ----------------------------------- ---- 7/8⠦ Extracting... ----------------------------------- ---- 7/8⠧ Extracting... ----------------------------------- ---- 7/8⠇ Extracting... ----------------------------------- ---- 7/8⠋ Extracting... ----------------------------------- ---- 7/8⠙ Extracting... ----------------------------------- ---- 7/8⠸ Extracting... ----------------------------------- ---- 7/8⠼ Extracting... ----------------------------------- ---- 7/8⠴ Extracting... ----------------------------------- ---- 7/8⠧ Extracting... ----------------------------------- ---- 7/8⠇ Extracting... ----------------------------------- ---- 7/8⠏ Extracting... ----------------------------------- ---- 7/8⠙ Extracting... ----------------------------------- ---- 7/8⠹ Extracting... ----------------------------------- ---- 7/8⠼ Extracting... ----------------------------------- ---- 7/8⠴ Extracting... ----------------------------------- ---- 7/8⠦ Extracting... ----------------------------------- ---- 7/8⠇ Extracting... ----------------------------------- ---- 7/8⠏ Extracting... ----------------------------------- ---- 7/8⠙ Extracting... ----------------------------------- ---- 7/8⠹ Extracting... ----------------------------------- ---- 7/8⠸ Extracting... ----------------------------------- ---- 7/8⠴ Extracting... ----------------------------------- ---- 7/8⠦ Extracting... ----------------------------------- ---- 7/8⠧ Extracting... ----------------------------------- ---- 7/8⠏ Extracting... ----------------------------------- ---- 7/8⠋ Extracting... ----------------------------------- ---- 7/8⠹ Extracting... ----------------------------------- ---- 7/8⠸ Extracting... ----------------------------------- ---- 7/8⠼ Extracting... ----------------------------------- ---- 7/8⠦ Extracting... ----------------------------------- ---- 7/8⠧ Extracting... ----------------------------------- ---- 7/8⠏ Extracting... ----------------------------------- ---- 7/8⠋ Extracting... ----------------------------------- ---- 7/8⠙ Extracting... ----------------------------------- ---- 7/8⠸ Extracting... ----------------------------------- ---- 7/8⠼ Extracting... ----------------------------------- ---- 7/8⠴ Extracting... ----------------------------------- ---- 7/8⠧ Extracting... ----------------------------------- ---- 7/8⠇ Extracting... ----------------------------------- ---- 7/8⠋ Extracting... ----------------------------------- ---- 7/8⠙ Extracting... ----------------------------------- ---- 7/8⠹ Extracting... ----------------------------------- ---- 7/8⠼ Extracting... ----------------------------------- ---- 7/8⠴ Extracting... ----------------------------------- ---- 7/8⠦ Extracting... ----------------------------------- ---- 7/8⠇ Extracting... ----------------------------------- ---- 7/8⠏ Extracting... ----------------------------------- ---- 7/8⠙ Extracting... ----------------------------------- ---- 7/8⠹ Extracting... ----------------------------------- ---- 7/8⠸ Extracting... ----------------------------------- ---- 7/8⠴ Extracting... ----------------------------------- ---- 7/8⠦ Extracting... ----------------------------------- ---- 7/8⠇ Extracting... ----------------------------------- ---- 7/8⠏ Extracting... ----------------------------------- ---- 7/8⠋ Extracting... ----------------------------------- ---- 7/8⠹ Extracting... ----------------------------------- ---- 7/8⠸ Extracting... ----------------------------------- ---- 7/8⠼ Extracting... ----------------------------------- ---- 7/8⠦ Extracting... ----------------------------------- ---- 7/8⠧ Extracting... ----------------------------------- ---- 7/8⠏ Extracting... ----------------------------------- ---- 7/8⠋ Extracting... ----------------------------------- ---- 7/8⠙ Extracting... ----------------------------------- ---- 7/8⠸ Extracting... ----------------------------------- ---- 7/8⠼ Extracting... ----------------------------------- ---- 7/8⠦ Extracting... ----------------------------------- ---- 7/8⠧ Extracting... ----------------------------------- ---- 7/8⠇ Extracting... ----------------------------------- ---- 7/8⠋ Extracting... ----------------------------------- ---- 7/8⠙ Extracting... ----------------------------------- ---- 7/8⠸ Extracting... ----------------------------------- ---- 7/8⠼ Extracting... ----------------------------------- ---- 7/8⠴ Extracting... ----------------------------------- ---- 7/8⠧ Extracting... ----------------------------------- ---- 7/8⠇ Extracting... ----------------------------------- ---- 7/8⠏ Extracting... ----------------------------------- ---- 7/8⠙ Extracting... ----------------------------------- ---- 7/8⠹ Extracting... ----------------------------------- ---- 7/8⠼ Extracting... ----------------------------------- ---- 7/8⠴ Extracting... ----------------------------------- ---- 7/8⠦ Extracting... ----------------------------------- ---- 7/8⠇ Extracting... ----------------------------------- ---- 7/8⠏ Extracting... ----------------------------------- ---- 7/8⠋ Extracting... ----------------------------------- ---- 7/8⠹ Extracting... ----------------------------------- ---- 7/8⠸ Extracting... ----------------------------------- ---- 7/8⠴ Extracting... ----------------------------------- ---- 7/8⠦ Extracting... ----------------------------------- ---- 7/8⠧ Extracting... ----------------------------------- ---- 7/8⠏ Extracting... ----------------------------------- ---- 7/8⠋ Extracting... ----------------------------------- ---- 7/8⠙ Extracting... ----------------------------------- ---- 7/8⠸ Extracting... ----------------------------------- ---- 7/8⠼ Extracting... ----------------------------------- ---- 7/8⠦ Extracting... ----------------------------------- ---- 7/8⠧ Extracting... ----------------------------------- ---- 7/8⠇ Extracting... ----------------------------------- ---- 7/8⠋ Extracting... ----------------------------------- ---- 7/8⠙ Extracting... ----------------------------------- ---- 7/8⠸ Extracting... ----------------------------------- ---- 7/8⠼ Extracting... ----------------------------------- ---- 7/8⠴ Extracting... ----------------------------------- ---- 7/8⠧ Extracting... ----------------------------------- ---- 7/8⠇ Extracting... ----------------------------------- ---- 7/8⠋ Extracting... ----------------------------------- ---- 7/8⠙ Extracting... ----------------------------------- ---- 7/8⠹ Extracting... ----------------------------------- ---- 7/8⠼ Extracting... ----------------------------------- ---- 7/8⠴ Extracting... ----------------------------------- ---- 7/8⠦ Extracting... ----------------------------------- ---- 7/8⠇ Extracting... ----------------------------------- ---- 7/8⠏ Extracting... ----------------------------------- ---- 7/8⠙ Extracting... ----------------------------------- ---- 7/8⠹ Extracting... ----------------------------------- ---- 7/8⠸ Extracting... ----------------------------------- ---- 7/8⠴ Extracting... ----------------------------------- ---- 7/8⠦ Extracting... ----------------------------------- ---- 7/8⠇ Extracting... ----------------------------------- ---- 7/8⠏ Extracting... ----------------------------------- ---- 7/8⠋ Extracting... ----------------------------------- ---- 7/8⠹ Extracting... ----------------------------------- ---- 7/8⠸ Extracting... ----------------------------------- ---- 7/8⠴ Extracting... ----------------------------------- ---- 7/8⠦ Extracting... ----------------------------------- ---- 7/8⠧ Extracting... ----------------------------------- ---- 7/8⠏ Extracting... ----------------------------------- ---- 7/8⠋ Extracting... ----------------------------------- ---- 7/8⠙ Extracting... ----------------------------------- ---- 7/8⠸ Extracting... ----------------------------------- ---- 7/8⠼ Extracting... ----------------------------------- ---- 7/8⠦ Extracting... ----------------------------------- ---- 7/8⠧ Extracting... ----------------------------------- ---- 7/8⠇ Extracting... ----------------------------------- ---- 7/8⠋ Extracting... ----------------------------------- ---- 7/8⠙ Extracting... ----------------------------------- ---- 7/8⠸ Extracting... ----------------------------------- ---- 7/8⠼ Extracting... ----------------------------------- ---- 7/8⠴ Extracting... ----------------------------------- ---- 7/8⠧ Extracting... ----------------------------------- ---- 7/8⠇ Extracting... ----------------------------------- ---- 7/8⠏ Extracting... ----------------------------------- ---- 7/8⠙ Extracting... ----------------------------------- ---- 7/8⠹ Extracting... ----------------------------------- ---- 7/8⠼ Extracting... ----------------------------------- ---- 7/8⠴ Extracting... ----------------------------------- ---- 7/8⠦ Extracting... ----------------------------------- ---- 7/8⠇ Extracting... ----------------------------------- ---- 7/8⠏ Extracting... ----------------------------------- ---- 7/8⠋ Extracting... ----------------------------------- ---- 7/8⠹ Extracting... ----------------------------------- ---- 7/8⠸ Extracting... ----------------------------------- ---- 7/8⠴ Extracting... ----------------------------------- ---- 7/8⠦ Extracting... ----------------------------------- ---- 7/8⠧ Extracting... ----------------------------------- ---- 7/8⠏ Extracting... ----------------------------------- ---- 7/8⠋ Extracting... ----------------------------------- ---- 7/8⠹ Extracting... ----------------------------------- ---- 7/8⠸ Extracting... ----------------------------------- ---- 7/8⠼ Extracting... ----------------------------------- ---- 7/8⠦ Extracting... ----------------------------------- ---- 7/8⠧ Extracting... ----------------------------------- ---- 7/8⠏ Extracting... ----------------------------------- ---- 7/8⠋ Extracting... ----------------------------------- ---- 7/8⠙ Extracting... ----------------------------------- ---- 7/8⠸ Extracting... ----------------------------------- ---- 7/8⠼ Extracting... ----------------------------------- ---- 7/8⠴ Extracting... ----------------------------------- ---- 7/8⠧ Extracting... ----------------------------------- ---- 7/8⠇ Extracting... ----------------------------------- ---- 7/8⠋ Extracting... ----------------------------------- ---- 7/8⠙ Extracting... ----------------------------------- ---- 7/8⠹ Extracting... ----------------------------------- ---- 7/8⠼ Extracting... ----------------------------------- ---- 7/8⠴ Extracting... ----------------------------------- ---- 7/8⠧ Extracting... ----------------------------------- ---- 7/8⠇ Extracting... ----------------------------------- ---- 7/8⠏ Extracting... ----------------------------------- ---- 7/8⠙ Extracting... ----------------------------------- ---- 7/8⠹ Extracting... ----------------------------------- ---- 7/8⠼ Extracting... ----------------------------------- ---- 7/8⠴ Extracting... ----------------------------------- ---- 7/8⠦ Extracting... ----------------------------------- ---- 7/8⠇ Extracting... ----------------------------------- ---- 7/8⠏ Extracting... ----------------------------------- ---- 7/8⠙ Extracting... ----------------------------------- ---- 7/8⠹ Extracting... ----------------------------------- ---- 7/8⠸ Extracting... ----------------------------------- ---- 7/8⠴ Extracting... ----------------------------------- ---- 7/8⠦ Extracting... ----------------------------------- ---- 7/8⠧ Extracting... ----------------------------------- ---- 7/8⠏ Extracting... ----------------------------------- ---- 7/8⠋ Extracting... ----------------------------------- ---- 7/8⠹ Extracting... ----------------------------------- ---- 7/8⠸ Extracting... ----------------------------------- ---- 7/8⠼ Extracting... ----------------------------------- ---- 7/8⠦ Extracting... ----------------------------------- ---- 7/8⠧ Extracting... ----------------------------------- ---- 7/8⠇ Extracting... ----------------------------------- ---- 7/8⠋ Extracting... ----------------------------------- ---- 7/8⠙ Extracting... ----------------------------------- ---- 7/8⠸ Extracting... ----------------------------------- ---- 7/8⠼ Extracting... ----------------------------------- ---- 7/8⠴ Extracting... ----------------------------------- ---- 7/8⠧ Extracting... ----------------------------------- ---- 7/8⠇ Extracting... ----------------------------------- ---- 7/8⠋ Extracting... ----------------------------------- ---- 7/8⠙ Extracting... ----------------------------------- ---- 7/8⠹ Extracting... ----------------------------------- ---- 7/8⠼ Extracting... ----------------------------------- ---- 7/8⠴ Extracting... ----------------------------------- ---- 7/8⠦ Extracting... ----------------------------------- ---- 7/8⠇ Extracting... ----------------------------------- ---- 7/8⠏ Extracting... ----------------------------------- ---- 7/8⠙ Extracting... ----------------------------------- ---- 7/8⠹ Extracting... ----------------------------------- ---- 7/8⠸ Extracting... ----------------------------------- ---- 7/8⠴ Extracting... ----------------------------------- ---- 7/8⠦ Extracting... ----------------------------------- ---- 7/8⠧ Extracting... ----------------------------------- ---- 7/8⠏ Extracting... ----------------------------------- ---- 7/8⠋ Extracting... ----------------------------------- ---- 7/8⠹ Extracting... ----------------------------------- ---- 7/8⠸ Extracting... ----------------------------------- ---- 7/8⠼ Extracting... ----------------------------------- ---- 7/8⠦ Extracting... ----------------------------------- ---- 7/8⠧ Extracting... ----------------------------------- ---- 7/8⠇ Extracting... ----------------------------------- ---- 7/8⠋ Extracting... ----------------------------------- ---- 7/8⠙ Extracting... ----------------------------------- ---- 7/8⠸ Extracting... ----------------------------------- ---- 7/8⠼ Extracting... ----------------------------------- ---- 7/8⠴ Extracting... ----------------------------------- ---- 7/8⠧ Extracting... ----------------------------------- ---- 7/8⠇ Extracting... ----------------------------------- ---- 7/8⠋ Extracting... ----------------------------------- ---- 7/8⠙ Extracting... ----------------------------------- ---- 7/8⠹ Extracting... ----------------------------------- ---- 7/8⠼ Extracting... ----------------------------------- ---- 7/8⠴ Extracting... ----------------------------------- ---- 7/8⠦ Extracting... ----------------------------------- ---- 7/8⠇ Extracting... ----------------------------------- ---- 7/8⠏ Extracting... ----------------------------------- ---- 7/8⠙ Extracting... ----------------------------------- ---- 7/8⠹ Extracting... ----------------------------------- ---- 7/8⠸ Extracting... ----------------------------------- ---- 7/8⠴ Extracting... ----------------------------------- ---- 7/8⠦ Extracting... ----------------------------------- ---- 7/8⠧ Extracting... ----------------------------------- ---- 7/8⠏ Extracting... ----------------------------------- ---- 7/8⠋ Extracting... ----------------------------------- ---- 7/8⠹ Extracting... ----------------------------------- ---- 7/8⠸ Extracting... ----------------------------------- ---- 7/8⠼ Extracting... ----------------------------------- ---- 7/8⠦ Extracting... ----------------------------------- ---- 7/8⠧ Extracting... ----------------------------------- ---- 7/8⠏ Extracting... ----------------------------------- ---- 7/8⠋ Extracting... ----------------------------------- ---- 7/8⠙ Extracting... ----------------------------------- ---- 7/8⠸ Extracting... ----------------------------------- ---- 7/8⠼ Extracting... ----------------------------------- ---- 7/8⠴ Extracting... ----------------------------------- ---- 7/8⠧ Extracting... ----------------------------------- ---- 7/8⠇ Extracting... ----------------------------------- ---- 7/8⠋ Extracting... ----------------------------------- ---- 7/8⠙ Extracting... ----------------------------------- ---- 7/8⠹ Extracting... ----------------------------------- ---- 7/8⠼ Extracting... ----------------------------------- ---- 7/8⠴ Extracting... ----------------------------------- ---- 7/8⠦ Extracting... ----------------------------------- ---- 7/8⠇ Extracting... ----------------------------------- ---- 7/8⠏ Extracting... ----------------------------------- ---- 7/8⠙ Extracting... ----------------------------------- ---- 7/8⠹ Extracting... ----------------------------------- ---- 7/8⠸ Extracting... ----------------------------------- ---- 7/8⠴ Extracting... ----------------------------------- ---- 7/8⠦ Extracting... ----------------------------------- ---- 7/8⠇ Extracting... ----------------------------------- ---- 7/8⠏ Extracting... ----------------------------------- ---- 7/8⠋ Extracting... ----------------------------------- ---- 7/8⠹ Extracting... ----------------------------------- ---- 7/8⠸ Extracting... ----------------------------------- ---- 7/8⠼ Extracting... ----------------------------------- ---- 7/8⠦ Extracting... ----------------------------------- ---- 7/8⠧ Extracting... ----------------------------------- ---- 7/8⠏ Extracting... ----------------------------------- ---- 7/8⠋ Extracting... ----------------------------------- ---- 7/8⠙ Extracting... ----------------------------------- ---- 7/8⠸ Extracting... ----------------------------------- ---- 7/8⠼ Extracting... ----------------------------------- ---- 7/8⠦ Extracting... ----------------------------------- ---- 7/8⠧ Extracting... ----------------------------------- ---- 7/8⠇ Extracting... ----------------------------------- ---- 7/8⠋ Extracting... ----------------------------------- ---- 7/8⠙ Extracting... ----------------------------------- ---- 7/8⠹ Extracting... ----------------------------------- ---- 7/8⠼ Extracting... ----------------------------------- ---- 7/8⠴ Extracting... ----------------------------------- ---- 7/8⠧ Extracting... ----------------------------------- ---- 7/8⠇ Extracting... ----------------------------------- ---- 7/8⠏ Extracting... ----------------------------------- ---- 7/8⠙ Extracting... ----------------------------------- ---- 7/8⠹ Extracting... ----------------------------------- ---- 7/8⠸ Extracting... ----------------------------------- ---- 7/8⠴ Extracting... ----------------------------------- ---- 7/8⠦ Extracting... ----------------------------------- ---- 7/8⠇ Extracting... ----------------------------------- ---- 7/8⠏ Extracting... ----------------------------------- ---- 7/8⠋ Extracting... ----------------------------------- ---- 7/8⠹ Extracting... ----------------------------------- ---- 7/8⠸ Extracting... ----------------------------------- ---- 7/8⠴ Extracting... ----------------------------------- ---- 7/8⠦ Extracting... ----------------------------------- ---- 7/8⠧ Extracting... ----------------------------------- ---- 7/8⠏ Extracting... ----------------------------------- ---- 7/8⠋ Extracting... ----------------------------------- ---- 7/8⠙ Extracting... ----------------------------------- ---- 7/8⠸ Extracting... ----------------------------------- ---- 7/8⠼ Extracting... ----------------------------------- ---- 7/8⠦ Extracting... ----------------------------------- ---- 7/8⠧ Extracting... ----------------------------------- ---- 7/8⠇ Extracting... ----------------------------------- ---- 7/8⠋ Extracting... ----------------------------------- ---- 7/8⠙ Extracting... ----------------------------------- ---- 7/8⠹ Extracting... ----------------------------------- ---- 7/8⠼ Extracting... ----------------------------------- ---- 7/8⠴ Extracting... ----------------------------------- ---- 7/8⠧ Extracting... ----------------------------------- ---- 7/8⠇ Extracting... ----------------------------------- ---- 7/8⠏ Extracting... ----------------------------------- ---- 7/8⠙ Extracting... ----------------------------------- ---- 7/8⠹ Extracting... ----------------------------------- ---- 7/8⠼ Extracting... ----------------------------------- ---- 7/8⠴ Extracting... ----------------------------------- ---- 7/8⠦ Extracting... ----------------------------------- ---- 7/8⠇ Extracting... ----------------------------------- ---- 7/8⠏ Extracting... ----------------------------------- ---- 7/8⠋ Extracting... ----------------------------------- ---- 7/8⠹ Extracting... ----------------------------------- ---- 7/8⠸ Extracting... ----------------------------------- ---- 7/8⠴ Extracting... ----------------------------------- ---- 7/8⠦ Extracting... ----------------------------------- ---- 7/8⠧ Extracting... ----------------------------------- ---- 7/8⠏ Extracting... ----------------------------------- ---- 7/8⠋ Extracting... ----------------------------------- ---- 7/8⠙ Extracting... ----------------------------------- ---- 7/8⠸ Extracting... ----------------------------------- ---- 7/8⠼ Extracting... ----------------------------------- ---- 7/8⠦ Extracting... ----------------------------------- ---- 7/8⠧ Extracting... ----------------------------------- ---- 7/8⠇ Extracting... ----------------------------------- ---- 7/8⠋ Extracting... ----------------------------------- ---- 7/8⠙ Extracting... ----------------------------------- ---- 7/8⠸ Extracting... ----------------------------------- ---- 7/8⠼ Extracting... ----------------------------------- ---- 7/8⠴ Extracting... ----------------------------------- ---- 7/8⠧ Extracting... ----------------------------------- ---- 7/8⠇ Extracting... ----------------------------------- ---- 7/8⠏ Extracting... ----------------------------------- ---- 7/8⠙ Extracting... ----------------------------------- ---- 7/8⠹ Extracting... ----------------------------------- ---- 7/8⠼ Extracting... ----------------------------------- ---- 7/8⠴ Extracting... ----------------------------------- ---- 7/8⠦ Extracting... ----------------------------------- ---- 7/8⠇ Extracting... ----------------------------------- ---- 7/8⠏ Extracting... ----------------------------------- ---- 7/8⠋ Extracting... ----------------------------------- ---- 7/8⠹ Extracting... ----------------------------------- ---- 7/8⠸ Extracting... ----------------------------------- ---- 7/8⠴ Extracting... ----------------------------------- ---- 7/8⠦ Extracting... ----------------------------------- ---- 7/8⠧ Extracting... ----------------------------------- ---- 7/8⠏ Extracting... ----------------------------------- ---- 7/8⠋ Extracting... ----------------------------------- ---- 7/8⠹ Extracting... ----------------------------------- ---- 7/8⠸ Extracting... ----------------------------------- ---- 7/8⠼ Extracting... ----------------------------------- ---- 7/8⠦ Extracting... ----------------------------------- ---- 7/8⠧ Extracting... ----------------------------------- ---- 7/8⠇ Extracting... ----------------------------------- ---- 7/8⠋ Extracting... ----------------------------------- ---- 7/8⠙ Extracting... ----------------------------------- ---- 7/8⠸ Extracting... ----------------------------------- ---- 7/8⠼ Extracting... ----------------------------------- ---- 7/8⠴ Extracting... ----------------------------------- ---- 7/8⠧ Extracting... ----------------------------------- ---- 7/8⠇ Extracting... ----------------------------------- ---- 7/8⠏ Extracting... ----------------------------------- ---- 7/8⠙ Extracting... ----------------------------------- ---- 7/8⠹ Extracting... ----------------------------------- ---- 7/8⠼ Extracting... ----------------------------------- ---- 7/8⠴ Extracting... ----------------------------------- ---- 7/8⠦ Extracting... ----------------------------------- ---- 7/8⠇ Extracting... ----------------------------------- ---- 7/8⠏ Extracting... ----------------------------------- ---- 7/8⠙ Extracting... ----------------------------------- ---- 7/8⠹ Extracting... ----------------------------------- ---- 7/8⠸ Extracting... ----------------------------------- ---- 7/8⠴ Extracting... ----------------------------------- ---- 7/8⠦ Extracting... ----------------------------------- ---- 7/8⠧ Extracting... ----------------------------------- ---- 7/8⠏ Extracting... ----------------------------------- ---- 7/8⠋ Extracting... ----------------------------------- ---- 7/8⠹ Extracting... ----------------------------------- ---- 7/8⠸ Extracting... ----------------------------------- ---- 7/8⠼ Extracting... ----------------------------------- ---- 7/8⠦ Extracting... ----------------------------------- ---- 7/8⠧ Extracting... ----------------------------------- ---- 7/8⠇ Extracting... ----------------------------------- ---- 7/8⠋ Extracting... ----------------------------------- ---- 7/8⠙ Extracting... ----------------------------------- ---- 7/8⠸ Extracting... ----------------------------------- ---- 7/8⠼ Extracting... ----------------------------------- ---- 7/8⠴ Extracting... ----------------------------------- ---- 7/8⠧ Extracting... ----------------------------------- ---- 7/8⠇ Extracting... ----------------------------------- ---- 7/8⠋ Extracting... ----------------------------------- ---- 7/8⠙ Extracting... ----------------------------------- ---- 7/8⠹ Extracting... ----------------------------------- ---- 7/8⠼ Extracting... ----------------------------------- ---- 7/8⠴ Extracting... ----------------------------------- ---- 7/8⠧ Extracting... ----------------------------------- ---- 7/8⠇ Extracting... ----------------------------------- ---- 7/8⠏ Extracting... ----------------------------------- ---- 7/8⠙ Extracting... ----------------------------------- ---- 7/8⠹ Extracting... ----------------------------------- ---- 7/8⠼ Extracting... ----------------------------------- ---- 7/8⠴ Extracting... ----------------------------------- ---- 7/8⠦ Extracting... ----------------------------------- ---- 7/8⠇ Extracting... ----------------------------------- ---- 7/8⠏ Extracting... ----------------------------------- ---- 7/8⠋ Extracting... ----------------------------------- ---- 7/8⠹ Extracting... ----------------------------------- ---- 7/8⠸ Extracting... ----------------------------------- ---- 7/8⠴ Extracting... ----------------------------------- ---- 7/8⠦ Extracting... ----------------------------------- ---- 7/8⠧ Extracting... ----------------------------------- ---- 7/8⠏ Extracting... ----------------------------------- ---- 7/8⠋ Extracting... ----------------------------------- ---- 7/8⠙ Extracting... ----------------------------------- ---- 7/8⠸ Extracting... ----------------------------------- ---- 7/8⠼ Extracting... ----------------------------------- ---- 7/8⠦ Extracting... ----------------------------------- ---- 7/8⠧ Extracting... ----------------------------------- ---- 7/8⠇ Extracting... ----------------------------------- ---- 7/8⠋ Extracting... ----------------------------------- ---- 7/8⠙ Extracting... ----------------------------------- ---- 7/8⠹ Extracting... ----------------------------------- ---- 7/8⠼ Extracting... ----------------------------------- ---- 7/8⠴ Extracting... ----------------------------------- ---- 7/8⠧ Extracting... ----------------------------------- ---- 7/8⠇ Extracting... ----------------------------------- ---- 7/8⠏ Extracting... ----------------------------------- ---- 7/8⠙ Extracting... ----------------------------------- ---- 7/8⠹ Extracting... ----------------------------------- ---- 7/8⠼ Extracting... ----------------------------------- ---- 7/8⠴ Extracting... ----------------------------------- ---- 7/8⠦ Extracting... ----------------------------------- ---- 7/8⠇ Extracting... ----------------------------------- ---- 7/8⠏ Extracting... ----------------------------------- ---- 7/8⠋ Extracting... ----------------------------------- ---- 7/8⠹ Extracting... ----------------------------------- ---- 7/8⠸ Extracting... ----------------------------------- ---- 7/8⠴ Extracting... ----------------------------------- ---- 7/8⠦ Extracting... ----------------------------------- ---- 7/8⠧ Extracting... ----------------------------------- ---- 7/8⠏ Extracting... ----------------------------------- ---- 7/8⠋ Extracting... ----------------------------------- ---- 7/8⠹ Extracting... ----------------------------------- ---- 7/8⠸ Extracting... ----------------------------------- ---- 7/8⠼ Extracting... ----------------------------------- ---- 7/8⠦ Extracting... ----------------------------------- ---- 7/8⠧ Extracting... ----------------------------------- ---- 7/8⠏ Extracting... ----------------------------------- ---- 7/8⠋ Extracting... ----------------------------------- ---- 7/8⠙ Extracting... ----------------------------------- ---- 7/8⠸ Extracting... ----------------------------------- ---- 7/8⠼ Extracting... ----------------------------------- ---- 7/8⠴ Extracting... ----------------------------------- ---- 7/8⠧ Extracting... ----------------------------------- ---- 7/8⠇ Extracting... ----------------------------------- ---- 7/8⠋ Extracting... ----------------------------------- ---- 7/8⠙ Extracting... ----------------------------------- ---- 7/8⠹ Extracting... ----------------------------------- ---- 7/8⠼ Extracting... ----------------------------------- ---- 7/8⠴ Extracting... ----------------------------------- ---- 7/8⠧ Extracting... ----------------------------------- ---- 7/8⠇ Extracting... ----------------------------------- ---- 7/8⠏ Extracting... ----------------------------------- ---- 7/8⠙ Extracting... ----------------------------------- ---- 7/8⠹ Extracting... ----------------------------------- ---- 7/8⠸ Extracting... ----------------------------------- ---- 7/8⠴ Extracting... ----------------------------------- ---- 7/8⠦ Extracting... ----------------------------------- ---- 7/8⠇ Extracting... ----------------------------------- ---- 7/8⠏ Extracting... ----------------------------------- ---- 7/8⠋ Extracting... ----------------------------------- ---- 7/8⠹ Extracting... ----------------------------------- ---- 7/8⠸ Extracting... ----------------------------------- ---- 7/8⠴ Extracting... ----------------------------------- ---- 7/8⠦ Extracting... ----------------------------------- ---- 7/8⠧ Extracting... ----------------------------------- ---- 7/8⠏ Extracting... ----------------------------------- ---- 7/8⠋ Extracting... ----------------------------------- ---- 7/8⠙ Extracting... ----------------------------------- ---- 7/8⠸ Extracting... ----------------------------------- ---- 7/8⠼ Extracting... ----------------------------------- ---- 7/8⠦ Extracting... ----------------------------------- ---- 7/8⠧ Extracting... ----------------------------------- ---- 7/8⠇ Extracting... ----------------------------------- ---- 7/8⠋ Extracting... ----------------------------------- ---- 7/8⠙ Extracting... ----------------------------------- ---- 7/8⠹ Extracting... ----------------------------------- ---- 7/8⠼ Extracting... ----------------------------------- ---- 7/8⠴ Extracting... ----------------------------------- ---- 7/8⠧ Extracting... ----------------------------------- ---- 7/8⠇ Extracting... ----------------------------------- ---- 7/8⠏ Extracting... ----------------------------------- ---- 7/8⠙ Extracting... ----------------------------------- ---- 7/8⠹ Extracting... ----------------------------------- ---- 7/8⠼ Extracting... ----------------------------------- ---- 7/8⠴ Extracting... ----------------------------------- ---- 7/8⠦ Extracting... ----------------------------------- ---- 7/8⠇ Extracting... ----------------------------------- ---- 7/8⠏ Extracting... ----------------------------------- ---- 7/8⠋ Extracting... ----------------------------------- ---- 7/8⠹ Extracting... ----------------------------------- ---- 7/8⠸ Extracting... ----------------------------------- ---- 7/8⠴ Extracting... ----------------------------------- ---- 7/8⠦ Extracting... ----------------------------------- ---- 7/8⠧ Extracting... ----------------------------------- ---- 7/8⠏ Extracting... ----------------------------------- ---- 7/8⠋ Extracting... ----------------------------------- ---- 7/8⠙ Extracting... ----------------------------------- ---- 7/8⠸ Extracting... ----------------------------------- ---- 7/8⠼ Extracting... ----------------------------------- ---- 7/8⠦ Extracting... ----------------------------------- ---- 7/8⠧ Extracting... ----------------------------------- ---- 7/8⠏ Extracting... ----------------------------------- ---- 7/8⠋ Extracting... ----------------------------------- ---- 7/8⠙ Extracting... ----------------------------------- ---- 7/8⠸ Extracting... ----------------------------------- ---- 7/8⠼ Extracting... ----------------------------------- ---- 7/8⠴ Extracting... ----------------------------------- ---- 7/8⠧ Extracting... ----------------------------------- ---- 7/8⠇ Extracting... ----------------------------------- ---- 7/8⠋ Extracting... ----------------------------------- ---- 7/8⠙ Extracting... ----------------------------------- ---- 7/8⠹ Extracting... ----------------------------------- ---- 7/8⠼ Extracting... ----------------------------------- ---- 7/8⠴ Extracting... ----------------------------------- ---- 7/8⠦ Extracting... ----------------------------------- ---- 7/8⠇ Extracting... ----------------------------------- ---- 7/8⠏ Extracting... ----------------------------------- ---- 7/8⠙ Extracting... ----------------------------------- ---- 7/8⠹ Extracting... ----------------------------------- ---- 7/8⠸ Extracting... ----------------------------------- ---- 7/8⠴ Extracting... ----------------------------------- ---- 7/8⠦ Extracting... ----------------------------------- ---- 7/8⠇ Extracting... ----------------------------------- ---- 7/8⠏ Extracting... ----------------------------------- ---- 7/8⠋ Extracting... ----------------------------------- ---- 7/8⠹ Extracting... ----------------------------------- ---- 7/8⠸ Extracting... ----------------------------------- ---- 7/8⠴ Extracting... ----------------------------------- ---- 7/8⠦ Extracting... ----------------------------------- ---- 7/8⠧ Extracting... ----------------------------------- ---- 7/8⠏ Extracting... ----------------------------------- ---- 7/8⠋ Extracting... ----------------------------------- ---- 7/8⠙ Extracting... ----------------------------------- ---- 7/8⠸ Extracting... ----------------------------------- ---- 7/8⠼ Extracting... ----------------------------------- ---- 7/8⠦ Extracting... ----------------------------------- ---- 7/8⠧ Extracting... ----------------------------------- ---- 7/8⠇ Extracting... ----------------------------------- ---- 7/8⠋ Extracting... ----------------------------------- ---- 7/8⠙ Extracting... ----------------------------------- ---- 7/8⠸ Extracting... ----------------------------------- ---- 7/8⠼ Extracting... ----------------------------------- ---- 7/8⠴ Extracting... ----------------------------------- ---- 7/8⠧ Extracting... ----------------------------------- ---- 7/8⠇ Extracting... ----------------------------------- ---- 7/8⠏ Extracting... ----------------------------------- ---- 7/8⠙ Extracting... ----------------------------------- ---- 7/8⠹ Extracting... ----------------------------------- ---- 7/8⠼ Extracting... ----------------------------------- ---- 7/8⠴ Extracting... ----------------------------------- ---- 7/8⠦ Extracting... ----------------------------------- ---- 7/8⠇ Extracting... ----------------------------------- ---- 7/8⠏ Extracting... ----------------------------------- ---- 7/8⠙ Extracting... ----------------------------------- ---- 7/8⠹ Extracting... ----------------------------------- ---- 7/8⠸ Extracting... ----------------------------------- ---- 7/8⠴ Extracting... ----------------------------------- ---- 7/8⠦ Extracting... ----------------------------------- ---- 7/8⠧ Extracting... ----------------------------------- ---- 7/8⠏ Extracting... ----------------------------------- ---- 7/8⠋ Extracting... ----------------------------------- ---- 7/8⠹ Extracting... ----------------------------------- ---- 7/8⠸ Extracting... ----------------------------------- ---- 7/8⠼ Extracting... ----------------------------------- ---- 7/8⠦ Extracting... ----------------------------------- ---- 7/8⠧ Extracting... ----------------------------------- ---- 7/8⠏ Extracting... ----------------------------------- ---- 7/8⠋ Extracting... ----------------------------------- ---- 7/8⠙ Extracting... ----------------------------------- ---- 7/8⠸ Extracting... ----------------------------------- ---- 7/8⠼ Extracting... ----------------------------------- ---- 7/8⠦ Extracting... ----------------------------------- ---- 7/8⠧ Extracting... ----------------------------------- ---- 7/8⠇ Extracting... ----------------------------------- ---- 7/8⠋ Extracting... ----------------------------------- ---- 7/8⠙ Extracting... ----------------------------------- ---- 7/8⠹ Extracting... ----------------------------------- ---- 7/8⠼ Extracting... ----------------------------------- ---- 7/8⠴ Extracting... ----------------------------------- ---- 7/8⠧ Extracting... ----------------------------------- ---- 7/8⠇ Extracting... ----------------------------------- ---- 7/8⠏ Extracting... ----------------------------------- ---- 7/8⠙ Extracting... ----------------------------------- ---- 7/8⠹ Extracting... ----------------------------------- ---- 7/8⠸ Extracting... ----------------------------------- ---- 7/8⠴ Extracting... ----------------------------------- ---- 7/8⠦ Extracting... ----------------------------------- ---- 7/8⠇ Extracting... ----------------------------------- ---- 7/8⠏ Extracting... ----------------------------------- ---- 7/8⠋ Extracting... ----------------------------------- ---- 7/8⠹ Extracting... ----------------------------------- ---- 7/8⠸ Extracting... ----------------------------------- ---- 7/8⠴ Extracting... ----------------------------------- ---- 7/8⠦ Extracting... ----------------------------------- ---- 7/8⠇ Extracting... ----------------------------------- ---- 7/8⠏ Extracting... ----------------------------------- ---- 7/8⠋ Extracting... ----------------------------------- ---- 7/8⠹ Extracting... ----------------------------------- ---- 7/8⠸ Extracting... ----------------------------------- ---- 7/8⠼ Extracting... ----------------------------------- ---- 7/8⠦ Extracting... ----------------------------------- ---- 7/8⠧ Extracting... ----------------------------------- ---- 7/8⠏ Extracting... ----------------------------------- ---- 7/8⠋ Extracting... ----------------------------------- ---- 7/8⠙ Extracting... ----------------------------------- ---- 7/8⠸ Extracting... ----------------------------------- ---- 7/8⠼ Extracting... ----------------------------------- ---- 7/8⠴ Extracting... ----------------------------------- ---- 7/8⠧ Extracting... ----------------------------------- ---- 7/8⠇ Extracting... ----------------------------------- ---- 7/8⠋ Extracting... ----------------------------------- ---- 7/8⠙ Extracting... ----------------------------------- ---- 7/8⠹ Extracting... ----------------------------------- ---- 7/8⠼ Extracting... ----------------------------------- ---- 7/8⠴ Extracting... ----------------------------------- ---- 7/8⠦ Extracting... ----------------------------------- ---- 7/8⠇ Extracting... ----------------------------------- ---- 7/8⠏ Extracting... ----------------------------------- ---- 7/8⠙ Extracting... ----------------------------------- ---- 7/8⠹ Extracting... ----------------------------------- ---- 7/8⠸ Extracting... ----------------------------------- ---- 7/8⠴ Extracting... ----------------------------------- ---- 7/8⠦ Extracting... ----------------------------------- ---- 7/8⠧ Extracting... ----------------------------------- ---- 7/8⠏ Extracting... ----------------------------------- ---- 7/8⠋ Extracting... ----------------------------------- ---- 7/8⠹ Extracting... ----------------------------------- ---- 7/8⠸ Extracting... ----------------------------------- ---- 7/8⠼ Extracting... ----------------------------------- ---- 7/8⠦ Extracting... ----------------------------------- ---- 7/8⠧ Extracting... ----------------------------------- ---- 7/8⠏ Extracting... ----------------------------------- ---- 7/8⠋ Extracting... ----------------------------------- ---- 7/8⠙ Extracting... ----------------------------------- ---- 7/8⠸ Extracting... ----------------------------------- ---- 7/8⠼ Extracting... ----------------------------------- ---- 7/8⠦ Extracting... ----------------------------------- ---- 7/8⠧ Extracting... ----------------------------------- ---- 7/8⠇ Extracting... ----------------------------------- ---- 7/8⠋ Extracting... ----------------------------------- ---- 7/8⠙ Extracting... ----------------------------------- ---- 7/8⠹ Extracting... ----------------------------------- ---- 7/8⠼ Extracting... ----------------------------------- ---- 7/8⠴ Extracting... ----------------------------------- ---- 7/8⠧ Extracting... ----------------------------------- ---- 7/8⠇ Extracting... ----------------------------------- ---- 7/8⠏ Extracting... ----------------------------------- ---- 7/8⠙ Extracting... ----------------------------------- ---- 7/8⠹ Extracting... ----------------------------------- ---- 7/8⠸ Extracting... ----------------------------------- ---- 7/8⠴ Extracting... ----------------------------------- ---- 7/8⠦ Extracting... ----------------------------------- ---- 7/8⠇ Extracting... ----------------------------------- ---- 7/8⠏ Extracting... ----------------------------------- ---- 7/8⠙ Extracting... ----------------------------------- ---- 7/8⠹ Extracting... ----------------------------------- ---- 7/8⠸ Extracting... ----------------------------------- ---- 7/8⠴ Extracting... ----------------------------------- ---- 7/8⠦ Extracting... ----------------------------------- ---- 7/8⠧ Extracting... ----------------------------------- ---- 7/8⠏ Extracting... ----------------------------------- ---- 7/8⠋ Extracting... ----------------------------------- ---- 7/8⠹ Extracting... ----------------------------------- ---- 7/8⠸ Extracting... ----------------------------------- ---- 7/8⠼ Extracting... ----------------------------------- ---- 7/8⠦ Extracting... ----------------------------------- ---- 7/8⠧ Extracting... ----------------------------------- ---- 7/8⠇ Extracting... ----------------------------------- ---- 7/8⠋ Extracting... ----------------------------------- ---- 7/8⠙ Extracting... ----------------------------------- ---- 7/8⠸ Extracting... ----------------------------------- ---- 7/8⠼ Extracting... ----------------------------------- ---- 7/8⠴ Extracting... ----------------------------------- ---- 7/8⠧ Extracting... ----------------------------------- ---- 7/8⠇ Extracting... ----------------------------------- ---- 7/8⠋ Extracting... ----------------------------------- ---- 7/8⠙ Extracting... ----------------------------------- ---- 7/8⠹ Extracting... ----------------------------------- ---- 7/8⠼ Extracting... ----------------------------------- ---- 7/8⠴ Extracting... ----------------------------------- ---- 7/8⠦ Extracting... ----------------------------------- ---- 7/8⠇ Extracting... ----------------------------------- ---- 7/8⠏ Extracting... ----------------------------------- ---- 7/8⠙ Extracting... ----------------------------------- ---- 7/8⠹ Extracting... ----------------------------------- ---- 7/8⠸ Extracting... ----------------------------------- ---- 7/8⠴ Extracting... ----------------------------------- ---- 7/8⠦ Extracting... ----------------------------------- ---- 7/8⠇ Extracting... ----------------------------------- ---- 7/8⠏ Extracting... ----------------------------------- ---- 7/8⠋ Extracting... ----------------------------------- ---- 7/8⠹ Extracting... ----------------------------------- ---- 7/8⠸ Extracting... ----------------------------------- ---- 7/8⠼ Extracting... ----------------------------------- ---- 7/8⠦ Extracting... ----------------------------------- ---- 7/8⠧ Extracting... ----------------------------------- ---- 7/8⠏ Extracting... ----------------------------------- ---- 7/8⠋ Extracting... ----------------------------------- ---- 7/8⠙ Extracting... ----------------------------------- ---- 7/8⠸ Extracting... ----------------------------------- ---- 7/8⠼ Extracting... ----------------------------------- ---- 7/8⠦ Extracting... ----------------------------------- ---- 7/8⠧ Extracting... ----------------------------------- ---- 7/8⠇ Extracting... ----------------------------------- ---- 7/8⠋ Extracting... ----------------------------------- ---- 7/8⠙ Extracting... ----------------------------------- ---- 7/8⠹ Extracting... ----------------------------------- ---- 7/8⠼ Extracting... ----------------------------------- ---- 7/8⠴ Extracting... ----------------------------------- ---- 7/8⠧ Extracting... ----------------------------------- ---- 7/8⠇ Extracting... ----------------------------------- ---- 7/8⠏ Extracting... ----------------------------------- ---- 7/8⠙ Extracting... ----------------------------------- ---- 7/8⠹ Extracting... ----------------------------------- ---- 7/8⠼ Extracting... ----------------------------------- ---- 7/8⠴ Extracting... ----------------------------------- ---- 7/8⠦ Extracting... ----------------------------------- ---- 7/8⠇ Extracting... ----------------------------------- ---- 7/8⠏ Extracting... ----------------------------------- ---- 7/8⠋ Extracting... ----------------------------------- ---- 7/8⠹ Extracting... ----------------------------------- ---- 7/8⠸ Extracting... ----------------------------------- ---- 7/8⠴ Extracting... ----------------------------------- ---- 7/8⠦ Extracting... ----------------------------------- ---- 7/8⠧ Extracting... ----------------------------------- ---- 7/8⠏ Extracting... ----------------------------------- ---- 7/8⠋ Extracting... ----------------------------------- ---- 7/8⠹ Extracting... ----------------------------------- ---- 7/8⠸ Extracting... ----------------------------------- ---- 7/8⠼ Extracting... ----------------------------------- ---- 7/8⠦ Extracting... ----------------------------------- ---- 7/8⠧ Extracting... ----------------------------------- ---- 7/8⠇ Extracting... ----------------------------------- ---- 7/8⠋ Extracting... ----------------------------------- ---- 7/8⠙ Extracting... ----------------------------------- ---- 7/8⠸ Extracting... ----------------------------------- ---- 7/8⠼ Extracting... ----------------------------------- ---- 7/8⠴ Extracting... ----------------------------------- ---- 7/8⠧ Extracting... ----------------------------------- ---- 7/8⠇ Extracting... ----------------------------------- ---- 7/8⠏ Extracting... ----------------------------------- ---- 7/8⠙ Extracting... ----------------------------------- ---- 7/8⠹ Extracting... ----------------------------------- ---- 7/8⠼ Extracting... ----------------------------------- ---- 7/8⠴ Extracting... ----------------------------------- ---- 7/8⠦ Extracting... ----------------------------------- ---- 7/8⠇ Extracting... ----------------------------------- ---- 7/8⠏ Extracting... ----------------------------------- ---- 7/8⠙ Extracting... ----------------------------------- ---- 7/8⠹ Extracting... ----------------------------------- ---- 7/8⠸ Extracting... ----------------------------------- ---- 7/8⠴ Extracting... ----------------------------------- ---- 7/8⠦ Extracting... ----------------------------------- ---- 7/8⠧ Extracting... ----------------------------------- ---- 7/8⠏ Extracting... ----------------------------------- ---- 7/8⠋ Extracting... ----------------------------------- ---- 7/8⠹ Extracting... ----------------------------------- ---- 7/8⠸ Extracting... ----------------------------------- ---- 7/8⠼ Extracting... ----------------------------------- ---- 7/8⠦ Extracting... ----------------------------------- ---- 7/8⠧ Extracting... ----------------------------------- ---- 7/8⠏ Extracting... ----------------------------------- ---- 7/8⠋ Extracting... ----------------------------------- ---- 7/8⠙ Extracting... ----------------------------------- ---- 7/8⠸ Extracting... ----------------------------------- ---- 7/8⠼ Extracting... ----------------------------------- ---- 7/8⠴ Extracting... ----------------------------------- ---- 7/8⠧ Extracting... ----------------------------------- ---- 7/8⠇ Extracting... ----------------------------------- ---- 7/8⠏ Extracting... ----------------------------------- ---- 7/8⠙ Extracting... ----------------------------------- ---- 7/8⠹ Extracting... ----------------------------------- ---- 7/8⠼ Extracting... ----------------------------------- ---- 7/8⠴ Extracting... ----------------------------------- ---- 7/8⠦ Extracting... ----------------------------------- ---- 7/8⠇ Extracting... ----------------------------------- ---- 7/8⠏ Extracting... ----------------------------------- ---- 7/8⠙ Extracting... ----------------------------------- ---- 7/8⠹ Extracting... ----------------------------------- ---- 7/8⠸ Extracting... ----------------------------------- ---- 7/8⠴ Extracting... ----------------------------------- ---- 7/8⠦ Extracting... ----------------------------------- ---- 7/8⠧ Extracting... ----------------------------------- ---- 7/8⠏ Extracting... ----------------------------------- ---- 7/8⠋ Extracting... ----------------------------------- ---- 7/8⠹ Extracting... ----------------------------------- ---- 7/8⠸ Extracting... ----------------------------------- ---- 7/8⠼ Extracting... ----------------------------------- ---- 7/8⠦ Extracting... ----------------------------------- ---- 7/8⠧ Extracting... ----------------------------------- ---- 7/8⠇ Extracting... ----------------------------------- ---- 7/8⠋ Extracting... ----------------------------------- ---- 7/8⠙ Extracting... ----------------------------------- ---- 7/8⠸ Extracting... ----------------------------------- ---- 7/8⠼ Extracting... ----------------------------------- ---- 7/8⠴ Extracting... ----------------------------------- ---- 7/8⠧ Extracting... ----------------------------------- ---- 7/8⠇ Extracting... ----------------------------------- ---- 7/8⠏ Extracting... ----------------------------------- ---- 7/8⠙ Extracting... ----------------------------------- ---- 7/8⠹ Extracting... ----------------------------------- ---- 7/8⠼ Extracting... ----------------------------------- ---- 7/8⠴ Extracting... ----------------------------------- ---- 7/8⠦ Extracting... ----------------------------------- ---- 7/8⠇ Extracting... ----------------------------------- ---- 7/8⠏ Extracting... ----------------------------------- ---- 7/8⠙ Extracting... ----------------------------------- ---- 7/8⠹ Extracting... ----------------------------------- ---- 7/8⠸ Extracting... ----------------------------------- ---- 7/8⠴ Extracting... ----------------------------------- ---- 7/8⠦ Extracting... ----------------------------------- ---- 7/8⠧ Extracting... ----------------------------------- ---- 7/8⠏ Extracting... ----------------------------------- ---- 7/8⠋ Extracting... ----------------------------------- ---- 7/8⠹ Extracting... ----------------------------------- ---- 7/8⠸ Extracting... ----------------------------------- ---- 7/8⠼ Extracting... ----------------------------------- ---- 7/8⠦ Extracting... ----------------------------------- ---- 7/8⠧ Extracting... ----------------------------------- ---- 7/8⠏ Extracting... ----------------------------------- ---- 7/8⠋ Extracting... ----------------------------------- ---- 7/8⠙ Extracting... ----------------------------------- ---- 7/8⠸ Extracting... ----------------------------------- ---- 7/8⠼ Extracting... ----------------------------------- ---- 7/8⠦ Extracting... ----------------------------------- ---- 7/8⠧ Extracting... ----------------------------------- ---- 7/8⠇ Extracting... ----------------------------------- ---- 7/8⠋ Extracting... ----------------------------------- ---- 7/8⠙ Extracting... ----------------------------------- ---- 7/8⠸ Extracting... ----------------------------------- ---- 7/8⠼ Extracting... ----------------------------------- ---- 7/8⠴ Extracting... ----------------------------------- ---- 7/8⠧ Extracting... ----------------------------------- ---- 7/8⠇ Extracting... ----------------------------------- ---- 7/8⠏ Extracting... ----------------------------------- ---- 7/8⠙ Extracting... ----------------------------------- ---- 7/8⠹ Extracting... ----------------------------------- ---- 7/8⠼ Extracting... ----------------------------------- ---- 7/8⠴ Extracting... ----------------------------------- ---- 7/8⠦ Extracting... ----------------------------------- ---- 7/8⠇ Extracting... ----------------------------------- ---- 7/8⠏ Extracting... ----------------------------------- ---- 7/8⠙ Extracting... ----------------------------------- ---- 7/8⠹ Extracting... ----------------------------------- ---- 7/8⠸ Extracting... ----------------------------------- ---- 7/8⠴ Extracting... ----------------------------------- ---- 7/8⠦ Extracting... ----------------------------------- ---- 7/8⠧ Extracting... ----------------------------------- ---- 7/8⠏ Extracting... ----------------------------------- ---- 7/8⠋ Extracting... ----------------------------------- ---- 7/8⠹ Extracting... ----------------------------------- ---- 7/8⠸ Extracting... ----------------------------------- ---- 7/8⠼ Extracting... ----------------------------------- ---- 7/8⠦ Extracting... ----------------------------------- ---- 7/8⠧ Extracting... ----------------------------------- ---- 7/8⠏ Extracting... ----------------------------------- ---- 7/8⠋ Extracting... ----------------------------------- ---- 7/8⠙ Extracting... ----------------------------------- ---- 7/8⠸ Extracting... ----------------------------------- ---- 7/8⠼ Extracting... ----------------------------------- ---- 7/8⠦ Extracting... ----------------------------------- ---- 7/8⠧ Extracting... ----------------------------------- ---- 7/8⠇ Extracting... ----------------------------------- ---- 7/8⠋ Extracting... ----------------------------------- ---- 7/8⠙ Extracting... ----------------------------------- ---- 7/8⠹ Extracting... ----------------------------------- ---- 7/8⠼ Extracting... ----------------------------------- ---- 7/8⠴ Extracting... ----------------------------------- ---- 7/8⠧ Extracting... ----------------------------------- ---- 7/8⠇ Extracting... ----------------------------------- ---- 7/8⠏ Extracting... ----------------------------------- ---- 7/8⠙ Extracting... ----------------------------------- ---- 7/8⠹ Extracting... ----------------------------------- ---- 7/8⠸ Extracting... ----------------------------------- ---- 7/8⠴ Extracting... ----------------------------------- ---- 7/8⠦ Extracting... ----------------------------------- ---- 7/8⠇ Extracting... ----------------------------------- ---- 7/8⠏ Extracting... ----------------------------------- ---- 7/8⠋ Extracting... ----------------------------------- ---- 7/8⠹ Extracting... ----------------------------------- ---- 7/8⠸ Extracting... ----------------------------------- ---- 7/8⠼ Extracting... ----------------------------------- ---- 7/8⠦ Extracting... ----------------------------------- ---- 7/8⠧ Extracting... ----------------------------------- ---- 7/8⠏ Extracting... ----------------------------------- ---- 7/8⠋ Extracting... ----------------------------------- ---- 7/8⠙ Extracting... ----------------------------------- ---- 7/8⠸ Extracting... ----------------------------------- ---- 7/8⠼ Extracting... ----------------------------------- ---- 7/8⠴ Extracting... ----------------------------------- ---- 7/8⠧ Extracting... ----------------------------------- ---- 7/8⠇ Extracting... ----------------------------------- ---- 7/8⠋ Extracting... ----------------------------------- ---- 7/8⠙ Extracting... ----------------------------------- ---- 7/8⠹ Extracting... ----------------------------------- ---- 7/8⠼ Extracting... ----------------------------------- ---- 7/8⠴ Extracting... ----------------------------------- ---- 7/8⠧ Extracting... ----------------------------------- ---- 7/8⠇ Extracting... ----------------------------------- ---- 7/8⠏ Extracting... ----------------------------------- ---- 7/8⠙ Extracting... ----------------------------------- ---- 7/8⠹ Extracting... ----------------------------------- ---- 7/8⠼ Extracting... ----------------------------------- ---- 7/8⠴ Extracting... ----------------------------------- ---- 7/8⠦ Extracting... ----------------------------------- ---- 7/8⠇ Extracting... ----------------------------------- ---- 7/8⠏ Extracting... ----------------------------------- ---- 7/8⠋ Extracting... ----------------------------------- ---- 7/8⠹ Extracting... ----------------------------------- ---- 7/8⠸ Extracting... ----------------------------------- ---- 7/8⠴ Extracting... ----------------------------------- ---- 7/8⠦ Extracting... ----------------------------------- ---- 7/8⠧ Extracting... ----------------------------------- ---- 7/8⠏ Extracting... ----------------------------------- ---- 7/8⠋ Extracting... ----------------------------------- ---- 7/8⠙ Extracting... ----------------------------------- ---- 7/8⠸ Extracting... ----------------------------------- ---- 7/8⠼ Extracting... ----------------------------------- ---- 7/8⠦ Extracting... ----------------------------------- ---- 7/8⠧ Extracting... ----------------------------------- ---- 7/8⠇ Extracting... ----------------------------------- ---- 7/8⠋ Extracting... ----------------------------------- ---- 7/8⠙ Extracting... ----------------------------------- ---- 7/8⠸ Extracting... ----------------------------------- ---- 7/8⠼ Extracting... ----------------------------------- ---- 7/8⠴ Extracting... ----------------------------------- ---- 7/8⠧ Extracting... ----------------------------------- ---- 7/8⠇ Extracting... ----------------------------------- ---- 7/8⠏ Extracting... ----------------------------------- ---- 7/8⠙ Extracting... ----------------------------------- ---- 7/8⠹ Extracting... ----------------------------------- ---- 7/8⠼ Extracting... ----------------------------------- ---- 7/8⠴ Extracting... ----------------------------------- ---- 7/8⠦ Extracting... ----------------------------------- ---- 7/8⠇ Extracting... ----------------------------------- ---- 7/8⠏ Extracting... ----------------------------------- ---- 7/8⠙ Extracting... ----------------------------------- ---- 7/8⠹ Extracting... ----------------------------------- ---- 7/8⠸ Extracting... ----------------------------------- ---- 7/8⠴ Extracting... ----------------------------------- ---- 7/8⠦ Extracting... ----------------------------------- ---- 7/8⠧ Extracting... ----------------------------------- ---- 7/8⠏ Extracting... ----------------------------------- ---- 7/8⠋ Extracting... ----------------------------------- ---- 7/8⠹ Extracting... ----------------------------------- ---- 7/8⠸ Extracting... ----------------------------------- ---- 7/8⠼ Extracting... ----------------------------------- ---- 7/8⠦ Extracting... ----------------------------------- ---- 7/8⠧ Extracting... ----------------------------------- ---- 7/8⠇ Extracting... ----------------------------------- ---- 7/8⠋ Extracting... ----------------------------------- ---- 7/8⠙ Extracting... ----------------------------------- ---- 7/8⠸ Extracting... ----------------------------------- ---- 7/8⠼ Extracting... ----------------------------------- ---- 7/8⠴ Extracting... ----------------------------------- ---- 7/8⠧ Extracting... ----------------------------------- ---- 7/8⠇ Extracting... ----------------------------------- ---- 7/8⠏ Extracting... ----------------------------------- ---- 7/8⠙ Extracting... ----------------------------------- ---- 7/8⠹ Extracting... ----------------------------------- ---- 7/8⠼ Extracting... ----------------------------------- ---- 7/8⠴ Extracting... ----------------------------------- ---- 7/8⠧ Extracting... ----------------------------------- ---- 7/8⠇ Extracting... ----------------------------------- ---- 7/8⠏ Extracting... ----------------------------------- ---- 7/8⠙ Extracting... ----------------------------------- ---- 7/8⠹ Extracting... ----------------------------------- ---- 7/8⠼ Extracting... ----------------------------------- ---- 7/8⠴ Extracting... ----------------------------------- ---- 7/8⠦ Extracting... ----------------------------------- ---- 7/8⠇ Extracting... ----------------------------------- ---- 7/8⠏ Extracting... ----------------------------------- ---- 7/8⠋ Extracting... ----------------------------------- ---- 7/8⠹ Extracting... ----------------------------------- ---- 7/8⠸ Extracting... ----------------------------------- ---- 7/8⠴ Extracting... ----------------------------------- ---- 7/8⠦ Extracting... ----------------------------------- ---- 7/8⠧ Extracting... ----------------------------------- ---- 7/8⠏ Extracting... ----------------------------------- ---- 7/8⠋ Extracting... ----------------------------------- ---- 7/8⠙ Extracting... ----------------------------------- ---- 7/8⠸ Extracting... ----------------------------------- ---- 7/8⠼ Extracting... ----------------------------------- ---- 7/8⠦ Extracting... ----------------------------------- ---- 7/8⠧ Extracting... ----------------------------------- ---- 7/8⠇ Extracting... ----------------------------------- ---- 7/8⠋ Extracting... ----------------------------------- ---- 7/8⠙ Extracting... ----------------------------------- ---- 7/8⠸ Extracting... ----------------------------------- ---- 7/8⠼ Extracting... ----------------------------------- ---- 7/8⠴ Extracting... ----------------------------------- ---- 7/8⠧ Extracting... ----------------------------------- ---- 7/8⠇ Extracting... ----------------------------------- ---- 7/8⠏ Extracting... ----------------------------------- ---- 7/8⠙ Extracting... ----------------------------------- ---- 7/8⠹ Extracting... ----------------------------------- ---- 7/8⠼ Extracting... ----------------------------------- ---- 7/8⠴ Extracting... ----------------------------------- ---- 7/8⠦ Extracting... ----------------------------------- ---- 7/8⠇ Extracting... ----------------------------------- ---- 7/8⠏ Extracting... ----------------------------------- ---- 7/8⠋ Extracting... ----------------------------------- ---- 7/8⠹ Extracting... ----------------------------------- ---- 7/8⠸ Extracting... ----------------------------------- ---- 7/8⠴ Extracting... ----------------------------------- ---- 7/8⠦ Extracting... ----------------------------------- ---- 7/8⠧ Extracting... ----------------------------------- ---- 7/8⠏ Extracting... ----------------------------------- ---- 7/8⠋ Extracting... ----------------------------------- ---- 7/8⠹ Extracting... ----------------------------------- ---- 7/8⠸ Extracting... ----------------------------------- ---- 7/8⠼ Extracting... ----------------------------------- ---- 7/8⠦ Extracting... ----------------------------------- ---- 7/8⠧ Extracting... ----------------------------------- ---- 7/8⠇ Extracting... ----------------------------------- ---- 7/8⠋ Extracting... ----------------------------------- ---- 7/8⠙ Extracting... ----------------------------------- ---- 7/8⠸ Extracting... ----------------------------------- ---- 7/8⠼ Extracting... ----------------------------------- ---- 7/8⠦ Extracting... ----------------------------------- ---- 7/8⠧ Extracting... ----------------------------------- ---- 7/8⠇ Extracting... ----------------------------------- ---- 7/8⠋ Extracting... ----------------------------------- ---- 7/8⠙ Extracting... ----------------------------------- ---- 7/8⠹ Extracting... ----------------------------------- ---- 7/8⠼ Extracting... ----------------------------------- ---- 7/8⠴ Extracting... ----------------------------------- ---- 7/8⠧ Extracting... ----------------------------------- ---- 7/8⠇ Extracting... ----------------------------------- ---- 7/8⠏ Extracting... ----------------------------------- ---- 7/8⠙ Extracting... ----------------------------------- ---- 7/8⠹ Extracting... ----------------------------------- ---- 7/8⠸ Extracting... ----------------------------------- ---- 7/8⠴ Extracting... ----------------------------------- ---- 7/8⠦ Extracting... ----------------------------------- ---- 7/8⠇ Extracting... ----------------------------------- ---- 7/8⠏ Extracting... ----------------------------------- ---- 7/8⠋ Extracting... ----------------------------------- ---- 7/8⠹ Extracting... ----------------------------------- ---- 7/8⠸ Extracting... ----------------------------------- ---- 7/8⠼ Extracting... ----------------------------------- ---- 7/8⠦ Extracting... ----------------------------------- ---- 7/8⠧ Extracting... ----------------------------------- ---- 7/8⠏ Extracting... ----------------------------------- ---- 7/8⠋ Extracting... ----------------------------------- ---- 7/8⠙ Extracting... ----------------------------------- ---- 7/8⠸ Extracting... ----------------------------------- ---- 7/8⠼ Extracting... ----------------------------------- ---- 7/8⠦ Extracting... ----------------------------------- ---- 7/8⠧ Extracting... ----------------------------------- ---- 7/8⠇ Extracting... ----------------------------------- ---- 7/8⠋ Extracting... ----------------------------------- ---- 7/8⠙ Extracting... ----------------------------------- ---- 7/8⠹ Extracting... ----------------------------------- ---- 7/8⠼ Extracting... ----------------------------------- ---- 7/8⠴ Extracting... ----------------------------------- ---- 7/8⠧ Extracting... ----------------------------------- ---- 7/8⠇ Extracting... ----------------------------------- ---- 7/8⠏ Extracting... ----------------------------------- ---- 7/8⠙ Extracting... ----------------------------------- ---- 7/8⠹ Extracting... ----------------------------------- ---- 7/8⠼ Extracting... ----------------------------------- ---- 7/8⠴ Extracting... ----------------------------------- ---- 7/8⠦ Extracting... ----------------------------------- ---- 7/8⠇ Extracting... ----------------------------------- ---- 7/8⠏ Extracting... ----------------------------------- ---- 7/8⠋ Extracting... ----------------------------------- ---- 7/8⠹ Extracting... ----------------------------------- ---- 7/8⠸ Extracting... ----------------------------------- ---- 7/8⠴ Extracting... ----------------------------------- ---- 7/8⠦ Extracting... ----------------------------------- ---- 7/8⠧ Extracting... ----------------------------------- ---- 7/8⠏ Extracting... ----------------------------------- ---- 7/8⠋ Extracting... ----------------------------------- ---- 7/8⠹ Extracting... ----------------------------------- ---- 7/8⠸ Extracting... ----------------------------------- ---- 7/8⠼ Extracting... ----------------------------------- ---- 7/8⠦ Extracting... ----------------------------------- ---- 7/8⠧ Extracting... ----------------------------------- ---- 7/8⠇ Extracting... ----------------------------------- ---- 7/8⠋ Extracting... ----------------------------------- ---- 7/8⠙ Extracting... ----------------------------------- ---- 7/8⠸ Extracting... ----------------------------------- ---- 7/8⠼ Extracting... ----------------------------------- ---- 7/8⠴ Extracting... ----------------------------------- ---- 7/8⠧ Extracting... ----------------------------------- ---- 7/8⠇ Extracting... ----------------------------------- ---- 7/8⠏ Extracting... ----------------------------------- ---- 7/8⠙ Extracting... ----------------------------------- ---- 7/8⠹ Extracting... ----------------------------------- ---- 7/8⠼ Extracting... ----------------------------------- ---- 7/8⠴ Extracting... ----------------------------------- ---- 7/8⠦ Extracting... ----------------------------------- ---- 7/8⠇ Extracting... ----------------------------------- ---- 7/8⠏ Extracting... ----------------------------------- ---- 7/8⠋ Extracting... ----------------------------------- ---- 7/8⠹ Extracting... ----------------------------------- ---- 7/8⠸ Extracting... ----------------------------------- ---- 7/8⠴ Extracting... ----------------------------------- ---- 7/8⠦ Extracting... ----------------------------------- ---- 7/8⠧ Extracting... ----------------------------------- ---- 7/8⠏ Extracting... ----------------------------------- ---- 7/8⠋ Extracting... ----------------------------------- ---- 7/8⠹ Extracting... ----------------------------------- ---- 7/8⠸ Extracting... ----------------------------------- ---- 7/8⠼ Extracting... ----------------------------------- ---- 7/8⠦ Extracting... ----------------------------------- ---- 7/8⠧ Extracting... ----------------------------------- ---- 7/8⠏ Extracting... ----------------------------------- ---- 7/8⠋ Extracting... ----------------------------------- ---- 7/8⠙ Extracting... ----------------------------------- ---- 7/8⠸ Extracting... ----------------------------------- ---- 7/8⠼ Extracting... ----------------------------------- ---- 7/8⠦ Extracting... ----------------------------------- ---- 7/8⠧ Extracting... ----------------------------------- ---- 7/8⠇ Extracting... ----------------------------------- ---- 7/8⠋ Extracting... ----------------------------------- ---- 7/8⠙ Extracting... ----------------------------------- ---- 7/8⠹ Extracting... ----------------------------------- ---- 7/8⠼ Extracting... ----------------------------------- ---- 7/8⠴ Extracting... ----------------------------------- ---- 7/8⠧ Extracting... ----------------------------------- ---- 7/8⠇ Extracting... ----------------------------------- ---- 7/8⠏ Extracting... ----------------------------------- ---- 7/8⠙ Extracting... ----------------------------------- ---- 7/8⠹ Extracting... ----------------------------------- ---- 7/8⠼ Extracting... ----------------------------------- ---- 7/8⠴ Extracting... ----------------------------------- ---- 7/8⠦ Extracting... ----------------------------------- ---- 7/8⠇ Extracting... ----------------------------------- ---- 7/8⠏ Extracting... ----------------------------------- ---- 7/8⠋ Extracting... ----------------------------------- ---- 7/8⠹ Extracting... ----------------------------------- ---- 7/8⠸ Extracting... ----------------------------------- ---- 7/8⠴ Extracting... ----------------------------------- ---- 7/8⠦ Extracting... ----------------------------------- ---- 7/8⠧ Extracting... ----------------------------------- ---- 7/8⠏ Extracting... ----------------------------------- ---- 7/8⠋ Extracting... ----------------------------------- ---- 7/8⠙ Extracting... ----------------------------------- ---- 7/8⠸ Extracting... ----------------------------------- ---- 7/8⠼ Extracting... ----------------------------------- ---- 7/8⠦ Extracting... ----------------------------------- ---- 7/8⠧ Extracting... ----------------------------------- ---- 7/8⠇ Extracting... ----------------------------------- ---- 7/8⠋ Extracting... ----------------------------------- ---- 7/8⠙ Extracting... ----------------------------------- ---- 7/8⠸ Extracting... ----------------------------------- ---- 7/8⠼ Extracting... ----------------------------------- ---- 7/8⠴ Extracting... ----------------------------------- ---- 7/8⠧ Extracting... ----------------------------------- ---- 7/8⠇ Extracting... ----------------------------------- ---- 7/8⠏ Extracting... ----------------------------------- ---- 7/8⠙ Extracting... ----------------------------------- ---- 7/8⠹ Extracting... ----------------------------------- ---- 7/8⠼ Extracting... ----------------------------------- ---- 7/8⠴ Extracting... ----------------------------------- ---- 7/8⠦ Extracting... ----------------------------------- ---- 7/8⠇ Extracting... ----------------------------------- ---- 7/8⠏ Extracting... ----------------------------------- ---- 7/8⠙ Extracting... ----------------------------------- ---- 7/8⠹ Extracting... ----------------------------------- ---- 7/8⠸ Extracting... ----------------------------------- ---- 7/8⠴ Extracting... ----------------------------------- ---- 7/8⠦ Extracting... ----------------------------------- ---- 7/8⠧ Extracting... ----------------------------------- ---- 7/8⠏ Extracting... ----------------------------------- ---- 7/8⠋ Extracting... ----------------------------------- ---- 7/8⠹ Extracting... ----------------------------------- ---- 7/8⠸ Extracting... ----------------------------------- ---- 7/8⠼ Extracting... ----------------------------------- ---- 7/8⠦ Extracting... ----------------------------------- ---- 7/8⠧ Extracting... ----------------------------------- ---- 7/8⠏ Extracting... ----------------------------------- ---- 7/8⠋ Extracting... ----------------------------------- ---- 7/8⠙ Extracting... ----------------------------------- ---- 7/8⠸ Extracting... ----------------------------------- ---- 7/8⠼ Extracting... ----------------------------------- ---- 7/8⠴ Extracting... ----------------------------------- ---- 7/8⠧ Extracting... ----------------------------------- ---- 7/8⠇ Extracting... ----------------------------------- ---- 7/8⠋ Extracting... ----------------------------------- ---- 7/8⠙ Extracting... ----------------------------------- ---- 7/8⠹ Extracting... ----------------------------------- ---- 7/8⠼ Extracting... ----------------------------------- ---- 7/8⠴ Extracting... ----------------------------------- ---- 7/8⠧ Extracting... ----------------------------------- ---- 7/8⠇ Extracting... ----------------------------------- ---- 7/8⠏ Extracting... ----------------------------------- ---- 7/8⠙ Extracting... ----------------------------------- ---- 7/8⠹ Extracting... ----------------------------------- ---- 7/8⠸ Extracting... ----------------------------------- ---- 7/8⠴ Extracting... ----------------------------------- ---- 7/8⠦ Extracting... ----------------------------------- ---- 7/8⠇ Extracting... ----------------------------------- ---- 7/8⠏ Extracting... ----------------------------------- ---- 7/8⠋ Extracting... ----------------------------------- ---- 7/8⠹ Extracting... ----------------------------------- ---- 7/8⠸ Extracting... ----------------------------------- ---- 7/8⠼ Extracting... ----------------------------------- ---- 7/8⠦ Extracting... ----------------------------------- ---- 7/8⠧ Extracting... ----------------------------------- ---- 7/8⠏ Extracting... ----------------------------------- ---- 7/8⠋ Extracting... ----------------------------------- ---- 7/8⠙ Extracting... ----------------------------------- ---- 7/8⠸ Extracting... ----------------------------------- ---- 7/8⠼ Extracting... ----------------------------------- ---- 7/8⠦ Extracting... ----------------------------------- ---- 7/8⠧ Extracting... ----------------------------------- ---- 7/8⠇ Extracting... ----------------------------------- ---- 7/8⠋ Extracting... ----------------------------------- ---- 7/8⠙ Extracting... ----------------------------------- ---- 7/8⠸ Extracting... ----------------------------------- ---- 7/8⠼ Extracting... ----------------------------------- ---- 7/8⠴ Extracting... ----------------------------------- ---- 7/8⠧ Extracting... ----------------------------------- ---- 7/8⠇ Extracting... ----------------------------------- ---- 7/8⠋ Extracting... ----------------------------------- ---- 7/8⠙ Extracting... ----------------------------------- ---- 7/8⠹ Extracting... ----------------------------------- ---- 7/8⠼ Extracting... ----------------------------------- ---- 7/8⠴ Extracting... ----------------------------------- ---- 7/8⠦ Extracting... ----------------------------------- ---- 7/8⠇ Extracting... ----------------------------------- ---- 7/8⠏ Extracting... ----------------------------------- ---- 7/8⠙ Extracting... ----------------------------------- ---- 7/8⠹ Extracting... ----------------------------------- ---- 7/8⠸ Extracting... ----------------------------------- ---- 7/8⠴ Extracting... ----------------------------------- ---- 7/8⠦ Extracting... ----------------------------------- ---- 7/8⠇ Extracting... ----------------------------------- ---- 7/8⠏ Extracting... ----------------------------------- ---- 7/8⠋ Extracting... ----------------------------------- ---- 7/8⠹ Extracting... ----------------------------------- ---- 7/8⠸ Extracting... ----------------------------------- ---- 7/8⠼ Extracting... ----------------------------------- ---- 7/8⠦ Extracting... ----------------------------------- ---- 7/8⠧ Extracting... ----------------------------------- ---- 7/8⠏ Extracting... ----------------------------------- ---- 7/8⠋ Extracting... ----------------------------------- ---- 7/8⠙ Extracting... ----------------------------------- ---- 7/8⠸ Extracting... ----------------------------------- ---- 7/8⠼ Extracting... ----------------------------------- ---- 7/8⠴ Extracting... ----------------------------------- ---- 7/8⠧ Extracting... ----------------------------------- ---- 7/8⠇ Extracting... ----------------------------------- ---- 7/8⠋ Extracting... ----------------------------------- ---- 7/8⠙ Extracting... ----------------------------------- ---- 7/8⠹ Extracting... ----------------------------------- ---- 7/8⠼ Extracting... ----------------------------------- ---- 7/8⠴ Extracting... ----------------------------------- ---- 7/8⠦ Extracting... ----------------------------------- ---- 7/8⠇ Extracting... ----------------------------------- ---- 7/8⠏ Extracting... ----------------------------------- ---- 7/8⠙ Extracting... ----------------------------------- ---- 7/8⠹ Extracting... ----------------------------------- ---- 7/8⠸ Extracting... ----------------------------------- ---- 7/8⠴ Extracting... ----------------------------------- ---- 7/8⠦ Extracting... ----------------------------------- ---- 7/8⠇ Extracting... ----------------------------------- ---- 7/8⠏ Extracting... ----------------------------------- ---- 7/8⠋ Extracting... ----------------------------------- ---- 7/8⠹ Extracting... ----------------------------------- ---- 7/8⠸ Extracting... ----------------------------------- ---- 7/8⠼ Extracting... ----------------------------------- ---- 7/8⠦ Extracting... ----------------------------------- ---- 7/8⠧ Extracting... ----------------------------------- ---- 7/8⠏ Extracting... ----------------------------------- ---- 7/8⠋ Extracting... ----------------------------------- ---- 7/8⠙ Extracting... ----------------------------------- ---- 7/8⠸ Extracting... ----------------------------------- ---- 7/8⠼ Extracting... ----------------------------------- ---- 7/8⠦ Extracting... ----------------------------------- ---- 7/8⠧ Extracting... ----------------------------------- ---- 7/8⠇ Extracting... ----------------------------------- ---- 7/8⠋ Extracting... ----------------------------------- ---- 7/8⠙ Extracting... ----------------------------------- ---- 7/8⠹ Extracting... ----------------------------------- ---- 7/8⠼ Extracting... ----------------------------------- ---- 7/8⠴ Extracting... ----------------------------------- ---- 7/8⠧ Extracting... ----------------------------------- ---- 7/8⠇ Extracting... ----------------------------------- ---- 7/8⠏ Extracting... ----------------------------------- ---- 7/8⠙ Extracting... ----------------------------------- ---- 7/8⠹ Extracting... ----------------------------------- ---- 7/8⠸ Extracting... ----------------------------------- ---- 7/8⠴ Extracting... ----------------------------------- ---- 7/8⠦ Extracting... ----------------------------------- ---- 7/8⠇ Extracting... ----------------------------------- ---- 7/8⠏ Extracting... ----------------------------------- ---- 7/8⠋ Extracting... ----------------------------------- ---- 7/8⠹ Extracting... ----------------------------------- ---- 7/8⠸ Extracting... ----------------------------------- ---- 7/8⠴ Extracting... ----------------------------------- ---- 7/8⠦ Extracting... ----------------------------------- ---- 7/8⠧ Extracting... ----------------------------------- ---- 7/8⠏ Extracting... ----------------------------------- ---- 7/8⠋ Extracting... ----------------------------------- ---- 7/8⠙ Extracting... ----------------------------------- ---- 7/8⠸ Extracting... ----------------------------------- ---- 7/8⠼ Extracting... ----------------------------------- ---- 7/8⠴ Extracting... ----------------------------------- ---- 7/8⠧ Extracting... ----------------------------------- ---- 7/8⠇ Extracting... ----------------------------------- ---- 7/8⠋ Extracting... ----------------------------------- ---- 7/8⠙ Extracting... ----------------------------------- ---- 7/8⠹ Extracting... ----------------------------------- ---- 7/8⠼ Extracting... ----------------------------------- ---- 7/8⠴ Extracting... ----------------------------------- ---- 7/8⠦ Extracting... ----------------------------------- ---- 7/8⠇ Extracting... ----------------------------------- ---- 7/8⠏ Extracting... ----------------------------------- ---- 7/8⠙ Extracting... ----------------------------------- ---- 7/8⠹ Extracting... ----------------------------------- ---- 7/8⠸ Extracting... ----------------------------------- ---- 7/8⠴ Extracting... ----------------------------------- ---- 7/8⠦ Extracting... ----------------------------------- ---- 7/8⠇ Extracting... ----------------------------------- ---- 7/8⠏ Extracting... ----------------------------------- ---- 7/8⠋ Extracting... ----------------------------------- ---- 7/8⠹ Extracting... ----------------------------------- ---- 7/8⠸ Extracting... ----------------------------------- ---- 7/8⠼ Extracting... ----------------------------------- ---- 7/8⠦ Extracting... ----------------------------------- ---- 7/8⠧ Extracting... ----------------------------------- ---- 7/8⠏ Extracting... ----------------------------------- ---- 7/8⠋ Extracting... ----------------------------------- ---- 7/8⠙ Extracting... ----------------------------------- ---- 7/8⠸ Extracting... ----------------------------------- ---- 7/8⠼ Extracting... ----------------------------------- ---- 7/8⠴ Extracting... ----------------------------------- ---- 7/8⠧ Extracting... ----------------------------------- ---- 7/8⠇ Extracting... ----------------------------------- ---- 7/8⠋ Extracting... ----------------------------------- ---- 7/8⠙ Extracting... ----------------------------------- ---- 7/8⠹ Extracting... ----------------------------------- ---- 7/8⠼ Extracting... ----------------------------------- ---- 7/8⠴ Extracting... ----------------------------------- ---- 7/8⠦ Extracting... ----------------------------------- ---- 7/8⠇ Extracting... ----------------------------------- ---- 7/8⠏ Extracting... ----------------------------------- ---- 7/8⠙ Extracting... ----------------------------------- ---- 7/8⠹ Extracting... ----------------------------------- ---- 7/8⠸ Extracting... ----------------------------------- ---- 7/8⠴ Extracting... ----------------------------------- ---- 7/8⠦ Extracting... ----------------------------------- ---- 7/8⠇ Extracting... ----------------------------------- ---- 7/8⠏ Extracting... ----------------------------------- ---- 7/8⠋ Extracting... ----------------------------------- ---- 7/8⠹ Extracting... ----------------------------------- ---- 7/8⠸ Extracting... ----------------------------------- ---- 7/8⠴ Extracting... ----------------------------------- ---- 7/8⠦ Extracting... ----------------------------------- ---- 7/8⠧ Extracting... ----------------------------------- ---- 7/8⠏ Extracting... ----------------------------------- ---- 7/8⠋ Extracting... ----------------------------------- ---- 7/8⠙ Extracting... ----------------------------------- ---- 7/8⠸ Extracting... ----------------------------------- ---- 7/8⠼ Extracting... ----------------------------------- ---- 7/8⠦ Extracting... ----------------------------------- ---- 7/8⠧ Extracting... ----------------------------------- ---- 7/8⠇ Extracting... ----------------------------------- ---- 7/8⠋ Extracting... ----------------------------------- ---- 7/8⠙ Extracting... ----------------------------------- ---- 7/8⠸ Extracting... ----------------------------------- ---- 7/8⠼ Extracting... ----------------------------------- ---- 7/8⠴ Extracting... ----------------------------------- ---- 7/8⠧ Extracting... ----------------------------------- ---- 7/8⠇ Extracting... ----------------------------------- ---- 7/8⠏ Extracting... ----------------------------------- ---- 7/8⠙ Extracting... ----------------------------------- ---- 7/8⠹ Extracting... ----------------------------------- ---- 7/8⠼ Extracting... ----------------------------------- ---- 7/8⠴ Extracting... ----------------------------------- ---- 7/8⠦ Extracting... ----------------------------------- ---- 7/8⠇ Extracting... ----------------------------------- ---- 7/8⠏ Extracting... ----------------------------------- ---- 7/8⠙ Extracting... ----------------------------------- ---- 7/8⠹ Extracting... ----------------------------------- ---- 7/8⠸ Extracting... ----------------------------------- ---- 7/8⠴ Extracting... ----------------------------------- ---- 7/8⠦ Extracting... ----------------------------------- ---- 7/8⠇ Extracting... ----------------------------------- ---- 7/8⠏ Extracting... ----------------------------------- ---- 7/8⠋ Extracting... ----------------------------------- ---- 7/8⠹ Extracting... ----------------------------------- ---- 7/8⠸ Extracting... ----------------------------------- ---- 7/8⠼ Extracting... ----------------------------------- ---- 7/8⠦ Extracting... ----------------------------------- ---- 7/8⠧ Extracting... ----------------------------------- ---- 7/8⠏ Extracting... ----------------------------------- ---- 7/8⠋ Extracting... ----------------------------------- ---- 7/8⠙ Extracting... ----------------------------------- ---- 7/8⠸ Extracting... ----------------------------------- ---- 7/8⠼ Extracting... ----------------------------------- ---- 7/8⠦ Extracting... ----------------------------------- ---- 7/8⠧ Extracting... ----------------------------------- ---- 7/8⠇ Extracting... ----------------------------------- ---- 7/8⠋ Extracting... ----------------------------------- ---- 7/8⠙ Extracting... ----------------------------------- ---- 7/8⠹ Extracting... ----------------------------------- ---- 7/8⠼ Extracting... ----------------------------------- ---- 7/8⠴ Extracting... ----------------------------------- ---- 7/8⠧ Extracting... ----------------------------------- ---- 7/8⠇ Extracting... ----------------------------------- ---- 7/8⠏ Extracting... ----------------------------------- ---- 7/8⠙ Extracting... ----------------------------------- ---- 7/8⠹ Extracting... ----------------------------------- ---- 7/8⠼ Extracting... ----------------------------------- ---- 7/8⠴ Extracting... ----------------------------------- ---- 7/8⠦ Extracting... ----------------------------------- ---- 7/8⠇ Extracting... ----------------------------------- ---- 7/8⠏ Extracting... ----------------------------------- ---- 7/8⠋ Extracting... ----------------------------------- ---- 7/8⠹ Extracting... ----------------------------------- ---- 7/8⠸ Extracting... ----------------------------------- ---- 7/8⠴ Extracting... ----------------------------------- ---- 7/8⠦ Extracting... ----------------------------------- ---- 7/8⠧ Extracting... ----------------------------------- ---- 7/8⠏ Extracting... ----------------------------------- ---- 7/8⠋ Extracting... ----------------------------------- ---- 7/8⠙ Extracting... ----------------------------------- ---- 7/8⠸ Extracting... ----------------------------------- ---- 7/8⠼ Extracting... ----------------------------------- ---- 7/8⠦ Extracting... ----------------------------------- ---- 7/8⠧ Extracting... ----------------------------------- ---- 7/8⠇ Extracting... ----------------------------------- ---- 7/8⠋ Extracting... ----------------------------------- ---- 7/8⠙ Extracting... ----------------------------------- ---- 7/8⠸ Extracting... ----------------------------------- ---- 7/8⠼ Extracting... ----------------------------------- ---- 7/8⠴ Extracting... ----------------------------------- ---- 7/8⠧ Extracting... ----------------------------------- ---- 7/8⠇ Extracting... ----------------------------------- ---- 7/8⠏ Extracting... ----------------------------------- ---- 7/8⠙ Extracting... ----------------------------------- ---- 7/8⠹ Extracting... ----------------------------------- ---- 7/8⠼ Extracting... ----------------------------------- ---- 7/8⠴ Extracting... ----------------------------------- ---- 7/8⠦ Extracting... ----------------------------------- ---- 7/8⠇ Extracting... ----------------------------------- ---- 7/8⠏ Extracting... ----------------------------------- ---- 7/8⠙ Extracting... ----------------------------------- ---- 7/8⠹ Extracting... ----------------------------------- ---- 7/8⠸ Extracting... ----------------------------------- ---- 7/8⠴ Extracting... ----------------------------------- ---- 7/8⠦ Extracting... ----------------------------------- ---- 7/8⠧ Extracting... ----------------------------------- ---- 7/8⠏ Extracting... ----------------------------------- ---- 7/8⠋ Extracting... ----------------------------------- ---- 7/8⠹ Extracting... ----------------------------------- ---- 7/8⠸ Extracting... ----------------------------------- ---- 7/8⠼ Extracting... ----------------------------------- ---- 7/8⠦ Extracting... ----------------------------------- ---- 7/8⠧ Extracting... ----------------------------------- ---- 7/8⠏ Extracting... ----------------------------------- ---- 7/8⠋ Extracting... ----------------------------------- ---- 7/8⠙ Extracting... ----------------------------------- ---- 7/8⠸ Extracting... ----------------------------------- ---- 7/8⠼ Extracting... ----------------------------------- ---- 7/8⠦ Extracting... ----------------------------------- ---- 7/8⠧ Extracting... ----------------------------------- ---- 7/8⠇ Extracting... ----------------------------------- ---- 7/8⠋ Extracting... ----------------------------------- ---- 7/8⠙ Extracting... ----------------------------------- ---- 7/8⠹ Extracting... ----------------------------------- ---- 7/8⠼ Extracting... ----------------------------------- ---- 7/8⠴ Extracting... ----------------------------------- ---- 7/8⠧ Extracting... ----------------------------------- ---- 7/8⠇ Extracting... ----------------------------------- ---- 7/8⠏ Extracting... ----------------------------------- ---- 7/8⠙ Extracting... ----------------------------------- ---- 7/8⠹ Extracting... ----------------------------------- ---- 7/8⠼ Extracting... ----------------------------------- ---- 7/8⠴ Extracting... ----------------------------------- ---- 7/8⠦ Extracting... ----------------------------------- ---- 7/8⠇ Extracting... ----------------------------------- ---- 7/8⠏ Extracting... ----------------------------------- ---- 7/8⠋ Extracting... ----------------------------------- ---- 7/8⠹ Extracting... ----------------------------------- ---- 7/8⠸ Extracting... ----------------------------------- ---- 7/8⠴ Extracting... ----------------------------------- ---- 7/8⠦ Extracting... ----------------------------------- ---- 7/8⠧ Extracting... ----------------------------------- ---- 7/8⠏ Extracting... ----------------------------------- ---- 7/8⠋ Extracting... ----------------------------------- ---- 7/8⠙ Extracting... ----------------------------------- ---- 7/8⠸ Extracting... ----------------------------------- ---- 7/8⠼ Extracting... ----------------------------------- ---- 7/8⠦ Extracting... ----------------------------------- ---- 7/8⠧ Extracting... ----------------------------------- ---- 7/8⠇ Extracting... ----------------------------------- ---- 7/8⠋ Extracting... ----------------------------------- ---- 7/8⠙ Extracting... ----------------------------------- ---- 7/8⠹ Extracting... ----------------------------------- ---- 7/8⠼ Extracting... ----------------------------------- ---- 7/8⠴ Extracting... ----------------------------------- ---- 7/8⠧ Extracting... ----------------------------------- ---- 7/8⠇ Extracting... ----------------------------------- ---- 7/8⠏ Extracting... ----------------------------------- ---- 7/8⠙ Extracting... ----------------------------------- ---- 7/8⠹ Extracting... ----------------------------------- ---- 7/8⠼ Extracting... ----------------------------------- ---- 7/8⠴ Extracting... ----------------------------------- ---- 7/8⠦ Extracting... ----------------------------------- ---- 7/8⠇ Extracting... ----------------------------------- ---- 7/8⠏ Extracting... ----------------------------------- ---- 7/8⠋ Extracting... ----------------------------------- ---- 7/8⠹ Extracting... ----------------------------------- ---- 7/8⠸ Extracting... ----------------------------------- ---- 7/8⠴ Extracting... ----------------------------------- ---- 7/8⠦ Extracting... ----------------------------------- ---- 7/8⠧ Extracting... ----------------------------------- ---- 7/8⠏ Extracting... ----------------------------------- ---- 7/8⠋ Extracting... ----------------------------------- ---- 7/8⠹ Extracting... ----------------------------------- ---- 7/8⠸ Extracting... ----------------------------------- ---- 7/8⠼ Extracting... ----------------------------------- ---- 7/8⠦ Extracting... ----------------------------------- ---- 7/8⠧ Extracting... ----------------------------------- ---- 7/8⠇ Extracting... ----------------------------------- ---- 7/8⠋ Extracting... ----------------------------------- ---- 7/8⠙ Extracting... ----------------------------------- ---- 7/8⠸ Extracting... ----------------------------------- ---- 7/8⠼ Extracting... ----------------------------------- ---- 7/8⠴ Extracting... ----------------------------------- ---- 7/8⠧ Extracting... ----------------------------------- ---- 7/8⠇ Extracting... ----------------------------------- ---- 7/8⠋ Extracting... ----------------------------------- ---- 7/8⠙ Extracting... ----------------------------------- ---- 7/8⠹ Extracting... ----------------------------------- ---- 7/8⠼ Extracting... ----------------------------------- ---- 7/8⠴ Extracting... ----------------------------------- ---- 7/8⠦ Extracting... ----------------------------------- ---- 7/8⠇ Extracting... ----------------------------------- ---- 7/8⠏ Extracting... ----------------------------------- ---- 7/8⠙ Extracting... ----------------------------------- ---- 7/8⠹ Extracting... ----------------------------------- ---- 7/8⠸ Extracting... ----------------------------------- ---- 7/8⠴ Extracting... ----------------------------------- ---- 7/8⠦ Extracting... ----------------------------------- ---- 7/8⠧ Extracting... ----------------------------------- ---- 7/8⠏ Extracting... ----------------------------------- ---- 7/8⠋ Extracting... ----------------------------------- ---- 7/8⠹ Extracting... ----------------------------------- ---- 7/8⠸ Extracting... ----------------------------------- ---- 7/8⠼ Extracting... ----------------------------------- ---- 7/8⠦ Extracting... ----------------------------------- ---- 7/8⠧ Extracting... ----------------------------------- ---- 7/8⠇ Extracting... ----------------------------------- ---- 7/8⠋ Extracting... ----------------------------------- ---- 7/8⠙ Extracting... ----------------------------------- ---- 7/8⠸ Extracting... ----------------------------------- ---- 7/8⠼ Extracting... ----------------------------------- ---- 7/8⠴ Extracting... ----------------------------------- ---- 7/8⠧ Extracting... ----------------------------------- ---- 7/8⠇ Extracting... ----------------------------------- ---- 7/8⠋ Extracting... ----------------------------------- ---- 7/8⠙ Extracting... ----------------------------------- ---- 7/8⠹ Extracting... ----------------------------------- ---- 7/8⠼ Extracting... ----------------------------------- ---- 7/8⠴ Extracting... ----------------------------------- ---- 7/8⠦ Extracting... ----------------------------------- ---- 7/8⠇ Extracting... ----------------------------------- ---- 7/8⠏ Extracting... ----------------------------------- ---- 7/8⠙ Extracting... ----------------------------------- ---- 7/8⠹ Extracting... ----------------------------------- ---- 7/8⠸ Extracting... ----------------------------------- ---- 7/8⠴ Extracting... ----------------------------------- ---- 7/8⠧ Extracting... ----------------------------------- ---- 7/8⠇ Extracting... ----------------------------------- ---- 7/8⠏ Extracting... ----------------------------------- ---- 7/8⠙ Extracting... ----------------------------------- ---- 7/8⠹ Extracting... ----------------------------------- ---- 7/8⠸ Extracting... ----------------------------------- ---- 7/8⠴ Extracting... ----------------------------------- ---- 7/8⠦ Extracting... ----------------------------------- ---- 7/8⠇ Extracting... ----------------------------------- ---- 7/8⠏ Extracting... ----------------------------------- ---- 7/8⠋ Extracting... ----------------------------------- ---- 7/8⠹ Extracting... ----------------------------------- ---- 7/8⠸ Extracting... ----------------------------------- ---- 7/8⠼ Extracting... ----------------------------------- ---- 7/8⠦ Extracting... ----------------------------------- ---- 7/8⠧ Extracting... ----------------------------------- ---- 7/8⠏ Extracting... ----------------------------------- ---- 7/8⠋ Extracting... ----------------------------------- ---- 7/8⠙ Extracting... ----------------------------------- ---- 7/8⠸ Extracting... ----------------------------------- ---- 7/8⠼ Extracting... ----------------------------------- ---- 7/8⠦ Extracting... ----------------------------------- ---- 7/8⠧ Extracting... ----------------------------------- ---- 7/8⠇ Extracting... ----------------------------------- ---- 7/8⠋ Extracting... ----------------------------------- ---- 7/8⠙ Extracting... ----------------------------------- ---- 7/8⠹ Extracting... ----------------------------------- ---- 7/8⠼ Extracting... ----------------------------------- ---- 7/8⠴ Extracting... ----------------------------------- ---- 7/8⠧ Extracting... ----------------------------------- ---- 7/8⠇ Extracting... ----------------------------------- ---- 7/8⠏ Extracting... ----------------------------------- ---- 7/8⠙ Extracting... ----------------------------------- ---- 7/8⠹ Extracting... ----------------------------------- ---- 7/8⠸ Extracting... ----------------------------------- ---- 7/8⠴ Extracting... ----------------------------------- ---- 7/8⠦ Extracting... ----------------------------------- ---- 7/8⠇ Extracting... ----------------------------------- ---- 7/8⠏ Extracting... ----------------------------------- ---- 7/8⠋ Extracting... ----------------------------------- ---- 7/8⠹ Extracting... ----------------------------------- ---- 7/8⠸ Extracting... ----------------------------------- ---- 7/8⠴ Extracting... ----------------------------------- ---- 7/8⠦ Extracting... ----------------------------------- ---- 7/8⠧ Extracting... ----------------------------------- ---- 7/8⠏ Extracting... ----------------------------------- ---- 7/8⠋ Extracting... ----------------------------------- ---- 7/8⠹ Extracting... ----------------------------------- ---- 7/8⠸ Extracting... ----------------------------------- ---- 7/8⠼ Extracting... ----------------------------------- ---- 7/8⠦ Extracting... ----------------------------------- ---- 7/8⠧ Extracting... ----------------------------------- ---- 7/8⠇ Extracting... ----------------------------------- ---- 7/8⠋ Extracting... ----------------------------------- ---- 7/8⠙ Extracting... ----------------------------------- ---- 7/8⠸ Extracting... ----------------------------------- ---- 7/8⠼ Extracting... ----------------------------------- ---- 7/8⠴ Extracting... ----------------------------------- ---- 7/8⠧ Extracting... ----------------------------------- ---- 7/8⠇ Extracting... ----------------------------------- ---- 7/8⠋ Extracting... ----------------------------------- ---- 7/8⠙ Extracting... ----------------------------------- ---- 7/8⠹ Extracting... ----------------------------------- ---- 7/8⠼ Extracting... ----------------------------------- ---- 7/8⠴ Extracting... ----------------------------------- ---- 7/8⠦ Extracting... ----------------------------------- ---- 7/8⠇ Extracting... ----------------------------------- ---- 7/8⠏ Extracting... ----------------------------------- ---- 7/8⠙ Extracting... ----------------------------------- ---- 7/8⠹ Extracting... ----------------------------------- ---- 7/8⠸ Extracting... ----------------------------------- ---- 7/8⠴ Extracting... ----------------------------------- ---- 7/8⠦ Extracting... ----------------------------------- ---- 7/8⠧ Extracting... ----------------------------------- ---- 7/8⠏ Extracting... ----------------------------------- ---- 7/8⠋ Extracting... ----------------------------------- ---- 7/8⠹ Extracting... ----------------------------------- ---- 7/8⠸ Extracting... ----------------------------------- ---- 7/8⠼ Extracting... ----------------------------------- ---- 7/8⠦ Extracting... ----------------------------------- ---- 7/8⠧ Extracting... ----------------------------------- ---- 7/8⠏ Extracting... ----------------------------------- ---- 7/8⠋ Extracting... ----------------------------------- ---- 7/8⠙ Extracting... ----------------------------------- ---- 7/8⠸ Extracting... ----------------------------------- ---- 7/8⠼ Extracting... ----------------------------------- ---- 7/8⠴ Extracting... ----------------------------------- ---- 7/8⠧ Extracting... ----------------------------------- ---- 7/8⠇ Extracting... ----------------------------------- ---- 7/8⠋ Extracting... ----------------------------------- ---- 7/8⠙ Extracting... ----------------------------------- ---- 7/8⠹ Extracting... ----------------------------------- ---- 7/8⠼ Extracting... ----------------------------------- ---- 7/8⠴ Extracting... ----------------------------------- ---- 7/8⠦ Extracting... ----------------------------------- ---- 7/8⠇ Extracting... ----------------------------------- ---- 7/8⠏ Extracting... ----------------------------------- ---- 7/8⠙ Extracting... ----------------------------------- ---- 7/8⠹ Extracting... ----------------------------------- ---- 7/8⠸ Extracting... ----------------------------------- ---- 7/8⠴ Extracting... ----------------------------------- ---- 7/8⠦ Extracting... ----------------------------------- ---- 7/8⠇ Extracting... ----------------------------------- ---- 7/8⠏ Extracting... ----------------------------------- ---- 7/8⠋ Extracting... ----------------------------------- ---- 7/8⠹ Extracting... ----------------------------------- ---- 7/8⠸ Extracting... ----------------------------------- ---- 7/8⠴ Extracting... ----------------------------------- ---- 7/8⠦ Extracting... ----------------------------------- ---- 7/8⠧ Extracting... ----------------------------------- ---- 7/8⠏ Extracting... ----------------------------------- ---- 7/8⠋ Extracting... ----------------------------------- ---- 7/8⠙ Extracting... ----------------------------------- ---- 7/8⠸ Extracting... ----------------------------------- ---- 7/8⠼ Extracting... ----------------------------------- ---- 7/8⠦ Extracting... ----------------------------------- ---- 7/8⠧ Extracting... ----------------------------------- ---- 7/8⠇ Extracting... ----------------------------------- ---- 7/8⠋ Extracting... ----------------------------------- ---- 7/8⠙ Extracting... ----------------------------------- ---- 7/8⠸ Extracting... ----------------------------------- ---- 7/8⠼ Extracting... ----------------------------------- ---- 7/8⠴ Extracting... ----------------------------------- ---- 7/8⠧ Extracting... ----------------------------------- ---- 7/8⠇ Extracting... ----------------------------------- ---- 7/8⠋ Extracting... ----------------------------------- ---- 7/8⠙ Extracting... ----------------------------------- ---- 7/8⠹ Extracting... ----------------------------------- ---- 7/8⠼ Extracting... ----------------------------------- ---- 7/8⠴ Extracting... ----------------------------------- ---- 7/8⠦ Extracting... ----------------------------------- ---- 7/8⠇ Extracting... ----------------------------------- ---- 7/8⠏ Extracting... ----------------------------------- ---- 7/8⠙ Extracting... ----------------------------------- ---- 7/8⠹ Extracting... ----------------------------------- ---- 7/8⠸ Extracting... ----------------------------------- ---- 7/8⠴ Extracting... ----------------------------------- ---- 7/8⠦ Extracting... ----------------------------------- ---- 7/8⠇ Extracting... ----------------------------------- ---- 7/8⠏ Extracting... ----------------------------------- ---- 7/8⠋ Extracting... ----------------------------------- ---- 7/8⠹ Extracting... ----------------------------------- ---- 7/8⠸ Extracting... ----------------------------------- ---- 7/8⠴ Extracting... ----------------------------------- ---- 7/8⠦ Extracting... ----------------------------------- ---- 7/8⠧ Extracting... ----------------------------------- ---- 7/8⠏ Extracting... ----------------------------------- ---- 7/8⠋ Extracting... ----------------------------------- ---- 7/8⠙ Extracting... ----------------------------------- ---- 7/8⠸ Extracting... ----------------------------------- ---- 7/8⠼ Extracting... ----------------------------------- ---- 7/8⠦ Extracting... ----------------------------------- ---- 7/8⠧ Extracting... ----------------------------------- ---- 7/8⠇ Extracting... ----------------------------------- ---- 7/8⠋ Extracting... ----------------------------------- ---- 7/8⠙ Extracting... ----------------------------------- ---- 7/8⠸ Extracting... ----------------------------------- ---- 7/8⠼ Extracting... ----------------------------------- ---- 7/8⠴ Extracting... ----------------------------------- ---- 7/8⠧ Extracting... ----------------------------------- ---- 7/8⠇ Extracting... ----------------------------------- ---- 7/8⠋ Extracting... ----------------------------------- ---- 7/8⠙ Extracting... ----------------------------------- ---- 7/8⠹ Extracting... ----------------------------------- ---- 7/8⠼ Extracting... ----------------------------------- ---- 7/8⠴ Extracting... ----------------------------------- ---- 7/8⠦ Extracting... ----------------------------------- ---- 7/8⠇ Extracting... ----------------------------------- ---- 7/8⠏ Extracting... ----------------------------------- ---- 7/8⠙ Extracting... ----------------------------------- ---- 7/8⠹ Extracting... ----------------------------------- ---- 7/8⠸ Extracting... ----------------------------------- ---- 7/8⠴ Extracting... ----------------------------------- ---- 7/8⠦ Extracting... ----------------------------------- ---- 7/8⠧ Extracting... ----------------------------------- ---- 7/8⠏ Extracting... ----------------------------------- ---- 7/8⠋ Extracting... ----------------------------------- ---- 7/8⠹ Extracting... ----------------------------------- ---- 7/8⠸ Extracting... ----------------------------------- ---- 7/8⠼ Extracting... ----------------------------------- ---- 7/8⠦ Extracting... ----------------------------------- ---- 7/8⠧ Extracting... ----------------------------------- ---- 7/8⠏ Extracting... ----------------------------------- ---- 7/8⠋ Extracting... ----------------------------------- ---- 7/8⠙ Extracting... ----------------------------------- ---- 7/8⠸ Extracting... ----------------------------------- ---- 7/8⠼ Extracting... ----------------------------------- ---- 7/8⠦ Extracting... ----------------------------------- ---- 7/8⠧ Extracting... ----------------------------------- ---- 7/8⠇ Extracting... ----------------------------------- ---- 7/8⠋ Extracting... ----------------------------------- ---- 7/8⠙ Extracting... ----------------------------------- ---- 7/8⠸ Extracting... ----------------------------------- ---- 7/8⠼ Extracting... ----------------------------------- ---- 7/8⠴ Extracting... ----------------------------------- ---- 7/8⠧ Extracting... ----------------------------------- ---- 7/8⠇ Extracting... ----------------------------------- ---- 7/8⠏ Extracting... ----------------------------------- ---- 7/8⠙ Extracting... ----------------------------------- ---- 7/8⠹ Extracting... ----------------------------------- ---- 7/8⠼ Extracting... ----------------------------------- ---- 7/8⠴ Extracting... ----------------------------------- ---- 7/8⠦ Extracting... ----------------------------------- ---- 7/8⠇ Extracting... ----------------------------------- ---- 7/8⠏ Extracting... ----------------------------------- ---- 7/8⠋ Extracting... ----------------------------------- ---- 7/8⠹ Extracting... ----------------------------------- ---- 7/8⠸ Extracting... ----------------------------------- ---- 7/8⠴ Extracting... ----------------------------------- ---- 7/8⠦ Extracting... ----------------------------------- ---- 7/8⠧ Extracting... ----------------------------------- ---- 7/8⠏ Extracting... ----------------------------------- ---- 7/8⠋ Extracting... ----------------------------------- ---- 7/8⠹ Extracting... ----------------------------------- ---- 7/8⠸ Extracting... ----------------------------------- ---- 7/8⠼ Extracting... ----------------------------------- ---- 7/8⠦ Extracting... ----------------------------------- ---- 7/8⠧ Extracting... ----------------------------------- ---- 7/8⠇ Extracting... ----------------------------------- ---- 7/8⠋ Extracting... ----------------------------------- ---- 7/8⠙ Extracting... ----------------------------------- ---- 7/8⠸ Extracting... ----------------------------------- ---- 7/8⠼ Extracting... ----------------------------------- ---- 7/8⠴ Extracting... ----------------------------------- ---- 7/8⠧ Extracting... ----------------------------------- ---- 7/8⠇ Extracting... ----------------------------------- ---- 7/8⠏ Extracting... ----------------------------------- ---- 7/8⠙ Extracting... ----------------------------------- ---- 7/8⠹ Extracting... ----------------------------------- ---- 7/8⠼ Extracting... ----------------------------------- ---- 7/8⠴ Extracting... ----------------------------------- ---- 7/8⠦ Extracting... ----------------------------------- ---- 7/8⠇ Extracting... ----------------------------------- ---- 7/8⠏ Extracting... ----------------------------------- ---- 7/8⠙ Extracting... ----------------------------------- ---- 7/8⠹ Extracting... ----------------------------------- ---- 7/8⠸ Extracting... ----------------------------------- ---- 7/8⠴ Extracting... ----------------------------------- ---- 7/8⠦ Extracting... ----------------------------------- ---- 7/8⠧ Extracting... ----------------------------------- ---- 7/8⠏ Extracting... ----------------------------------- ---- 7/8⠋ Extracting... ----------------------------------- ---- 7/8⠹ Extracting... ----------------------------------- ---- 7/8⠸ Extracting... ----------------------------------- ---- 7/8⠼ Extracting... ----------------------------------- ---- 7/8⠦ Extracting... ----------------------------------- ---- 7/8⠧ Extracting... ----------------------------------- ---- 7/8⠇ Extracting... ----------------------------------- ---- 7/8⠋ Extracting... ----------------------------------- ---- 7/8⠙ Extracting... ----------------------------------- ---- 7/8⠸ Extracting... ----------------------------------- ---- 7/8⠼ Extracting... ----------------------------------- ---- 7/8⠴ Extracting... ----------------------------------- ---- 7/8⠧ Extracting... ----------------------------------- ---- 7/8⠇ Extracting... ----------------------------------- ---- 7/8⠋ Extracting... ----------------------------------- ---- 7/8⠙ Extracting... ----------------------------------- ---- 7/8⠹ Extracting... ----------------------------------- ---- 7/8⠼ Extracting... ----------------------------------- ---- 7/8⠴ Extracting... ----------------------------------- ---- 7/8⠧ Extracting... ----------------------------------- ---- 7/8⠇ Extracting... ----------------------------------- ---- 7/8⠏ Extracting... ----------------------------------- ---- 7/8⠙ Extracting... ----------------------------------- ---- 7/8⠹ Extracting... ----------------------------------- ---- 7/8⠸ Extracting... ----------------------------------- ---- 7/8⠴ Extracting... ----------------------------------- ---- 7/8⠦ Extracting... ----------------------------------- ---- 7/8⠇ Extracting... ----------------------------------- ---- 7/8⠏ Extracting... ----------------------------------- ---- 7/8⠋ Extracting... ----------------------------------- ---- 7/8⠹ Extracting... ----------------------------------- ---- 7/8⠸ Extracting... ----------------------------------- ---- 7/8⠼ Extracting... ----------------------------------- ---- 7/8⠦ Extracting... ----------------------------------- ---- 7/8⠧ Extracting... ----------------------------------- ---- 7/8⠏ Extracting... ----------------------------------- ---- 7/8⠋ Extracting... ----------------------------------- ---- 7/8⠙ Extracting... ----------------------------------- ---- 7/8⠸ Extracting... ----------------------------------- ---- 7/8⠼ Extracting... ----------------------------------- ---- 7/8⠦ Extracting... ----------------------------------- ---- 7/8⠧ Extracting... ----------------------------------- ---- 7/8⠇ Extracting... ----------------------------------- ---- 7/8⠋ Extracting... ----------------------------------- ---- 7/8⠙ Extracting... ----------------------------------- ---- 7/8⠹ Extracting... ----------------------------------- ---- 7/8⠼ Extracting... ----------------------------------- ---- 7/8⠴ Extracting... ----------------------------------- ---- 7/8⠧ Extracting... ----------------------------------- ---- 7/8⠇ Extracting... ----------------------------------- ---- 7/8⠏ Extracting... ----------------------------------- ---- 7/8⠙ Extracting... ----------------------------------- ---- 7/8⠹ Extracting... ----------------------------------- ---- 7/8⠼ Extracting... ----------------------------------- ---- 7/8⠴ Extracting... ----------------------------------- ---- 7/8⠦ Extracting... ----------------------------------- ---- 7/8⠇ Extracting... ----------------------------------- ---- 7/8⠏ Extracting... ----------------------------------- ---- 7/8⠋ Extracting... ----------------------------------- ---- 7/8⠹ Extracting... ----------------------------------- ---- 7/8⠸ Extracting... ----------------------------------- ---- 7/8⠴ Extracting... ----------------------------------- ---- 7/8⠦ Extracting... ----------------------------------- ---- 7/8⠧ Extracting... ----------------------------------- ---- 7/8⠏ Extracting... ----------------------------------- ---- 7/8⠋ Extracting... ----------------------------------- ---- 7/8⠙ Extracting... ----------------------------------- ---- 7/8⠸ Extracting... ----------------------------------- ---- 7/8⠼ Extracting... ----------------------------------- ---- 7/8⠦ Extracting... ----------------------------------- ---- 7/8⠧ Extracting... ----------------------------------- ---- 7/8⠇ Extracting... ----------------------------------- ---- 7/8⠋ Extracting... ----------------------------------- ---- 7/8⠙ Extracting... ----------------------------------- ---- 7/8⠸ Extracting... ----------------------------------- ---- 7/8⠼ Extracting... ----------------------------------- ---- 7/8⠴ Extracting... ----------------------------------- ---- 7/8⠧ Extracting... ----------------------------------- ---- 7/8⠇ Extracting... ----------------------------------- ---- 7/8⠏ Extracting... ----------------------------------- ---- 7/8⠙ Extracting... ----------------------------------- ---- 7/8⠹ Extracting... ----------------------------------- ---- 7/8⠼ Extracting... ----------------------------------- ---- 7/8⠴ Extracting... ----------------------------------- ---- 7/8⠦ Extracting... ----------------------------------- ---- 7/8⠇ Extracting... ----------------------------------- ---- 7/8⠏ Extracting... ----------------------------------- ---- 7/8⠙ Extracting... ----------------------------------- ---- 7/8⠹ Extracting... ----------------------------------- ---- 7/8⠸ Extracting... ----------------------------------- ---- 7/8⠴ Extracting... ----------------------------------- ---- 7/8⠦ Extracting... ----------------------------------- ---- 7/8⠧ Extracting... ----------------------------------- ---- 7/8⠏ Extracting... ----------------------------------- ---- 7/8⠋ Extracting... ----------------------------------- ---- 7/8⠹ Extracting... ----------------------------------- ---- 7/8⠸ Extracting... ----------------------------------- ---- 7/8⠼ Extracting... ----------------------------------- ---- 7/8⠦ Extracting... ----------------------------------- ---- 7/8⠧ Extracting... ----------------------------------- ---- 7/8⠇ Extracting... ----------------------------------- ---- 7/8⠋ Extracting... ----------------------------------- ---- 7/8⠙ Extracting... ----------------------------------- ---- 7/8⠸ Extracting... ----------------------------------- ---- 7/8⠼ Extracting... ----------------------------------- ---- 7/8⠦ Extracting... ----------------------------------- ---- 7/8⠧ Extracting... ----------------------------------- ---- 7/8⠇ Extracting... ----------------------------------- ---- 7/8⠋ Extracting... ----------------------------------- ---- 7/8⠙ Extracting... ----------------------------------- ---- 7/8⠸ Extracting... ----------------------------------- ---- 7/8⠼ Extracting... ----------------------------------- ---- 7/8⠴ Extracting... ----------------------------------- ---- 7/8⠧ Extracting... ----------------------------------- ---- 7/8⠇ Extracting... ----------------------------------- ---- 7/8⠏ Extracting... ----------------------------------- ---- 7/8⠙ Extracting... ----------------------------------- ---- 7/8⠹ Extracting... ----------------------------------- ---- 7/8⠼ Extracting... ----------------------------------- ---- 7/8⠴ Extracting... ----------------------------------- ---- 7/8⠦ Extracting... ----------------------------------- ---- 7/8⠇ Extracting... ----------------------------------- ---- 7/8⠏ Extracting... ----------------------------------- ---- 7/8⠙ Extracting... ----------------------------------- ---- 7/8⠹ Extracting... ----------------------------------- ---- 7/8⠸ Extracting... ----------------------------------- ---- 7/8⠴ Extracting... ----------------------------------- ---- 7/8⠦ Extracting... ----------------------------------- ---- 7/8⠧ Extracting... ----------------------------------- ---- 7/8⠏ Extracting... ----------------------------------- ---- 7/8⠋ Extracting... ----------------------------------- ---- 7/8⠹ Extracting... ----------------------------------- ---- 7/8⠸ Extracting... ----------------------------------- ---- 7/8⠼ Extracting... ----------------------------------- ---- 7/8⠦ Extracting... ----------------------------------- ---- 7/8⠧ Extracting... ----------------------------------- ---- 7/8⠇ Extracting... ----------------------------------- ---- 7/8⠋ Extracting... ----------------------------------- ---- 7/8⠙ Extracting... ----------------------------------- ---- 7/8⠸ Extracting... ----------------------------------- ---- 7/8⠼ Extracting... ----------------------------------- ---- 7/8⠴ Extracting... ----------------------------------- ---- 7/8⠧ Extracting... ----------------------------------- ---- 7/8⠇ Extracting... ----------------------------------- ---- 7/8⠏ Extracting... ----------------------------------- ---- 7/8⠙ Extracting... ----------------------------------- ---- 7/8⠹ Extracting... ----------------------------------- ---- 7/8⠼ Extracting... ----------------------------------- ---- 7/8⠴ Extracting... ----------------------------------- ---- 7/8⠦ Extracting... ----------------------------------- ---- 7/8⠇ Extracting... ----------------------------------- ---- 7/8⠏ Extracting... ----------------------------------- ---- 7/8⠋ Extracting... ----------------------------------- ---- 7/8⠹ Extracting... ----------------------------------- ---- 7/8⠸ Extracting... ----------------------------------- ---- 7/8⠴ Extracting... ----------------------------------- ---- 7/8⠦ Extracting... ----------------------------------- ---- 7/8⠧ Extracting... ----------------------------------- ---- 7/8⠏ Extracting... ----------------------------------- ---- 7/8⠋ Extracting... ----------------------------------- ---- 7/8⠹ Extracting... ----------------------------------- ---- 7/8⠸ Extracting... ----------------------------------- ---- 7/8⠼ Extracting... ----------------------------------- ---- 7/8⠦ Extracting... ----------------------------------- ---- 7/8⠧ Extracting... ----------------------------------- ---- 7/8⠏ Extracting... ----------------------------------- ---- 7/8⠋ Extracting... ----------------------------------- ---- 7/8⠙ Extracting... ----------------------------------- ---- 7/8⠸ Extracting... ----------------------------------- ---- 7/8⠼ Extracting... ----------------------------------- ---- 7/8⠦ Extracting... ----------------------------------- ---- 7/8⠧ Extracting... ----------------------------------- ---- 7/8⠇ Extracting... ----------------------------------- ---- 7/8⠋ Extracting... ----------------------------------- ---- 7/8⠙ Extracting... ----------------------------------- ---- 7/8⠹ Extracting... ----------------------------------- ---- 7/8⠼ Extracting... ----------------------------------- ---- 7/8⠴ Extracting... ----------------------------------- ---- 7/8⠧ Extracting... ----------------------------------- ---- 7/8⠇ Extracting... ----------------------------------- ---- 7/8⠋ Extracting... ----------------------------------- ---- 7/8⠙ Extracting... ----------------------------------- ---- 7/8⠹ Extracting... ----------------------------------- ---- 7/8⠼ Extracting... ----------------------------------- ---- 7/8⠦ Extracting... ----------------------------------- ---- 7/8⠧ Extracting... ----------------------------------- ---- 7/8⠇ Extracting... ----------------------------------- ---- 7/8⠋ Extracting... ----------------------------------- ---- 7/8⠙ Extracting... ----------------------------------- ---- 7/8⠸ Extracting... ----------------------------------- ---- 7/8⠼ Extracting... ----------------------------------- ---- 7/8⠴ Extracting... ----------------------------------- ---- 7/8⠧ Extracting... ----------------------------------- ---- 7/8⠏ Extracting... ----------------------------------- ---- 7/8⠋ Extracting... ----------------------------------- ---- 7/8⠙ Extracting... ----------------------------------- ---- 7/8⠸ Extracting... ----------------------------------- ---- 7/8⠼ Extracting... ----------------------------------- ---- 7/8⠦ Extracting... ----------------------------------- ---- 7/8⠧ Extracting... ----------------------------------- ---- 7/8⠏ Extracting... ----------------------------------- ---- 7/8⠋ Extracting... ----------------------------------- ---- 7/8⠹ Extracting... ----------------------------------- ---- 7/8⠸ Extracting... ----------------------------------- ---- 7/8⠴ Extracting... ----------------------------------- ---- 7/8⠦ Extracting... ----------------------------------- ---- 7/8⠇ Extracting... ----------------------------------- ---- 7/8⠏ Extracting... ----------------------------------- ---- 7/8⠙ Extracting... ----------------------------------- ---- 7/8⠹ Extracting... ----------------------------------- ---- 7/8⠼ Extracting... ----------------------------------- ---- 7/8⠴ Extracting... ----------------------------------- ---- 7/8⠧ Extracting... ----------------------------------- ---- 7/8⠇ Extracting... ----------------------------------- ---- 7/8⠏ Extracting... ----------------------------------- ---- 7/8⠙ Extracting... ----------------------------------- ---- 7/8⠹ Extracting... ----------------------------------- ---- 7/8⠼ Extracting... ----------------------------------- ---- 7/8⠴ Extracting... ----------------------------------- ---- 7/8⠦ Extracting... ----------------------------------- ---- 7/8⠇ Extracting... ----------------------------------- ---- 7/8⠏ Extracting... ----------------------------------- ---- 7/8⠙ Extracting... ----------------------------------- ---- 7/8⠹ Extracting... ----------------------------------- ---- 7/8⠼ Extracting... ----------------------------------- ---- 7/8⠴ Extracting... ----------------------------------- ---- 7/8⠦ Extracting... ----------------------------------- ---- 7/8⠇ Extracting... ----------------------------------- ---- 7/8⠏ Extracting... ----------------------------------- ---- 7/8⠙ Extracting... ----------------------------------- ---- 7/8⠹ Extracting... ----------------------------------- ---- 7/8⠼ Extracting... ----------------------------------- ---- 7/8⠴ Extracting... ----------------------------------- ---- 7/8⠦ Extracting... ----------------------------------- ---- 7/8⠇ Extracting... ----------------------------------- ---- 7/8⠏ Extracting... ----------------------------------- ---- 7/8⠙ Extracting... ----------------------------------- ---- 7/8⠹ Extracting... ----------------------------------- ---- 7/8⠸ Extracting... ----------------------------------- ---- 7/8⠴ Extracting... ----------------------------------- ---- 7/8⠦ Extracting... ----------------------------------- ---- 7/8⠇ Extracting... ----------------------------------- ---- 7/8⠏ Extracting... ----------------------------------- ---- 7/8⠋ Extracting... ----------------------------------- ---- 7/8⠹ Extracting... ----------------------------------- ---- 7/8⠸ Extracting... ----------------------------------- ---- 7/8⠼ Extracting... ----------------------------------- ---- 7/8⠦ Extracting... ----------------------------------- ---- 7/8⠧ Extracting... ----------------------------------- ---- 7/8⠏ Extracting... ----------------------------------- ---- 7/8⠋ Extracting... ----------------------------------- ---- 7/8⠙ Extracting... ----------------------------------- ---- 7/8⠸ Extracting... ----------------------------------- ---- 7/8⠼ Extracting... ----------------------------------- ---- 7/8⠦ Extracting... ----------------------------------- ---- 7/8⠧ Extracting... ----------------------------------- ---- 7/8⠇ Extracting... ----------------------------------- ---- 7/8⠋ Extracting... ----------------------------------- ---- 7/8⠙ Extracting... ----------------------------------- ---- 7/8⠸ Extracting... ----------------------------------- ---- 7/8⠼ Extracting... ----------------------------------- ---- 7/8⠴ Extracting... ----------------------------------- ---- 7/8⠧ Extracting... ----------------------------------- ---- 7/8⠇ Extracting... ----------------------------------- ---- 7/8⠏ Extracting... ----------------------------------- ---- 7/8⠙ Extracting... ----------------------------------- ---- 7/8⠹ Extracting... ----------------------------------- ---- 7/8⠼ Extracting... ----------------------------------- ---- 7/8⠴ Extracting... ----------------------------------- ---- 7/8⠦ Extracting... ----------------------------------- ---- 7/8⠇ Extracting... ----------------------------------- ---- 7/8⠏ Extracting... ----------------------------------- ---- 7/8⠋ Extracting... ----------------------------------- ---- 7/8⠹ Extracting... ----------------------------------- ---- 7/8⠸ Extracting... ----------------------------------- ---- 7/8⠴ Extracting... ----------------------------------- ---- 7/8⠦ Extracting... ----------------------------------- ---- 7/8⠧ Extracting... ----------------------------------- ---- 7/8⠏ Extracting... ----------------------------------- ---- 7/8⠋ Extracting... ----------------------------------- ---- 7/8⠙ Extracting... ----------------------------------- ---- 7/8⠸ Extracting... ----------------------------------- ---- 7/8⠼ Extracting... ----------------------------------- ---- 7/8⠦ Extracting... ----------------------------------- ---- 7/8⠧ Extracting... ----------------------------------- ---- 7/8⠇ Extracting... ----------------------------------- ---- 7/8⠋ Extracting... ----------------------------------- ---- 7/8⠙ Extracting... ----------------------------------- ---- 7/8⠸ Extracting... ----------------------------------- ---- 7/8⠼ Extracting... ----------------------------------- ---- 7/8⠴ Extracting... ----------------------------------- ---- 7/8⠧ Extracting... ----------------------------------- ---- 7/8⠇ Extracting... ----------------------------------- ---- 7/8⠏ Extracting... ----------------------------------- ---- 7/8⠙ Extracting... ----------------------------------- ---- 7/8⠹ Extracting... ----------------------------------- ---- 7/8⠼ Extracting... ----------------------------------- ---- 7/8⠴ Extracting... ----------------------------------- ---- 7/8⠦ Extracting... ----------------------------------- ---- 7/8⠇ Extracting... ----------------------------------- ---- 7/8⠏ Extracting... ----------------------------------- ---- 7/8⠋ Extracting... ----------------------------------- ---- 7/8⠹ Extracting... ----------------------------------- ---- 7/8⠸ Extracting... ----------------------------------- ---- 7/8⠴ Extracting... ----------------------------------- ---- 7/8⠦ Extracting... ----------------------------------- ---- 7/8⠧ Extracting... ----------------------------------- ---- 7/8⠏ Extracting... ----------------------------------- ---- 7/8⠋ Extracting... ----------------------------------- ---- 7/8⠹ Extracting... ----------------------------------- ---- 7/8⠸ Extracting... ----------------------------------- ---- 7/8⠼ Extracting... ----------------------------------- ---- 7/8⠦ Extracting... ----------------------------------- ---- 7/8⠧ Extracting... ----------------------------------- ---- 7/8⠇ Extracting... ----------------------------------- ---- 7/8⠋ Extracting... ----------------------------------- ---- 7/8⠙ Extracting... ----------------------------------- ---- 7/8⠸ Extracting... ----------------------------------- ---- 7/8⠼ Extracting... ----------------------------------- ---- 7/8⠴ Extracting... ----------------------------------- ---- 7/8⠧ Extracting... ----------------------------------- ---- 7/8⠇ Extracting... ----------------------------------- ---- 7/8⠋ Extracting... ----------------------------------- ---- 7/8⠙ Extracting... ----------------------------------- ---- 7/8⠹ Extracting... ----------------------------------- ---- 7/8⠼ Extracting... ----------------------------------- ---- 7/8⠴ Extracting... ----------------------------------- ---- 7/8⠦ Extracting... ----------------------------------- ---- 7/8⠇ Extracting... ----------------------------------- ---- 7/8⠏ Extracting... ----------------------------------- ---- 7/8⠙ Extracting... ----------------------------------- ---- 7/8⠹ Extracting... ----------------------------------- ---- 7/8⠸ Extracting... ----------------------------------- ---- 7/8⠴ Extracting... ----------------------------------- ---- 7/8⠦ Extracting... ----------------------------------- ---- 7/8⠇ Extracting... ----------------------------------- ---- 7/8⠏ Extracting... ----------------------------------- ---- 7/8⠋ Extracting... ----------------------------------- ---- 7/8⠹ Extracting... ----------------------------------- ---- 7/8⠸ Extracting... ----------------------------------- ---- 7/8⠼ Extracting... ----------------------------------- ---- 7/8⠦ Extracting... ----------------------------------- ---- 7/8⠧ Extracting... ----------------------------------- ---- 7/8⠏ Extracting... ----------------------------------- ---- 7/8⠋ Extracting... ----------------------------------- ---- 7/8⠙ Extracting... ----------------------------------- ---- 7/8⠸ Extracting... ----------------------------------- ---- 7/8⠼ Extracting... ----------------------------------- ---- 7/8⠴ Extracting... ----------------------------------- ---- 7/8⠧ Extracting... ----------------------------------- ---- 7/8⠇ Extracting... ----------------------------------- ---- 7/8⠋ Extracting... ----------------------------------- ---- 7/8⠙ Extracting... ----------------------------------- ---- 7/8⠹ Extracting... ----------------------------------- ---- 7/8⠼ Extracting... ----------------------------------- ---- 7/8⠴ Extracting... ----------------------------------- ---- 7/8⠧ Extracting... ----------------------------------- ---- 7/8⠇ Extracting... ----------------------------------- ---- 7/8⠏ Extracting... ----------------------------------- ---- 7/8⠙ Extracting... ----------------------------------- ---- 7/8⠹ Extracting... ----------------------------------- ---- 7/8⠸ Extracting... ----------------------------------- ---- 7/8⠴ Extracting... ----------------------------------- ---- 7/8⠦ Extracting... ----------------------------------- ---- 7/8⠇ Extracting... ----------------------------------- ---- 7/8⠏ Extracting... ----------------------------------- ---- 7/8⠋ Extracting... ----------------------------------- ---- 7/8⠹ Extracting... ----------------------------------- ---- 7/8⠸ Extracting... ----------------------------------- ---- 7/8⠴ Extracting... ----------------------------------- ---- 7/8⠦ Extracting... ----------------------------------- ---- 7/8⠧ Extracting... ----------------------------------- ---- 7/8⠏ Extracting... ----------------------------------- ---- 7/8⠋ Extracting... ----------------------------------- ---- 7/8⠙ Extracting... ----------------------------------- ---- 7/8⠸ Extracting... ----------------------------------- ---- 7/8⠼ Extracting... ----------------------------------- ---- 7/8⠦ Extracting... ----------------------------------- ---- 7/8⠧ Extracting... ----------------------------------- ---- 7/8⠇ Extracting... ----------------------------------- ---- 7/8⠋ Extracting... ----------------------------------- ---- 7/8⠙ Extracting... ----------------------------------- ---- 7/8⠸ Extracting... ----------------------------------- ---- 7/8⠼ Extracting... ----------------------------------- ---- 7/8⠴ Extracting... ----------------------------------- ---- 7/8⠧ Extracting... ----------------------------------- ---- 7/8⠇ Extracting... ----------------------------------- ---- 7/8⠏ Extracting... ----------------------------------- ---- 7/8⠙ Extracting... ----------------------------------- ---- 7/8⠹ Extracting... ----------------------------------- ---- 7/8⠼ Extracting... ----------------------------------- ---- 7/8⠴ Extracting... ----------------------------------- ---- 7/8⠦ Extracting... ----------------------------------- ---- 7/8⠇ Extracting... ----------------------------------- ---- 7/8⠏ Extracting... ----------------------------------- ---- 7/8⠙ Extracting... ----------------------------------- ---- 7/8⠹ Extracting... ----------------------------------- ---- 7/8⠸ Extracting... ----------------------------------- ---- 7/8⠴ Extracting... ----------------------------------- ---- 7/8⠦ Extracting... ----------------------------------- ---- 7/8⠧ Extracting... ----------------------------------- ---- 7/8⠏ Extracting... ----------------------------------- ---- 7/8⠋ Extracting... ----------------------------------- ---- 7/8⠹ Extracting... ----------------------------------- ---- 7/8⠸ Extracting... ----------------------------------- ---- 7/8⠼ Extracting... ----------------------------------- ---- 7/8⠦ Extracting... ----------------------------------- ---- 7/8⠧ Extracting... ----------------------------------- ---- 7/8⠇ Extracting... ----------------------------------- ---- 7/8⠋ Extracting... ----------------------------------- ---- 7/8⠙ Extracting... ----------------------------------- ---- 7/8⠸ Extracting... ----------------------------------- ---- 7/8⠼ Extracting... ----------------------------------- ---- 7/8⠴ Extracting... ----------------------------------- ---- 7/8⠧ Extracting... ----------------------------------- ---- 7/8⠇ Extracting... ----------------------------------- ---- 7/8⠋ Extracting... ----------------------------------- ---- 7/8⠙ Extracting... ----------------------------------- ---- 7/8⠹ Extracting... ----------------------------------- ---- 7/8⠼ Extracting... ----------------------------------- ---- 7/8⠴ Extracting... ----------------------------------- ---- 7/8⠦ Extracting... ----------------------------------- ---- 7/8⠇ Extracting... ----------------------------------- ---- 7/8⠏ Extracting... ----------------------------------- ---- 7/8⠙ Extracting... ----------------------------------- ---- 7/8⠹ Extracting... ----------------------------------- ---- 7/8⠸ Extracting... ----------------------------------- ---- 7/8⠴ Extracting... ----------------------------------- ---- 7/8⠦ Extracting... ----------------------------------- ---- 7/8⠧ Extracting... ----------------------------------- ---- 7/8⠏ Extracting... ----------------------------------- ---- 7/8⠋ Extracting... ----------------------------------- ---- 7/8⠹ Extracting... ----------------------------------- ---- 7/8⠸ Extracting... ----------------------------------- ---- 7/8⠼ Extracting... ----------------------------------- ---- 7/8⠦ Extracting... ----------------------------------- ---- 7/8⠧ Extracting... ----------------------------------- ---- 7/8⠏ Extracting... ----------------------------------- ---- 7/8⠋ Extracting... ----------------------------------- ---- 7/8⠙ Extracting... ----------------------------------- ---- 7/8⠸ Extracting... ----------------------------------- ---- 7/8⠼ Extracting... ----------------------------------- ---- 7/8⠴ Extracting... ----------------------------------- ---- 7/8⠧ Extracting... ----------------------------------- ---- 7/8⠇ Extracting... ----------------------------------- ---- 7/8⠋ Extracting... ----------------------------------- ---- 7/8⠙ Extracting... ----------------------------------- ---- 7/8⠸ Extracting... ----------------------------------- ---- 7/8⠼ Extracting... ----------------------------------- ---- 7/8⠴ Extracting... ----------------------------------- ---- 7/8⠧ Extracting... ----------------------------------- ---- 7/8⠇ Extracting... ----------------------------------- ---- 7/8⠏ Extracting... ----------------------------------- ---- 7/8⠙ Extracting... ----------------------------------- ---- 7/8⠹ Extracting... ----------------------------------- ---- 7/8⠼ Extracting... ----------------------------------- ---- 7/8⠴ Extracting... ----------------------------------- ---- 7/8⠦ Extracting... ----------------------------------- ---- 7/8⠇ Extracting... ----------------------------------- ---- 7/8⠏ Extracting... ----------------------------------- ---- 7/8⠙ Extracting... ----------------------------------- ---- 7/8⠹ Extracting... ----------------------------------- ---- 7/8⠸ Extracting... ----------------------------------- ---- 7/8⠴ Extracting... ----------------------------------- ---- 7/8⠦ Extracting... ----------------------------------- ---- 7/8⠇ Extracting... ----------------------------------- ---- 7/8⠏ Extracting... ----------------------------------- ---- 7/8⠋ Extracting... ----------------------------------- ---- 7/8⠹ Extracting... ----------------------------------- ---- 7/8⠸ Extracting... ----------------------------------- ---- 7/8⠴ Extracting... ----------------------------------- ---- 7/8⠦ Extracting... ----------------------------------- ---- 7/8⠧ Extracting... ----------------------------------- ---- 7/8⠏ Extracting... ----------------------------------- ---- 7/8⠋ Extracting... ----------------------------------- ---- 7/8⠙ Extracting... ----------------------------------- ---- 7/8⠸ Extracting... ----------------------------------- ---- 7/8⠼ Extracting... ----------------------------------- ---- 7/8⠦ Extracting... ----------------------------------- ---- 7/8⠧ Extracting... ----------------------------------- ---- 7/8⠇ Extracting... ----------------------------------- ---- 7/8⠋ Extracting... ----------------------------------- ---- 7/8⠙ Extracting... ----------------------------------- ---- 7/8⠸ Extracting... ----------------------------------- ---- 7/8⠼ Extracting... ----------------------------------- ---- 7/8⠴ Extracting... ----------------------------------- ---- 7/8⠧ Extracting... ----------------------------------- ---- 7/8⠇ Extracting... ----------------------------------- ---- 7/8⠏ Extracting... ----------------------------------- ---- 7/8⠙ Extracting... ----------------------------------- ---- 7/8⠹ Extracting... ----------------------------------- ---- 7/8⠸ Extracting... ----------------------------------- ---- 7/8⠴ Extracting... ----------------------------------- ---- 7/8⠦ Extracting... ----------------------------------- ---- 7/8⠇ Extracting... ----------------------------------- ---- 7/8⠏ Extracting... ----------------------------------- ---- 7/8⠋ Extracting... ----------------------------------- ---- 7/8⠹ Extracting... ----------------------------------- ---- 7/8⠸ Extracting... ----------------------------------- ---- 7/8⠼ Extracting... ----------------------------------- ---- 7/8⠦ Extracting... ----------------------------------- ---- 7/8⠧ Extracting... ----------------------------------- ---- 7/8⠏ Extracting... ----------------------------------- ---- 7/8⠋ Extracting... ----------------------------------- ---- 7/8⠙ Extracting... ----------------------------------- ---- 7/8⠸ Extracting... ----------------------------------- ---- 7/8⠴ Extracting... ----------------------------------- ---- 7/8⠦ Extracting... ----------------------------------- ---- 7/8⠧ Extracting... ----------------------------------- ---- 7/8⠏ Extracting... ----------------------------------- ---- 7/8⠋ Extracting... ----------------------------------- ---- 7/8⠙ Extracting... ----------------------------------- ---- 7/8⠸ Extracting... ----------------------------------- ---- 7/8⠼ Extracting... ----------------------------------- ---- 7/8⠦ Extracting... ----------------------------------- ---- 7/8⠧ Extracting... ----------------------------------- ---- 7/8⠏ Extracting... ----------------------------------- ---- 7/8⠋ Extracting... ----------------------------------- ---- 7/8⠙ Extracting... ----------------------------------- ---- 7/8⠸ Extracting... ----------------------------------- ---- 7/8⠼ Extracting... ----------------------------------- ---- 7/8⠴ Extracting... ----------------------------------- ---- 7/8⠧ Extracting... ----------------------------------- ---- 7/8⠇ Extracting... ----------------------------------- ---- 7/8⠋ Extracting... ----------------------------------- ---- 7/8⠙ Extracting... ----------------------------------- ---- 7/8⠹ Extracting... ----------------------------------- ---- 7/8⠼ Extracting... ----------------------------------- ---- 7/8⠴ Extracting... ----------------------------------- ---- 7/8⠧ Extracting... ----------------------------------- ---- 7/8⠇ Extracting... ----------------------------------- ---- 7/8⠏ Extracting... ----------------------------------- ---- 7/8⠙ Extracting... ----------------------------------- ---- 7/8⠹ Extracting... ----------------------------------- ---- 7/8⠸ Extracting... ----------------------------------- ---- 7/8⠴ Extracting... ----------------------------------- ---- 7/8⠦ Extracting... ----------------------------------- ---- 7/8⠇ Extracting... ----------------------------------- ---- 7/8⠏ Extracting... ----------------------------------- ---- 7/8⠋ Extracting... ----------------------------------- ---- 7/8⠹ Extracting... ----------------------------------- ---- 7/8⠸ Extracting... ----------------------------------- ---- 7/8⠴ Extracting... ----------------------------------- ---- 7/8⠦ Extracting... ----------------------------------- ---- 7/8⠧ Extracting... ----------------------------------- ---- 7/8⠏ Extracting... ----------------------------------- ---- 7/8⠋ Extracting... ----------------------------------- ---- 7/8⠙ Extracting... ----------------------------------- ---- 7/8⠸ Extracting... ----------------------------------- ---- 7/8⠼ Extracting... ----------------------------------- ---- 7/8⠦ Extracting... ----------------------------------- ---- 7/8⠧ Extracting... ----------------------------------- ---- 7/8⠇ Extracting... ----------------------------------- ---- 7/8⠋ Extracting... ----------------------------------- ---- 7/8⠙ Extracting... ----------------------------------- ---- 7/8⠹ Extracting... ----------------------------------- ---- 7/8⠼ Extracting... ----------------------------------- ---- 7/8⠴ Extracting... ----------------------------------- ---- 7/8⠧ Extracting... ----------------------------------- ---- 7/8⠇ Extracting... ----------------------------------- ---- 7/8⠏ Extracting... ----------------------------------- ---- 7/8⠙ Extracting... ----------------------------------- ---- 7/8⠹ Extracting... ----------------------------------- ---- 7/8⠼ Extracting... ----------------------------------- ---- 7/8⠴ Extracting... ----------------------------------- ---- 7/8⠦ Extracting... ----------------------------------- ---- 7/8⠇ Extracting... ----------------------------------- ---- 7/8⠏ Extracting... ----------------------------------- ---- 7/8⠋ Extracting... ----------------------------------- ---- 7/8⠹ Extracting... ----------------------------------- ---- 7/8⠸ Extracting... ----------------------------------- ---- 7/8⠴ Extracting... ----------------------------------- ---- 7/8⠦ Extracting... ----------------------------------- ---- 7/8⠧ Extracting... ----------------------------------- ---- 7/8⠏ Extracting... ----------------------------------- ---- 7/8⠋ Extracting... ----------------------------------- ---- 7/8⠹ Extracting... ----------------------------------- ---- 7/8⠸ Extracting... ----------------------------------- ---- 7/8⠼ Extracting... ----------------------------------- ---- 7/8⠦ Extracting... ----------------------------------- ---- 7/8⠧ Extracting... ----------------------------------- ---- 7/8⠇ Extracting... ----------------------------------- ---- 7/8⠋ Extracting... ----------------------------------- ---- 7/8⠙ Extracting... ----------------------------------- ---- 7/8⠸ Extracting... ----------------------------------- ---- 7/8⠼ Extracting... ----------------------------------- ---- 7/8⠴ Extracting... ----------------------------------- ---- 7/8⠧ Extracting... ----------------------------------- ---- 7/8⠇ Extracting... ----------------------------------- ---- 7/8⠋ Extracting... ----------------------------------- ---- 7/8⠙ Extracting... ----------------------------------- ---- 7/8⠹ Extracting... ----------------------------------- ---- 7/8⠼ Extracting... ----------------------------------- ---- 7/8⠴ Extracting... ----------------------------------- ---- 7/8⠧ Extracting... ----------------------------------- ---- 7/8⠏ Extracting... ----------------------------------- ---- 7/8⠋ Extracting... ----------------------------------- ---- 7/8⠙ Extracting... ----------------------------------- ---- 7/8⠸ Extracting... ----------------------------------- ---- 7/8⠼ Extracting... ----------------------------------- ---- 7/8⠴ Extracting... ----------------------------------- ---- 7/8⠧ Extracting... ----------------------------------- ---- 7/8⠇ Extracting... ----------------------------------- ---- 7/8⠋ Extracting... ----------------------------------- ---- 7/8⠙ Extracting... ----------------------------------- ---- 7/8⠹ Extracting... ----------------------------------- ---- 7/8⠼ Extracting... ----------------------------------- ---- 7/8⠴ Extracting... ----------------------------------- ---- 7/8⠧ Extracting... ----------------------------------- ---- 7/8⠇ Extracting... ----------------------------------- ---- 7/8⠏ Extracting... ----------------------------------- ---- 7/8⠙ Extracting... ----------------------------------- ---- 7/8⠹ Extracting... ----------------------------------- ---- 7/8⠸ Extracting... ----------------------------------- ---- 7/8⠴ Extracting... ----------------------------------- ---- 7/8⠦ Extracting... ----------------------------------- ---- 7/8⠇ Extracting... ----------------------------------- ---- 7/8⠏ Extracting... ----------------------------------- ---- 7/8⠋ Extracting... ----------------------------------- ---- 7/8⠹ Extracting... ----------------------------------- ---- 7/8⠸ Extracting... ----------------------------------- ---- 7/8⠼ Extracting... ----------------------------------- ---- 7/8⠦ Extracting... ----------------------------------- ---- 7/8⠧ Extracting... ----------------------------------- ---- 7/8⠇ Extracting... ----------------------------------- ---- 7/8⠋ Extracting... ----------------------------------- ---- 7/8⠙ Extracting... ----------------------------------- ---- 7/8⠸ Extracting... ----------------------------------- ---- 7/8⠼ Extracting... ----------------------------------- ---- 7/8⠴ Extracting... ----------------------------------- ---- 7/8⠧ Extracting... ----------------------------------- ---- 7/8⠇ Extracting... ----------------------------------- ---- 7/8⠏ Extracting... ----------------------------------- ---- 7/8⠙ Extracting... ----------------------------------- ---- 7/8⠹ Extracting... ----------------------------------- ---- 7/8⠸ Extracting... ----------------------------------- ---- 7/8⠴ Extracting... ----------------------------------- ---- 7/8⠦ Extracting... ----------------------------------- ---- 7/8⠧ Extracting... ----------------------------------- ---- 7/8⠏ Extracting... ----------------------------------- ---- 7/8⠋ Extracting... ----------------------------------- ---- 7/8⠹ Extracting... ----------------------------------- ---- 7/8⠸ Extracting... ----------------------------------- ---- 7/8⠼ Extracting... ----------------------------------- ---- 7/8⠦ Extracting... ----------------------------------- ---- 7/8⠧ Extracting... ----------------------------------- ---- 7/8⠇ Extracting... ----------------------------------- ---- 7/8⠋ Extracting... ----------------------------------- ---- 7/8⠙ Extracting... ----------------------------------- ---- 7/8⠸ Extracting... ----------------------------------- ---- 7/8⠼ Extracting... ----------------------------------- ---- 7/8⠴ Extracting... ----------------------------------- ---- 7/8⠧ Extracting... ----------------------------------- ---- 7/8⠇ Extracting... ----------------------------------- ---- 7/8⠏ Extracting... ----------------------------------- ---- 7/8⠙ Extracting... ----------------------------------- ---- 7/8⠹ Extracting... ----------------------------------- ---- 7/8⠸ Extracting... ----------------------------------- ---- 7/8⠴ Extracting... ----------------------------------- ---- 7/8⠦ Extracting... ----------------------------------- ---- 7/8⠧ Extracting... ----------------------------------- ---- 7/8⠏ Extracting... ----------------------------------- ---- 7/8⠋ Extracting... ----------------------------------- ---- 7/8⠙ Extracting... ----------------------------------- ---- 7/8⠸ Extracting... ----------------------------------- ---- 7/8⠼ Extracting... ----------------------------------- ---- 7/8⠦ Extracting... ----------------------------------- ---- 7/8⠧ Extracting... ----------------------------------- ---- 7/8⠇ Extracting... ----------------------------------- ---- 7/8⠋ Extracting... ----------------------------------- ---- 7/8⠙ Extracting... ----------------------------------- ---- 7/8⠹ Extracting... ----------------------------------- ---- 7/8⠼ Extracting... ----------------------------------- ---- 7/8⠴ Extracting... ----------------------------------- ---- 7/8⠧ Extracting... ----------------------------------- ---- 7/8⠇ Extracting... ----------------------------------- ---- 7/8⠏ Extracting... ----------------------------------- ---- 7/8⠙ Extracting... ----------------------------------- ---- 7/8⠹ Extracting... ----------------------------------- ---- 7/8⠼ Extracting... ----------------------------------- ---- 7/8⠴ Extracting... ----------------------------------- ---- 7/8⠧ Extracting... ----------------------------------- ---- 7/8⠇ Extracting... ----------------------------------- ---- 7/8⠋ Extracting... ----------------------------------- ---- 7/8⠹ Extracting... ----------------------------------- ---- 7/8⠸ Extracting... ----------------------------------- ---- 7/8⠧ Extracting... ----------------------------------- ---- 7/8⠏ Extracting... ----------------------------------- ---- 7/8⠙ Extracting... ----------------------------------- ---- 7/8⠸ Extracting... ----------------------------------- ---- 7/8⠦ Extracting... ----------------------------------- ---- 7/8⠇ Extracting... ----------------------------------- ---- 7/8⠋ Extracting... ----------------------------------- ---- 7/8⠙ Extracting... ----------------------------------- ---- 7/8⠸ Extracting... ----------------------------------- ---- 7/8⠴ Extracting... ----------------------------------- ---- 7/8⠦ Extracting... ----------------------------------- ---- 7/8⠇ Extracting... ----------------------------------- ---- 7/8⠏ Extracting... ----------------------------------- ---- 7/8⠋ Extracting... ----------------------------------- ---- 7/8⠹ Extracting... ----------------------------------- ---- 7/8⠸ Extracting... ----------------------------------- ---- 7/8⠴ Extracting... ----------------------------------- ---- 7/8⠦ Extracting... ----------------------------------- ---- 7/8⠇ Extracting... ----------------------------------- ---- 7/8⠏ Extracting... ----------------------------------- ---- 7/8⠙ Extracting... ----------------------------------- ---- 7/8⠸ Extracting... ----------------------------------- ---- 7/8⠴ Extracting... ----------------------------------- ---- 7/8⠦ Extracting... ----------------------------------- ---- 7/8⠇ Extracting... ----------------------------------- ---- 7/8⠏ Extracting... ----------------------------------- ---- 7/8⠙ Extracting... ----------------------------------- ---- 7/8⠹ Extracting... ----------------------------------- ---- 7/8⠼ Extracting... ----------------------------------- ---- 7/8⠦ Extracting... ----------------------------------- ---- 7/8⠧ Extracting... ----------------------------------- ---- 7/8⠏ Extracting... ----------------------------------- ---- 7/8⠋ Extracting... ----------------------------------- ---- 7/8⠹ Extracting... ----------------------------------- ---- 7/8⠸ Extracting... ----------------------------------- ---- 7/8⠴ Extracting... ----------------------------------- ---- 7/8⠦ Extracting... ----------------------------------- ---- 7/8⠇ Extracting... ----------------------------------- ---- 7/8⠙ Extracting... ----------------------------------- ---- 7/8⠸ Extracting... ----------------------------------- ---- 7/8⠼ Extracting... ----------------------------------- ---- 7/8⠦ Extracting... ----------------------------------- ---- 7/8⠧ Extracting... ----------------------------------- ---- 7/8⠏ Extracting... ----------------------------------- ---- 7/8⠋ Extracting... ----------------------------------- ---- 7/8⠹ Extracting... ----------------------------------- ---- 7/8⠸ Extracting... ----------------------------------- ---- 7/8⠴ Extracting... ----------------------------------- ---- 7/8⠦ Extracting... ----------------------------------- ---- 7/8⠇ Extracting... ----------------------------------- ---- 7/8⠏ Extracting... ----------------------------------- ---- 7/8⠋ Extracting... ----------------------------------- ---- 7/8⠹ Extracting... ----------------------------------- ---- 7/8⠸ Extracting... ----------------------------------- ---- 7/8⠴ Extracting... ----------------------------------- ---- 7/8⠦ Extracting... ----------------------------------- ---- 7/8⠧ Extracting... ----------------------------------- ---- 7/8⠏ Extracting... ----------------------------------- ---- 7/8⠙ Extracting... ----------------------------------- ---- 7/8⠹ Extracting... ----------------------------------- ---- 7/8⠼ Extracting... ----------------------------------- ---- 7/8⠴ Extracting... ----------------------------------- ---- 7/8⠧ Extracting... ----------------------------------- ---- 7/8⠇ Extracting... ----------------------------------- ---- 7/8⠏ Extracting... ----------------------------------- ---- 7/8⠙ Extracting... ----------------------------------- ---- 7/8⠹ Extracting... ----------------------------------- ---- 7/8⠼ Extracting... ----------------------------------- ---- 7/8⠴ Extracting... ----------------------------------- ---- 7/8⠧ Extracting... ----------------------------------- ---- 7/8⠇ Extracting... ----------------------------------- ---- 7/8⠏ Extracting... ----------------------------------- ---- 7/8⠙ Extracting... ----------------------------------- ---- 7/8⠸ Extracting... ----------------------------------- ---- 7/8⠴ Extracting... ----------------------------------- ---- 7/8⠦ Extracting... ----------------------------------- ---- 7/8⠇ Extracting... ----------------------------------- ---- 7/8⠏ Extracting... ----------------------------------- ---- 7/8⠙ Extracting... ----------------------------------- ---- 7/8⠸ Extracting... ----------------------------------- ---- 7/8⠼ Extracting... ----------------------------------- ---- 7/8⠴ Extracting... ----------------------------------- ---- 7/8⠧ Extracting... ----------------------------------- ---- 7/8⠇ Extracting... ----------------------------------- ---- 7/8⠋ Extracting... ----------------------------------- ---- 7/8⠙ Extracting... ----------------------------------- ---- 7/8⠹ Extracting... ----------------------------------- ---- 7/8⠼ Extracting... ----------------------------------- ---- 7/8⠴ Extracting... ----------------------------------- ---- 7/8⠧ Extracting... ----------------------------------- ---- 7/8⠇ Extracting... ----------------------------------- ---- 7/8⠋ Extracting... ----------------------------------- ---- 7/8⠙ Extracting... ----------------------------------- ---- 7/8⠹ Extracting... ----------------------------------- ---- 7/8⠼ Extracting... ----------------------------------- ---- 7/8⠴ Extracting... ----------------------------------- ---- 7/8⠧ Extracting... ----------------------------------- ---- 7/8⠇ Extracting... ----------------------------------- ---- 7/8⠋ Extracting... ----------------------------------- ---- 7/8⠙ Extracting... ----------------------------------- ---- 7/8⠸ Extracting... ----------------------------------- ---- 7/8⠼ Extracting... ----------------------------------- ---- 7/8⠴ Extracting... ----------------------------------- ---- 7/8⠧ Extracting... ----------------------------------- ---- 7/8⠇ Extracting... ----------------------------------- ---- 7/8⠋ Extracting... ----------------------------------- ---- 7/8⠙ Extracting... ----------------------------------- ---- 7/8⠸ Extracting... ----------------------------------- ---- 7/8⠼ Extracting... ----------------------------------- ---- 7/8⠦ Extracting... ----------------------------------- ---- 7/8⠧ Extracting... ----------------------------------- ---- 7/8⠇ Extracting... ----------------------------------- ---- 7/8⠋ Extracting... ----------------------------------- ---- 7/8⠙ Extracting... ----------------------------------- ---- 7/8⠸ Extracting... ----------------------------------- ---- 7/8⠼ Extracting... ----------------------------------- ---- 7/8⠦ Extracting... ----------------------------------- ---- 7/8⠧ Extracting... ----------------------------------- ---- 7/8⠏ Extracting... ----------------------------------- ---- 7/8⠋ Extracting... ----------------------------------- ---- 7/8⠹ Extracting... ----------------------------------- ---- 7/8⠸ Extracting... ----------------------------------- ---- 7/8⠼ Extracting... ----------------------------------- ---- 7/8⠦ Extracting... ----------------------------------- ---- 7/8⠧ Extracting... ----------------------------------- ---- 7/8⠏ Extracting... ----------------------------------- ---- 7/8⠋ Extracting... ----------------------------------- ---- 7/8⠹ Extracting... ----------------------------------- ---- 7/8⠸ Extracting... ----------------------------------- ---- 7/8⠼ Extracting... ----------------------------------- ---- 7/8⠦ Extracting... ----------------------------------- ---- 7/8⠧ Extracting... ----------------------------------- ---- 7/8⠇ Extracting... ----------------------------------- ---- 7/8⠋ Extracting... ----------------------------------- ---- 7/8⠙ Extracting... ----------------------------------- ---- 7/8⠸ Extracting... ----------------------------------- ---- 7/8⠼ Extracting... ----------------------------------- ---- 7/8⠴ Extracting... ----------------------------------- ---- 7/8⠧ Extracting... ----------------------------------- ---- 7/8⠇ Extracting... ----------------------------------- ---- 7/8⠏ Extracting... ----------------------------------- ---- 7/8⠙ Extracting... ----------------------------------- ---- 7/8⠹ Extracting... ----------------------------------- ---- 7/8⠼ Extracting... ----------------------------------- ---- 7/8⠴ Extracting... ----------------------------------- ---- 7/8⠧ Extracting... ----------------------------------- ---- 7/8⠇ Extracting... ----------------------------------- ---- 7/8⠏ Extracting... ----------------------------------- ---- 7/8⠙ Extracting... ----------------------------------- ---- 7/8⠹ Extracting... ----------------------------------- ---- 7/8⠸ Extracting... ----------------------------------- ---- 7/8⠴ Extracting... ----------------------------------- ---- 7/8⠦ Extracting... ----------------------------------- ---- 7/8⠇ Extracting... ----------------------------------- ---- 7/8⠏ Extracting... ----------------------------------- ---- 7/8⠋ Extracting... ----------------------------------- ---- 7/8⠹ Extracting... ----------------------------------- ---- 7/8⠸ Extracting... ----------------------------------- ---- 7/8⠴ Extracting... ----------------------------------- ---- 7/8⠦ Extracting... ----------------------------------- ---- 7/8⠧ Extracting... ----------------------------------- ---- 7/8⠏ Extracting... ----------------------------------- ---- 7/8⠋ Extracting... ----------------------------------- ---- 7/8⠹ Extracting... ----------------------------------- ---- 7/8⠸ Extracting... ----------------------------------- ---- 7/8⠼ Extracting... ----------------------------------- ---- 7/8⠦ Extracting... ----------------------------------- ---- 7/8⠧ Extracting... ----------------------------------- ---- 7/8⠇ Extracting... ----------------------------------- ---- 7/8⠋ Extracting... ----------------------------------- ---- 7/8⠙ Extracting... ----------------------------------- ---- 7/8⠸ Extracting... ----------------------------------- ---- 7/8⠼ Extracting... ----------------------------------- ---- 7/8⠦ Extracting... ----------------------------------- ---- 7/8⠧ Extracting... ----------------------------------- ---- 7/8⠇ Extracting... ----------------------------------- ---- 7/8⠋ Extracting... ----------------------------------- ---- 7/8⠙ Extracting... ----------------------------------- ---- 7/8⠹ Extracting... ----------------------------------- ---- 7/8⠼ Extracting... ----------------------------------- ---- 7/8⠴ Extracting... ----------------------------------- ---- 7/8⠧ Extracting... ----------------------------------- ---- 7/8⠇ Extracting... ----------------------------------- ---- 7/8⠏ Extracting... ----------------------------------- ---- 7/8⠙ Extracting... ----------------------------------- ---- 7/8⠹ Extracting... ----------------------------------- ---- 7/8⠼ Extracting... ----------------------------------- ---- 7/8⠴ Extracting... ----------------------------------- ---- 7/8⠦ Extracting... ----------------------------------- ---- 7/8⠇ Extracting... ----------------------------------- ---- 7/8⠏ Extracting... ----------------------------------- ---- 7/8⠙ Extracting... ----------------------------------- ---- 7/8⠹ Extracting... ----------------------------------- ---- 7/8⠸ Extracting... ----------------------------------- ---- 7/8⠴ Extracting... ----------------------------------- ---- 7/8⠦ Extracting... ----------------------------------- ---- 7/8⠇ Extracting... ----------------------------------- ---- 7/8⠏ Extracting... ----------------------------------- ---- 7/8⠋ Extracting... ----------------------------------- ---- 7/8⠹ Extracting... ----------------------------------- ---- 7/8⠸ Extracting... ----------------------------------- ---- 7/8⠼ Extracting... ----------------------------------- ---- 7/8[09/09/26 23:16:18] INFO     HTTP Request: POST                 _client.py:1025
                             http://localhost:11434/api/generat                
                             e "HTTP/1.1 200 OK"                               
⠼ Extracting... ----------------------------------- ---- 7/8                    INFO     JSON repair: recovered truncated  extractor.py:502
                             output                                            
⠼ Extracting... ----------------------------------- ---- 7/8⠦ Extracting... ----------------------------------- ---- 7/8                    WARNING  Validation failed for CDU         validator.py:290
                             operating manual_chunk_0007: 19                   
                             errors, 0 warnings                                
⠦ Extracting... ----------------------------------- ---- 7/8                    INFO     Inserted from CDU operating           graph.py:176
                             manual_chunk_0007: 0 entities, 0                  
                             claims, 0 relationships                           
⠦ Extracting... ----------------------------------- ---- 7/8  Extracting... ---------------------------------------- 8/8  Extracting... ---------------------------------------- 8/8
                    INFO     Ontology saved: 2 domains, ontology_manager.py:117
                             1 relationship types                              

Extraction Summary
  Total chunks processed: 8
  Successful:             5
  Empty (no content):     3
  Retry succeeded:        0
  JSON parse failed:      0
  Other errors:           0
  Skipped (checkpoint):   0

  Graph insertions:
    Entities:      20
    Claims:        0
    Relationships: 0
    Insert errors: 0
  Partial extraction run: extraction phase left open for resume

Phase 9: Generating report...
                    INFO     Report generated:                  reporter.py:167
                             C:\Users\mally\Documents\Mallyajit                
                             Codes\Refinery\data\reports\CDU                   
                             operating manual\report.md                        
                    INFO     Checkpoint: CDU operating manual  checkpoint.py:90
                             phase reporting complete                          
                    INFO     Checkpoint: CDU operating manual  checkpoint.py:90
                             phase complete complete                           
  [OK] Report: C:\Users\mally\Documents\Mallyajit 
Codes\Refinery\data\reports\CDU operating manual\report.md
                    INFO     Neo4j connection closed               memory.py:51

[DONE] CDU operating manual.pdf completed in 1683.0s
  Entities: 20, Relations: 0, Claims: 0

Pipeline complete.
